-- Generated by Craft v2.6.2991 on Nov 9, 2017, 7:34:30 PM.

--
-- Disable foreign key checks and autocommit.
--

SET FOREIGN_KEY_CHECKS = 0;
SET SQL_MODE = "NO_AUTO_VALUE_ON_ZERO";
SET AUTOCOMMIT = 0;
SET NAMES utf8;


DROP TABLE IF EXISTS `craft_amnav_navs`;


--
-- Schema for table `craft_amnav_navs`
--
CREATE TABLE `craft_amnav_navs` (
  `id` int(11) NOT NULL AUTO_INCREMENT,
  `name` varchar(255) COLLATE utf8_unicode_ci NOT NULL,
  `handle` varchar(255) COLLATE utf8_unicode_ci NOT NULL,
  `settings` text COLLATE utf8_unicode_ci,
  `dateCreated` datetime NOT NULL,
  `dateUpdated` datetime NOT NULL,
  `uid` char(36) COLLATE utf8_unicode_ci NOT NULL DEFAULT '0',
  PRIMARY KEY (`id`),
  UNIQUE KEY `craft_amnav_navs_handle_unq_idx` (`handle`)
) ENGINE=InnoDB AUTO_INCREMENT=2 DEFAULT CHARSET=utf8 COLLATE=utf8_unicode_ci;

--
-- Data for table `craft_amnav_navs`
--

INSERT INTO `craft_amnav_navs` (`id`, `name`, `handle`, `settings`, `dateCreated`, `dateUpdated`, `uid`) VALUES
 ('1', 'Main Menu', 'mainMenu', '{\"entrySources\":\"*\",\"maxLevels\":\"\",\"canMoveFromLevel\":\"\",\"canDeleteFromLevel\":\"\"}', '2017-02-27 16:28:02', '2017-02-27 16:28:02', 'ae19d7c2-11df-4c66-ba93-7d6563144399');



DROP TABLE IF EXISTS `craft_amnav_nodes`;


--
-- Schema for table `craft_amnav_nodes`
--
CREATE TABLE `craft_amnav_nodes` (
  `id` int(11) NOT NULL AUTO_INCREMENT,
  `navId` int(10) NOT NULL,
  `parentId` int(10) DEFAULT NULL,
  `order` int(10) DEFAULT '0',
  `name` varchar(255) COLLATE utf8_unicode_ci NOT NULL,
  `url` varchar(255) COLLATE utf8_unicode_ci DEFAULT NULL,
  `listClass` varchar(255) COLLATE utf8_unicode_ci DEFAULT NULL,
  `blank` tinyint(1) unsigned NOT NULL DEFAULT '0',
  `enabled` tinyint(1) unsigned NOT NULL DEFAULT '1',
  `elementId` int(10) DEFAULT NULL,
  `elementType` varchar(255) COLLATE utf8_unicode_ci DEFAULT NULL,
  `locale` char(12) COLLATE utf8_unicode_ci DEFAULT NULL,
  `dateCreated` datetime NOT NULL,
  `dateUpdated` datetime NOT NULL,
  `uid` char(36) COLLATE utf8_unicode_ci NOT NULL DEFAULT '0',
  PRIMARY KEY (`id`),
  KEY `craft_amnav_nodes_elementId_elementType_locale_idx` (`elementId`,`elementType`,`locale`)
) ENGINE=InnoDB AUTO_INCREMENT=8 DEFAULT CHARSET=utf8 COLLATE=utf8_unicode_ci;

--
-- Data for table `craft_amnav_nodes`
--

INSERT INTO `craft_amnav_nodes` (`id`, `navId`, `parentId`, `order`, `name`, `url`, `listClass`, `blank`, `enabled`, `elementId`, `elementType`, `locale`, `dateCreated`, `dateUpdated`, `uid`) VALUES
 ('1', '1', '0', '0', 'About Treno', NULL, NULL, '0', '1', '8', 'Entry', 'en_us', '2017-02-27 16:28:19', '2017-11-02 19:59:09', '6d53371d-3282-4c0e-b00d-bcb51b0b2bef'),
 ('2', '1', '0', '2', 'Home', NULL, 'logo-bkg', '0', '1', '2', 'Entry', 'en_us', '2017-02-27 16:28:19', '2017-11-09 19:12:32', '5cca08a2-5aa5-4d9f-9ea1-89e7102269c2'),
 ('3', '1', '0', '4', 'Directions', NULL, NULL, '0', '1', '14', 'Entry', 'en_us', '2017-02-27 16:28:19', '2017-11-07 19:42:43', '85698a19-5af2-4247-99f9-33fcb35ae24e'),
 ('5', '1', '0', '3', 'Reservations', NULL, NULL, '0', '1', '55', 'Entry', 'en_us', '2017-02-27 16:29:53', '2017-07-10 16:55:05', '9f4eb59d-de8e-4d39-948c-acbe71d6120b'),
 ('7', '1', '0', '1', 'Menu', NULL, '', '0', '1', '66', 'Entry', 'en_us', '2017-03-06 15:41:34', '2017-09-28 18:41:27', 'e3c95b33-78ff-4c50-8650-7550e3bea157');



DROP TABLE IF EXISTS `craft_assetfiles`;


--
-- Schema for table `craft_assetfiles`
--
CREATE TABLE `craft_assetfiles` (
  `id` int(11) NOT NULL,
  `sourceId` int(11) DEFAULT NULL,
  `folderId` int(11) NOT NULL,
  `filename` varchar(255) COLLATE utf8_unicode_ci NOT NULL,
  `kind` varchar(50) COLLATE utf8_unicode_ci NOT NULL DEFAULT 'unknown',
  `width` int(11) unsigned DEFAULT NULL,
  `height` int(11) unsigned DEFAULT NULL,
  `size` bigint(20) unsigned DEFAULT NULL,
  `dateModified` datetime DEFAULT NULL,
  `dateCreated` datetime NOT NULL,
  `dateUpdated` datetime NOT NULL,
  `uid` char(36) COLLATE utf8_unicode_ci NOT NULL DEFAULT '0',
  PRIMARY KEY (`id`),
  UNIQUE KEY `craft_assetfiles_filename_folderId_unq_idx` (`filename`,`folderId`),
  KEY `craft_assetfiles_sourceId_fk` (`sourceId`),
  KEY `craft_assetfiles_folderId_fk` (`folderId`)
) ENGINE=InnoDB DEFAULT CHARSET=utf8 COLLATE=utf8_unicode_ci;

--
-- Data for table `craft_assetfiles`
--

INSERT INTO `craft_assetfiles` (`id`, `sourceId`, `folderId`, `filename`, `kind`, `width`, `height`, `size`, `dateModified`, `dateCreated`, `dateUpdated`, `uid`) VALUES
 ('7', '1', '1', 'IdeaBase_Logo_HorizontalColor.png', 'image', '1000', '272', '14598', '2017-01-24 15:43:58', '2017-01-24 15:43:59', '2017-01-24 15:43:59', '581e3a01-695a-43fb-b735-033c83f20f58'),
 ('13', '1', '1', 'IdeaBase_Logo_HorizontalColor_170127_153106.png', 'image', '1000', '272', '14598', '2017-01-27 20:31:06', '2017-01-27 20:31:06', '2017-01-27 20:31:06', '4a772ac2-ac6a-49d1-b433-24777079248c'),
 ('49', '1', '1', 'Heatshot_170214_102649.svg', 'image', '744', '1052', '4582', '2017-02-14 15:26:49', '2017-02-14 15:26:49', '2017-02-14 15:26:49', 'd656bb32-ba4f-4685-9c5a-e393af7723cc'),
 ('51', '1', '1', 'map_170214_103003.jpg', 'image', '693', '476', '54240', '2017-02-14 15:30:03', '2017-02-14 15:30:03', '2017-02-14 15:30:03', 'c5148993-f5f9-48f1-92d7-f88f14b3855b'),
 ('52', '1', '1', 'IdeaBase_Logo_HorizontalColor_170214_103143.png', 'image', '1000', '272', '14598', '2017-02-14 15:31:43', '2017-02-14 15:31:43', '2017-02-14 15:31:43', 'ff2c6267-9ba5-4d57-812a-d4484feabf14'),
 ('54', '1', '1', '5FFA85B58A16A432_170214_112822.png', 'image', '1796', '993', '94681', '2017-02-14 16:28:22', '2017-02-14 16:28:22', '2017-02-14 16:28:22', '43220d44-66a9-44b5-89ea-0a1e9e7dd92a'),
 ('56', '1', '1', 'DSCF2212_2_170214_113443.JPG', 'image', '2136', '2848', '1999992', '2017-02-14 16:34:43', '2017-02-14 16:34:43', '2017-02-14 16:34:43', '7f98b2de-60c5-46c6-a707-5a31ff02c4ce'),
 ('61', '1', '1', 'Kent-bw-Pufferbelly_170224_100658.jpg', 'image', '5456', '3632', '2314109', '2017-02-24 15:06:58', '2017-02-24 15:06:59', '2017-02-24 15:06:59', '7cc16978-e89e-462d-8d9b-fba90a7a311c'),
 ('62', '1', '1', 'Low-angle-Pufferbelly_170224_100709.jpg', 'image', '5174', '3444', '4726369', '2017-02-24 15:07:09', '2017-02-24 15:07:09', '2017-02-24 15:07:09', 'f43b1152-f473-436a-aed5-633b98096135'),
 ('65', '1', '1', 'czek-1.pdf', 'pdf', NULL, NULL, '36320', '2017-03-06 15:32:55', '2017-03-06 15:32:55', '2017-03-06 15:32:55', 'a106c9fd-9f9a-4229-994a-e6b250bffbbb'),
 ('67', '1', '1', 'Arrow-left-Gold.svg', 'image', '1296', '576', '5686', '2017-03-09 15:05:37', '2017-03-09 15:05:38', '2017-03-09 15:05:38', '0f91894a-0efe-420f-83be-bbaddb4e330e'),
 ('68', '1', '1', 'Arrow-left-white.svg', 'image', '64', '344', '4738', '2017-03-09 15:05:38', '2017-03-09 15:05:38', '2017-03-09 15:05:38', '13b3fb99-f609-4802-b322-748a45077a68'),
 ('69', '1', '1', 'Arrow-right-Gold.svg', 'image', '1296', '576', '5684', '2017-03-09 15:05:38', '2017-03-09 15:05:38', '2017-03-09 15:05:38', 'f61a007a-cd8a-4f29-afeb-eb910440d777'),
 ('70', '1', '1', 'Arrow-right-white.svg', 'image', '64', '344', '4700', '2017-03-09 15:05:38', '2017-03-09 15:05:38', '2017-03-09 15:05:38', 'a3cfa77d-584c-4edc-9985-2faf2c73ba8a'),
 ('71', '1', '1', 'Face-Circles.svg', 'image', '701', '701', '243', '2017-03-09 15:05:39', '2017-03-09 15:05:39', '2017-03-09 15:05:39', '827968d2-55d9-4385-a281-c6ebe6f68505'),
 ('72', '1', '1', 'History-Building.svg', 'image', '8958', '5735', '16603039', '2017-03-09 15:06:30', '2017-03-09 15:06:35', '2017-03-09 15:06:35', '7e2d2183-00fd-4612-91f9-6babffbee7b6'),
 ('73', '1', '1', 'Location-Ring.svg', 'image', '656', '656', '602', '2017-03-09 15:06:35', '2017-03-09 15:06:35', '2017-03-09 15:06:35', 'dd4e8bf6-cff7-4ef6-b1d9-31fb783260fd'),
 ('74', '1', '1', 'Pasta.svg', 'image', '1920', '1280', '5353283', '2017-03-09 15:06:37', '2017-03-09 15:06:37', '2017-03-09 15:06:37', '2fb6fac0-32cb-4b10-83d5-38bbb448a417'),
 ('75', '1', '1', 'Tomato-Plant-Graphic.svg', 'image', '603', '743', '654966', '2017-11-09 19:12:28', '2017-03-09 15:06:38', '2017-11-09 19:12:30', '548b19c6-489c-4610-9b9e-04c96f191189'),
 ('76', '1', '1', 'Tomatoes.svg', 'image', '1440', '1020', '4323663', '2017-03-09 15:06:43', '2017-03-09 15:06:43', '2017-03-09 15:06:43', '40cf020f-68dd-49a8-8134-78a538861bd6'),
 ('77', '1', '1', 'Treno-Logo-01.svg', 'image', '792', '612', '25161', '2017-03-09 15:06:43', '2017-03-09 15:06:43', '2017-03-09 15:06:43', '6cbd6c00-3e11-4e7d-804b-7b73ca810781'),
 ('78', '1', '1', 'Treno-Logomark-02.svg', 'image', '612', '792', '8161', '2017-03-09 15:06:44', '2017-03-09 15:06:44', '2017-03-09 15:06:44', '11391ac6-8bb7-4546-a22b-6c1b67dad16c'),
 ('79', '1', '1', 'Welcome-Building.svg', 'image', '2136', '2597', '4179151', '2017-03-09 15:06:46', '2017-03-09 15:06:46', '2017-03-09 15:06:46', '8f67c95a-61de-462d-bbe0-7634127e9099');



DROP TABLE IF EXISTS `craft_assetfolders`;


--
-- Schema for table `craft_assetfolders`
--
CREATE TABLE `craft_assetfolders` (
  `id` int(11) NOT NULL AUTO_INCREMENT,
  `parentId` int(11) DEFAULT NULL,
  `sourceId` int(11) DEFAULT NULL,
  `name` varchar(255) COLLATE utf8_unicode_ci NOT NULL,
  `path` varchar(255) COLLATE utf8_unicode_ci DEFAULT NULL,
  `dateCreated` datetime NOT NULL,
  `dateUpdated` datetime NOT NULL,
  `uid` char(36) COLLATE utf8_unicode_ci NOT NULL DEFAULT '0',
  PRIMARY KEY (`id`),
  UNIQUE KEY `craft_assetfolders_name_parentId_sourceId_unq_idx` (`name`,`parentId`,`sourceId`),
  KEY `craft_assetfolders_parentId_fk` (`parentId`),
  KEY `craft_assetfolders_sourceId_fk` (`sourceId`)
) ENGINE=InnoDB AUTO_INCREMENT=2 DEFAULT CHARSET=utf8 COLLATE=utf8_unicode_ci;

--
-- Data for table `craft_assetfolders`
--

INSERT INTO `craft_assetfolders` (`id`, `parentId`, `sourceId`, `name`, `path`, `dateCreated`, `dateUpdated`, `uid`) VALUES
 ('1', NULL, '1', 'Food Images', '', '2017-01-24 15:34:59', '2017-01-24 15:34:59', '89094f22-116b-4ebb-a616-d1243c6251f1');



DROP TABLE IF EXISTS `craft_assetindexdata`;


--
-- Schema for table `craft_assetindexdata`
--
CREATE TABLE `craft_assetindexdata` (
  `id` int(11) NOT NULL AUTO_INCREMENT,
  `sessionId` varchar(36) COLLATE utf8_unicode_ci NOT NULL DEFAULT '',
  `sourceId` int(10) NOT NULL,
  `offset` int(10) NOT NULL,
  `uri` varchar(255) COLLATE utf8_unicode_ci DEFAULT NULL,
  `size` varchar(255) COLLATE utf8_unicode_ci DEFAULT NULL,
  `recordId` int(10) DEFAULT NULL,
  `dateCreated` datetime NOT NULL,
  `dateUpdated` datetime NOT NULL,
  `uid` char(36) COLLATE utf8_unicode_ci NOT NULL DEFAULT '0',
  PRIMARY KEY (`id`),
  UNIQUE KEY `craft_assetindexdata_sessionId_sourceId_offset_unq_idx` (`sessionId`,`sourceId`,`offset`),
  KEY `craft_assetindexdata_sourceId_fk` (`sourceId`)
) ENGINE=InnoDB DEFAULT CHARSET=utf8 COLLATE=utf8_unicode_ci;

DROP TABLE IF EXISTS `craft_assetsources`;


--
-- Schema for table `craft_assetsources`
--
CREATE TABLE `craft_assetsources` (
  `id` int(11) NOT NULL AUTO_INCREMENT,
  `name` varchar(255) COLLATE utf8_unicode_ci NOT NULL,
  `handle` varchar(255) COLLATE utf8_unicode_ci NOT NULL,
  `type` varchar(150) COLLATE utf8_unicode_ci NOT NULL,
  `settings` text COLLATE utf8_unicode_ci,
  `sortOrder` smallint(6) unsigned DEFAULT NULL,
  `fieldLayoutId` int(10) DEFAULT NULL,
  `dateCreated` datetime NOT NULL,
  `dateUpdated` datetime NOT NULL,
  `uid` char(36) COLLATE utf8_unicode_ci NOT NULL DEFAULT '0',
  PRIMARY KEY (`id`),
  UNIQUE KEY `craft_assetsources_name_unq_idx` (`name`),
  UNIQUE KEY `craft_assetsources_handle_unq_idx` (`handle`),
  KEY `craft_assetsources_fieldLayoutId_fk` (`fieldLayoutId`)
) ENGINE=InnoDB AUTO_INCREMENT=2 DEFAULT CHARSET=utf8 COLLATE=utf8_unicode_ci;

--
-- Data for table `craft_assetsources`
--

INSERT INTO `craft_assetsources` (`id`, `name`, `handle`, `type`, `settings`, `sortOrder`, `fieldLayoutId`, `dateCreated`, `dateUpdated`, `uid`) VALUES
 ('1', 'Food Images', 'foodImages', 'Local', '{\"path\":\"assets\\/img\\/uploads\\/\",\"publicURLs\":\"1\",\"url\":\"{baseUrl}\\/assets\\/img\\/uploads\\/\"}', '1', '21', '2017-01-24 15:34:59', '2017-01-24 16:41:40', '58332016-1d01-4fe5-8569-e517883b67e0');



DROP TABLE IF EXISTS `craft_assettransformindex`;


--
-- Schema for table `craft_assettransformindex`
--
CREATE TABLE `craft_assettransformindex` (
  `id` int(11) NOT NULL AUTO_INCREMENT,
  `fileId` int(11) NOT NULL,
  `filename` varchar(255) COLLATE utf8_unicode_ci DEFAULT NULL,
  `format` varchar(255) COLLATE utf8_unicode_ci DEFAULT NULL,
  `location` varchar(255) COLLATE utf8_unicode_ci NOT NULL,
  `sourceId` int(11) DEFAULT NULL,
  `fileExists` tinyint(1) DEFAULT NULL,
  `inProgress` tinyint(1) DEFAULT NULL,
  `dateIndexed` datetime DEFAULT NULL,
  `dateCreated` datetime NOT NULL,
  `dateUpdated` datetime NOT NULL,
  `uid` char(36) COLLATE utf8_unicode_ci NOT NULL DEFAULT '0',
  PRIMARY KEY (`id`),
  KEY `craft_assettransformindex_sourceId_fileId_location_idx` (`sourceId`,`fileId`,`location`)
) ENGINE=InnoDB AUTO_INCREMENT=18 DEFAULT CHARSET=utf8 COLLATE=utf8_unicode_ci;

DROP TABLE IF EXISTS `craft_assettransforms`;


--
-- Schema for table `craft_assettransforms`
--
CREATE TABLE `craft_assettransforms` (
  `id` int(11) NOT NULL AUTO_INCREMENT,
  `name` varchar(255) COLLATE utf8_unicode_ci NOT NULL,
  `handle` varchar(255) COLLATE utf8_unicode_ci NOT NULL,
  `mode` enum('stretch','fit','crop') COLLATE utf8_unicode_ci NOT NULL DEFAULT 'crop',
  `position` enum('top-left','top-center','top-right','center-left','center-center','center-right','bottom-left','bottom-center','bottom-right') COLLATE utf8_unicode_ci NOT NULL DEFAULT 'center-center',
  `height` int(10) DEFAULT NULL,
  `width` int(10) DEFAULT NULL,
  `format` varchar(255) COLLATE utf8_unicode_ci DEFAULT NULL,
  `quality` int(10) DEFAULT NULL,
  `dimensionChangeTime` datetime DEFAULT NULL,
  `dateCreated` datetime NOT NULL,
  `dateUpdated` datetime NOT NULL,
  `uid` char(36) COLLATE utf8_unicode_ci NOT NULL DEFAULT '0',
  PRIMARY KEY (`id`),
  UNIQUE KEY `craft_assettransforms_name_unq_idx` (`name`),
  UNIQUE KEY `craft_assettransforms_handle_unq_idx` (`handle`)
) ENGINE=InnoDB AUTO_INCREMENT=11 DEFAULT CHARSET=utf8 COLLATE=utf8_unicode_ci;

--
-- Data for table `craft_assettransforms`
--

INSERT INTO `craft_assettransforms` (`id`, `name`, `handle`, `mode`, `position`, `height`, `width`, `format`, `quality`, `dimensionChangeTime`, `dateCreated`, `dateUpdated`, `uid`) VALUES
 ('1', 'Food', 'food', 'crop', 'top-left', '200', '200', NULL, '82', '2017-01-24 15:35:36', '2017-01-24 15:35:36', '2017-01-24 15:35:36', '66ee23ba-6af6-4526-ae31-29644c7fbda5'),
 ('2', 'crop', 'crop', 'fit', 'center-center', '300', '200', NULL, '82', '2017-02-27 15:24:55', '2017-02-14 15:32:20', '2017-02-27 15:33:39', '446d6732-9ea3-4ef9-8456-0f902c9dac28'),
 ('3', 'Headshots', 'headshots', 'fit', 'center-center', '200', '200', NULL, '82', '2017-02-21 17:07:50', '2017-02-21 17:07:50', '2017-02-21 17:07:50', 'c310f263-2f60-400b-b841-eeb096c0fe53'),
 ('4', 'Feature Image Small', 'featureImageSmall', 'crop', 'center-center', '600', '800', NULL, '82', '2017-03-06 14:24:07', '2017-03-06 14:24:07', '2017-03-06 14:24:07', 'd2ee7f45-0d4a-4273-bca7-ac03c141cf37'),
 ('5', 'Feature Image Large', 'featureImageLarge', 'crop', 'center-center', '800', '2000', NULL, '82', '2017-03-06 14:24:27', '2017-03-06 14:24:27', '2017-03-06 14:24:27', '2d800bfe-61c8-4270-a877-ad1f88758a52'),
 ('6', 'Investor Profile', 'investorProfile', 'crop', 'center-center', '200', '200', NULL, '82', '2017-03-06 14:24:50', '2017-03-06 14:24:50', '2017-03-06 14:24:50', '517104cb-1be5-4936-9e12-e23cc5746b44'),
 ('7', 'Slide Show Small', 'slideShowSmall', 'crop', 'center-center', '500', '800', NULL, NULL, '2017-03-06 14:25:05', '2017-03-06 14:25:05', '2017-03-06 14:25:05', '065412a9-0aef-4b60-ba09-3937172c3f8d'),
 ('8', 'Slide Show-Large', 'slideShowLarge', 'crop', 'center-center', '700', '2000', NULL, NULL, '2017-03-06 14:25:21', '2017-03-06 14:25:21', '2017-07-12 17:39:16', 'c81da74f-091b-44df-a221-fcd23c7c98e4'),
 ('9', 'Illustration Crop', 'illustrationCrop', 'fit', 'center-center', '600', '400', NULL, '82', '2017-03-10 14:25:37', '2017-03-10 14:25:37', '2017-03-10 14:25:37', '356cd3bd-8c3a-47db-b698-73975dd82ba8'),
 ('10', 'feature image short', 'featureImageShort', 'crop', 'center-center', '600', '2000', NULL, NULL, '2017-05-30 19:06:06', '2017-05-30 19:06:06', '2017-05-30 19:06:06', '9b80c864-d76e-4f14-9ea6-706e49be3734');



DROP TABLE IF EXISTS `craft_categories`;


--
-- Schema for table `craft_categories`
--
CREATE TABLE `craft_categories` (
  `id` int(11) NOT NULL,
  `groupId` int(11) NOT NULL,
  `dateCreated` datetime NOT NULL,
  `dateUpdated` datetime NOT NULL,
  `uid` char(36) COLLATE utf8_unicode_ci NOT NULL DEFAULT '0',
  PRIMARY KEY (`id`),
  KEY `craft_categories_groupId_fk` (`groupId`)
) ENGINE=InnoDB DEFAULT CHARSET=utf8 COLLATE=utf8_unicode_ci;

--
-- Data for table `craft_categories`
--

INSERT INTO `craft_categories` (`id`, `groupId`, `dateCreated`, `dateUpdated`, `uid`) VALUES
 ('5', '1', '2017-01-24 15:31:16', '2017-09-26 20:18:21', '6eb6c538-b79e-434d-a513-2b7664f84e9c'),
 ('23', '2', '2017-01-31 17:04:29', '2017-01-31 17:04:29', '8a4b75ff-58c2-493e-96d6-91b206c6b3e5'),
 ('25', '1', '2017-01-31 17:05:44', '2017-09-28 19:22:16', '9b44ff12-d042-4e51-b5aa-3efef7107530'),
 ('28', '3', '2017-02-02 17:37:04', '2017-03-06 15:32:58', '57956aca-853f-4258-a16b-3d471c2d9a32'),
 ('29', '3', '2017-02-02 17:37:07', '2017-02-02 17:37:07', '9c4999d4-d441-4b42-9bc7-04ea93516342'),
 ('30', '4', '2017-02-02 17:37:14', '2017-02-02 17:37:14', '02cf8639-2dd2-4958-b4e3-61c9ce2ed21e'),
 ('31', '4', '2017-02-02 17:37:18', '2017-02-02 17:37:18', '5e5efac7-ac63-4c67-a069-dfaf49b0a0e3'),
 ('32', '4', '2017-02-02 17:37:20', '2017-02-02 17:37:20', '063b07ff-ee04-43cb-b662-958515b70f14'),
 ('40', '5', '2017-02-09 17:10:08', '2017-02-09 17:10:08', 'c88fa3d7-c08a-4411-9316-76ba5d0a3cc9'),
 ('41', '5', '2017-02-09 17:10:12', '2017-02-09 17:10:12', '779f61a2-f721-4694-824b-5a124852cd7a'),
 ('42', '5', '2017-02-09 17:10:15', '2017-02-09 17:10:15', '63e4b276-2077-4f32-8dfa-7dc8447f1f49'),
 ('43', '5', '2017-02-09 17:10:19', '2017-02-09 17:10:19', '5cf169d6-c116-4f50-89a2-4e8db61fec2c'),
 ('44', '5', '2017-02-09 17:10:24', '2017-02-09 17:10:24', 'e4399643-bc50-4bcd-85df-a8eb6e980c8f'),
 ('45', '5', '2017-02-09 17:10:29', '2017-02-09 17:10:29', 'dc1cbdfb-6ae0-4f96-89b2-e1e60875184e'),
 ('46', '5', '2017-02-09 17:10:34', '2017-02-09 17:10:34', '1b14626b-02a9-4df2-909d-eafdf749894e'),
 ('63', '3', '2017-02-24 15:52:03', '2017-02-24 15:52:03', '196c4245-9dfa-43e8-be4f-70818c490ca1'),
 ('80', '3', '2017-04-20 13:22:43', '2017-04-20 13:22:43', '8df8ffc8-7f8a-4639-93ae-f6f99b3c1885'),
 ('81', '3', '2017-04-20 13:22:48', '2017-10-10 17:35:53', 'e840013b-e76d-473e-abb6-015703feeb45'),
 ('84', '1', '2017-04-20 13:23:56', '2017-04-20 13:23:56', 'dcad4937-cea4-4bcd-861e-0992e3bf8b48'),
 ('85', '1', '2017-04-20 13:24:05', '2017-04-20 13:24:05', 'd752bd83-f352-4def-8d2d-9ffa60074d8e'),
 ('86', '1', '2017-04-20 13:24:23', '2017-04-20 13:24:23', 'd952a819-b2de-451a-8e3e-e6d43b2d790f'),
 ('108', '3', '2017-10-10 17:36:00', '2017-10-10 17:36:00', '8b2001c0-67c7-47e8-96cf-812a0ce973c1');



DROP TABLE IF EXISTS `craft_categorygroups`;


--
-- Schema for table `craft_categorygroups`
--
CREATE TABLE `craft_categorygroups` (
  `id` int(11) NOT NULL AUTO_INCREMENT,
  `structureId` int(11) NOT NULL,
  `fieldLayoutId` int(11) DEFAULT NULL,
  `name` varchar(255) COLLATE utf8_unicode_ci NOT NULL,
  `handle` varchar(255) COLLATE utf8_unicode_ci NOT NULL,
  `hasUrls` tinyint(1) unsigned NOT NULL DEFAULT '1',
  `template` varchar(500) COLLATE utf8_unicode_ci DEFAULT NULL,
  `dateCreated` datetime NOT NULL,
  `dateUpdated` datetime NOT NULL,
  `uid` char(36) COLLATE utf8_unicode_ci NOT NULL DEFAULT '0',
  PRIMARY KEY (`id`),
  UNIQUE KEY `craft_categorygroups_name_unq_idx` (`name`),
  UNIQUE KEY `craft_categorygroups_handle_unq_idx` (`handle`),
  KEY `craft_categorygroups_structureId_fk` (`structureId`),
  KEY `craft_categorygroups_fieldLayoutId_fk` (`fieldLayoutId`)
) ENGINE=InnoDB AUTO_INCREMENT=6 DEFAULT CHARSET=utf8 COLLATE=utf8_unicode_ci;

--
-- Data for table `craft_categorygroups`
--

INSERT INTO `craft_categorygroups` (`id`, `structureId`, `fieldLayoutId`, `name`, `handle`, `hasUrls`, `template`, `dateCreated`, `dateUpdated`, `uid`) VALUES
 ('1', '1', '110', 'Food Category', 'foodCategory', '1', '', '2017-01-24 15:30:57', '2017-09-28 19:17:52', 'f8faf570-bf7d-4ef1-8c32-b8fa2945519d'),
 ('2', '2', '34', 'Special Category ', 'specialCategory', '1', '', '2017-01-31 16:39:09', '2017-01-31 16:39:09', '9b7a3bde-0cf4-4cc4-bd0d-5234bbe6bbbe'),
 ('3', '3', '105', 'Menu Type', 'menuType', '1', 'menu/category.html', '2017-02-02 17:36:43', '2017-09-26 20:17:24', '3a886221-d07c-4ed3-ab9d-da2239421142'),
 ('4', '4', '46', 'Drink Category ', 'drinkCategory', '1', '', '2017-02-02 17:36:56', '2017-02-02 17:36:56', 'cba31c7d-7dd7-445f-8a2a-3e8f420e75d5'),
 ('5', '5', '58', 'Days of The Week', 'daysOfTheWeek', '1', '', '2017-02-09 17:09:58', '2017-02-09 17:10:03', 'a803226d-73a1-4b8f-839e-ebc829d1fbab');



DROP TABLE IF EXISTS `craft_categorygroups_i18n`;


--
-- Schema for table `craft_categorygroups_i18n`
--
CREATE TABLE `craft_categorygroups_i18n` (
  `id` int(11) NOT NULL AUTO_INCREMENT,
  `groupId` int(11) NOT NULL,
  `locale` char(12) COLLATE utf8_unicode_ci NOT NULL,
  `urlFormat` text COLLATE utf8_unicode_ci,
  `nestedUrlFormat` text COLLATE utf8_unicode_ci,
  `dateCreated` datetime NOT NULL,
  `dateUpdated` datetime NOT NULL,
  `uid` char(36) COLLATE utf8_unicode_ci NOT NULL DEFAULT '0',
  PRIMARY KEY (`id`),
  UNIQUE KEY `craft_categorygroups_i18n_groupId_locale_unq_idx` (`groupId`,`locale`),
  KEY `craft_categorygroups_i18n_locale_fk` (`locale`)
) ENGINE=InnoDB AUTO_INCREMENT=6 DEFAULT CHARSET=utf8 COLLATE=utf8_unicode_ci;

--
-- Data for table `craft_categorygroups_i18n`
--

INSERT INTO `craft_categorygroups_i18n` (`id`, `groupId`, `locale`, `urlFormat`, `nestedUrlFormat`, `dateCreated`, `dateUpdated`, `uid`) VALUES
 ('1', '1', 'en_us', 'food-category/{slug}', '{parent.uri}/{slug}', '2017-01-24 15:30:57', '2017-01-24 15:30:57', 'cb01d34a-9992-4223-879c-b71dc74774da'),
 ('2', '2', 'en_us', 'special-category/{slug}', '{parent.uri}/{slug}', '2017-01-31 16:39:09', '2017-01-31 16:39:09', '831eb8e9-ebd9-4de4-ba71-10cc015c8eb9'),
 ('3', '3', 'en_us', 'menu/{slug}', '{parent.uri}/{slug}', '2017-02-02 17:36:43', '2017-02-07 05:20:55', '3e0ca21d-5b33-4e7b-a6b3-604f35e0e79b'),
 ('4', '4', 'en_us', 'drink-category/{slug}', '{parent.uri}/{slug}', '2017-02-02 17:36:56', '2017-02-02 17:36:56', '23422ee7-0f88-43f1-81d8-1298857a272c'),
 ('5', '5', 'en_us', 'days-of-the-week/{slug}', '{parent.uri}/{slug}', '2017-02-09 17:09:58', '2017-02-09 17:09:58', 'be5a89f0-9521-45a1-88a1-7bf2ac9868e1');



DROP TABLE IF EXISTS `craft_content`;


--
-- Schema for table `craft_content`
--
CREATE TABLE `craft_content` (
  `id` int(11) NOT NULL AUTO_INCREMENT,
  `elementId` int(11) NOT NULL,
  `locale` char(12) COLLATE utf8_unicode_ci NOT NULL,
  `title` varchar(255) COLLATE utf8_unicode_ci DEFAULT NULL,
  `field_body` text COLLATE utf8_unicode_ci,
  `field_foodDescription` text COLLATE utf8_unicode_ci,
  `field_foodPrice` decimal(12,2) unsigned DEFAULT '0.00',
  `field_basicText` text COLLATE utf8_unicode_ci,
  `field_specialDescription` text COLLATE utf8_unicode_ci,
  `field_specialLightSwitch` tinyint(1) unsigned NOT NULL DEFAULT '0',
  `field_email` text COLLATE utf8_unicode_ci,
  `field_hours` text COLLATE utf8_unicode_ci,
  `field_phoneNumber` text COLLATE utf8_unicode_ci,
  `field_reservationInfo` text COLLATE utf8_unicode_ci,
  `field_privateParty` text COLLATE utf8_unicode_ci,
  `field_teamMemberBio` text COLLATE utf8_unicode_ci,
  `field_aboutForHomepage` text COLLATE utf8_unicode_ci,
  `field_currentLightswitch` tinyint(1) unsigned NOT NULL DEFAULT '0',
  `field_interactiveMap` text COLLATE utf8_unicode_ci,
  `field_headerTitle1` text COLLATE utf8_unicode_ci,
  `field_headerTitle2` text COLLATE utf8_unicode_ci,
  `field_headerTitle3` text COLLATE utf8_unicode_ci,
  `field_eventDate` datetime DEFAULT NULL,
  `field_copyRightText` text COLLATE utf8_unicode_ci,
  `field_parkingInformation` text COLLATE utf8_unicode_ci,
  `field_parkingInformation2` text COLLATE utf8_unicode_ci,
  `field_parkingInformation3` text COLLATE utf8_unicode_ci,
  `field_valetPrice` text COLLATE utf8_unicode_ci,
  `field_valetInformation` text COLLATE utf8_unicode_ci,
  `field_foodSpecifications` varchar(255) COLLATE utf8_unicode_ci DEFAULT NULL,
  `field_englishTranslation` text COLLATE utf8_unicode_ci,
  `field_menuDisclaimer` text COLLATE utf8_unicode_ci,
  `field_descriptionBlurb` text COLLATE utf8_unicode_ci,
  `field_metadata` text COLLATE utf8_unicode_ci,
  `field_googleUrl` text COLLATE utf8_unicode_ci,
  `dateCreated` datetime NOT NULL,
  `dateUpdated` datetime NOT NULL,
  `uid` char(36) COLLATE utf8_unicode_ci NOT NULL DEFAULT '0',
  PRIMARY KEY (`id`),
  UNIQUE KEY `craft_content_elementId_locale_unq_idx` (`elementId`,`locale`),
  KEY `craft_content_title_idx` (`title`),
  KEY `craft_content_locale_fk` (`locale`)
) ENGINE=InnoDB AUTO_INCREMENT=107 DEFAULT CHARSET=utf8 COLLATE=utf8_unicode_ci;

--
-- Data for table `craft_content`
--

INSERT INTO `craft_content` (`id`, `elementId`, `locale`, `title`, `field_body`, `field_foodDescription`, `field_foodPrice`, `field_basicText`, `field_specialDescription`, `field_specialLightSwitch`, `field_email`, `field_hours`, `field_phoneNumber`, `field_reservationInfo`, `field_privateParty`, `field_teamMemberBio`, `field_aboutForHomepage`, `field_currentLightswitch`, `field_interactiveMap`, `field_headerTitle1`, `field_headerTitle2`, `field_headerTitle3`, `field_eventDate`, `field_copyRightText`, `field_parkingInformation`, `field_parkingInformation2`, `field_parkingInformation3`, `field_valetPrice`, `field_valetInformation`, `field_foodSpecifications`, `field_englishTranslation`, `field_menuDisclaimer`, `field_descriptionBlurb`, `field_metadata`, `field_googleUrl`, `dateCreated`, `dateUpdated`, `uid`) VALUES
 ('1', '1', 'en_us', NULL, NULL, NULL, NULL, NULL, NULL, '0', NULL, NULL, NULL, NULL, NULL, NULL, NULL, '0', NULL, NULL, NULL, NULL, NULL, NULL, NULL, NULL, NULL, NULL, NULL, NULL, NULL, NULL, NULL, NULL, NULL, '2017-01-24 03:51:10', '2017-01-24 04:36:12', '4d1265f1-bff7-4bc4-ae0a-230b85924c15'),
 ('2', '2', 'en_us', 'Home', '<p>Treno Ristorante is an upscale Italian restaurant located in the historical train depot overlooking the Cuyahoga River in Downtown Kent, Ohio. Formerly the Pufferbelly Restaurant, the depot recently underwent a transformative renovation of its space, and is now open for lunch and dinner.\n  </p>\n<p>Treno lends a cultural charm where past meets present and classic meets contemporary; where patrons will feel included and part of the dining experience; and where exquisite service is not a welcome change, but always the standard.   </p>\n<p>Treno’s menu is focused on classic Italian cuisine with dishes prepared in house from scratch with fresh, flavorful ingredients including locally sourced products as available. We invite you to enjoy a delicious lunch or memorable evening out featuring exquisitely prepared authentic Italian fare complemented by a thoughtful wine list and full bar selection.    </p>\n<h3>Spero di Vederti!</h3>', NULL, NULL, NULL, NULL, '0', NULL, NULL, NULL, NULL, NULL, NULL, NULL, '0', NULL, 'Welcome', 'to Kents', 'Ristorante', NULL, NULL, NULL, NULL, NULL, NULL, NULL, NULL, NULL, NULL, NULL, NULL, NULL, '2017-01-24 03:51:11', '2017-11-09 19:12:32', '0f06c49f-ff28-4cd1-ab90-c62ed1e135f3'),
 ('5', '5', 'en_us', 'Antipasti', NULL, NULL, '0.00', NULL, NULL, '0', NULL, NULL, NULL, NULL, NULL, NULL, NULL, '0', NULL, NULL, NULL, NULL, NULL, NULL, NULL, NULL, NULL, NULL, NULL, NULL, 'Appetizers', NULL, NULL, NULL, NULL, '2017-01-24 15:31:16', '2017-09-26 20:18:21', '2f6defa7-8e1b-4355-b7ce-0ee2cbbfd367'),
 ('6', '6', 'en_us', 'Steak', NULL, 'Description of the Food', '20.00', NULL, NULL, '0', NULL, NULL, NULL, NULL, NULL, NULL, NULL, '0', NULL, NULL, NULL, NULL, NULL, NULL, NULL, NULL, NULL, NULL, NULL, '[\"rawUndercooked\"]', NULL, NULL, NULL, NULL, NULL, '2017-01-24 15:33:41', '2017-09-26 20:39:41', '092670ab-38c8-4a78-80f6-d08fd2c0fe10'),
 ('7', '7', 'en_us', 'Idea Base Logo Horizontal Color', NULL, NULL, '0.00', NULL, NULL, '0', NULL, NULL, NULL, NULL, NULL, NULL, NULL, '0', NULL, NULL, NULL, NULL, NULL, NULL, NULL, NULL, NULL, NULL, NULL, NULL, NULL, NULL, NULL, NULL, NULL, '2017-01-24 15:43:59', '2017-01-24 15:43:59', '92bf1832-9553-40d9-98f5-d913b8d67093'),
 ('8', '8', 'en_us', 'About Treno', '<p>Treno is a new website that is opening in Kent Ohio in May of 2017</p>', NULL, '0.00', 'History', NULL, '0', NULL, NULL, NULL, NULL, NULL, NULL, '<p>Treno Ristorante, an upscale Italian restaurant, will be located in the historical train depot overlooking the Cuyahoga River in Downtown Kent, Ohio. Formerly the Pufferbelly Restaurant, the depot is currently undergoing a transformative renovation of its space, and the restaurant will be opening this summer 2017.</p>\n<p><br />Treno will lend a cultural charm where patrons will feel included and part of the dining experience. With a menu focused on Northern Italian cuisine, our dishes will be prepared in house from scratch with fresh, flavorful ingredients including locally sourced products as available. We invite you to enjoy a memorable evening out or delicious lunch featuring exquisitely-prepared authentic Italian fare complemented by a thoughtful wine list and full bar selection.</p>', '0', NULL, NULL, NULL, NULL, NULL, NULL, NULL, NULL, NULL, NULL, NULL, NULL, NULL, NULL, NULL, '{\"id\":null,\"enabled\":1,\"archived\":0,\"locale\":\"en_us\",\"localeEnabled\":1,\"slug\":null,\"uri\":null,\"dateCreated\":null,\"dateUpdated\":null,\"root\":null,\"lft\":null,\"rgt\":null,\"level\":null,\"searchScore\":null,\"elementId\":0,\"metaType\":\"template\",\"metaPath\":\"\",\"seoMainEntityCategory\":\"CreativeWork\",\"seoMainEntityOfPage\":\"WebPage\",\"seoTitle\":\"About Treno\",\"seoDescription\":\"\",\"seoKeywords\":\"\",\"seoImageTransform\":\"\",\"seoFacebookImageTransform\":\"\",\"seoTwitterImageTransform\":\"\",\"twitterCardType\":\"\",\"openGraphType\":\"\",\"robots\":\"\",\"seoImageId\":\"\",\"seoTwitterImageId\":\"\",\"seoFacebookImageId\":\"\",\"canonicalUrlOverride\":\"\",\"seoTitleUnparsed\":\"About Treno\",\"seoDescriptionUnparsed\":\"\",\"seoKeywordsUnparsed\":\"\",\"seoTitleSource\":\"field\",\"seoTitleSourceField\":\"title\",\"seoDescriptionSource\":\"custom\",\"seoDescriptionSourceField\":\"title\",\"seoKeywordsSource\":\"custom\",\"seoKeywordsSourceField\":\"title\",\"seoImageIdSource\":\"custom\",\"seoImageIdSourceField\":\"featureImage\",\"seoTwitterImageIdSource\":\"custom\",\"seoTwitterImageIdSourceField\":\"featureImage\",\"seoFacebookImageIdSource\":\"custom\",\"seoFacebookImageIdSourceField\":\"featureImage\",\"seoCommerceVariants\":null,\"__model__\":\"Craft\\\\Seomatic_MetaFieldModel\"}', NULL, '2017-01-24 16:04:19', '2017-11-02 19:59:09', '1dca425a-653f-4118-b2f6-0c6f43b586a7'),
 ('10', '10', 'en_us', NULL, NULL, NULL, '0.00', '152 Franklin Ave. Kent, Ohio 44240', NULL, '0', 'hello@trenokent.com', '[{\"col1\":\"Mon-Thurs\",\"col2\":\"11a.m.-10p.m.\"},{\"col1\":\"Friday\",\"col2\":\"11a.m.-11p.m.\"},{\"col1\":\"Saturday\",\"col2\":\"Noon - 11pm\"},{\"col1\":\"Sunday\",\"col2\":\"Closed\"}]', '(###)-###-####', NULL, NULL, NULL, NULL, '0', NULL, NULL, NULL, NULL, NULL, 'Treno Ristorante all rights reserved', NULL, NULL, NULL, NULL, NULL, NULL, NULL, '<p>A 20% gratuity will be added to parties of ten or more.</p>\n<p>To our guests with good sensitivities or allergies, please consider when ordering that Trend cannot fully ensure that all menu items do not contain ingredients that might cause a reaction.</p>\n<p>*These items may be served raw or undercooked, or may contain raw or undercooked ingredients. Consuming raw or undercooked meats, poultry, seafood, shellfish, or eggs may increase your risk of food borne illness. </p>', NULL, NULL, NULL, '2017-01-24 16:31:35', '2017-10-17 20:30:46', '6f84c735-51b9-4172-9e30-4f4522e2c7f8'),
 ('11', '11', 'en_us', NULL, NULL, NULL, '0.00', NULL, NULL, '0', NULL, NULL, NULL, NULL, NULL, NULL, NULL, '0', NULL, NULL, NULL, NULL, NULL, NULL, NULL, NULL, NULL, NULL, NULL, NULL, NULL, NULL, NULL, NULL, NULL, '2017-01-24 16:31:51', '2017-03-09 15:07:41', '9b16b725-dd02-45f1-9f5b-cd56f8bbbc13'),
 ('13', '13', 'en_us', 'Idea Base Logo Horizontal Color', NULL, NULL, '0.00', NULL, NULL, '0', NULL, NULL, NULL, NULL, NULL, NULL, NULL, '0', NULL, NULL, NULL, NULL, NULL, NULL, NULL, NULL, NULL, NULL, NULL, NULL, NULL, NULL, NULL, NULL, NULL, '2017-01-27 20:31:06', '2017-01-27 20:31:06', '75205043-f56a-4768-a16b-08c847287b41'),
 ('14', '14', 'en_us', 'Directions', NULL, NULL, '0.00', '152 Franklin Ave. Kent, Ohio 44240', NULL, '0', NULL, NULL, NULL, NULL, NULL, NULL, NULL, '0', 'https://www.google.com/maps/embed?pb=!1m18!1m12!1m3!1d3004.131777930494!2d-81.35954584821805!3d41.15347577918477!2m3!1f0!2f0!3f0!3m2!1i1024!2i768!4f13.1!3m3!1m2!1s0x883125213bb987bb%3A0x25ce1992d4aa5850!2sIdeaBase!5e0!3m2!1sen!2sus!4v1488213388847', NULL, NULL, NULL, NULL, NULL, 'Lorem ipsum dolor sit amet, consectetuer adipiscing elit. Aenean commodo ligula eget dolor. Aenean massa. Cum sociis natoque penatibus et magnis dis parturient montes,', 'Lorem ipsum dolor sit amet, consectetuer adipiscing elit. Aenean commodo ligula eget dolor. Aenean massa. Cum sociis natoque penatibus et magnis dis parturient montes,', '', '$5', 'Here is info regarding valet', NULL, NULL, NULL, NULL, '{\"id\":null,\"enabled\":1,\"archived\":0,\"locale\":\"en_us\",\"localeEnabled\":1,\"slug\":null,\"uri\":null,\"dateCreated\":null,\"dateUpdated\":null,\"root\":null,\"lft\":null,\"rgt\":null,\"level\":null,\"searchScore\":null,\"elementId\":0,\"metaType\":\"template\",\"metaPath\":\"\",\"seoMainEntityCategory\":\"CreativeWork\",\"seoMainEntityOfPage\":\"WebPage\",\"seoTitle\":\"Directions\",\"seoDescription\":\"\",\"seoKeywords\":\"\",\"seoImageTransform\":\"\",\"seoFacebookImageTransform\":\"\",\"seoTwitterImageTransform\":\"\",\"twitterCardType\":\"\",\"openGraphType\":\"\",\"robots\":\"\",\"seoImageId\":\"\",\"seoTwitterImageId\":\"\",\"seoFacebookImageId\":\"\",\"canonicalUrlOverride\":\"\",\"seoTitleUnparsed\":\"Directions\",\"seoDescriptionUnparsed\":\"\",\"seoKeywordsUnparsed\":\"\",\"seoTitleSource\":\"field\",\"seoTitleSourceField\":\"title\",\"seoDescriptionSource\":\"custom\",\"seoDescriptionSourceField\":\"title\",\"seoKeywordsSource\":\"custom\",\"seoKeywordsSourceField\":\"title\",\"seoImageIdSource\":\"custom\",\"seoImageIdSourceField\":\"featureImage\",\"seoTwitterImageIdSource\":\"custom\",\"seoTwitterImageIdSourceField\":\"featureImage\",\"seoFacebookImageIdSource\":\"custom\",\"seoFacebookImageIdSourceField\":\"featureImage\",\"seoCommerceVariants\":null,\"__model__\":\"Craft\\\\Seomatic_MetaFieldModel\"}', 'https://goo.gl/maps/25zxrWujTdy', '2017-01-30 15:31:53', '2017-11-07 19:42:43', 'a919645b-dac9-41ee-b0a3-74899aae577c'),
 ('23', '23', 'en_us', 'Specials', NULL, NULL, '0.00', NULL, NULL, '0', NULL, NULL, NULL, NULL, NULL, NULL, NULL, '0', NULL, NULL, NULL, NULL, NULL, NULL, NULL, NULL, NULL, NULL, NULL, NULL, NULL, NULL, NULL, NULL, NULL, '2017-01-31 17:04:29', '2017-01-31 17:04:29', '07d03e7a-023a-4ad9-aa2e-5b3232c6fbb3'),
 ('24', '24', 'en_us', 'Fish Sandwich', NULL, 'Description of the food', '15.00', NULL, NULL, '0', NULL, NULL, NULL, NULL, NULL, NULL, NULL, '0', NULL, NULL, NULL, NULL, NULL, NULL, NULL, NULL, NULL, NULL, NULL, NULL, NULL, NULL, NULL, NULL, NULL, '2017-01-31 17:05:35', '2017-02-07 15:06:24', '553c31d5-86d5-4353-826c-1433993dae9c'),
 ('25', '25', 'en_us', 'Insalata', NULL, NULL, '0.00', NULL, NULL, '0', NULL, NULL, NULL, NULL, NULL, NULL, NULL, '0', NULL, NULL, NULL, NULL, NULL, NULL, NULL, NULL, NULL, NULL, NULL, NULL, 'Salads', NULL, '<p>Add Boneless Chicken Breast, Seared Salmon* or Seared Shrimp to any salad 6</p>', NULL, NULL, '2017-01-31 17:05:43', '2017-09-28 19:22:16', 'b8329305-5133-436e-9537-c25bac3ee5a3'),
 ('26', '26', 'en_us', 'Prime Rib', NULL, 'Description of the food', '20.00', NULL, NULL, '0', NULL, NULL, NULL, NULL, NULL, NULL, NULL, '0', NULL, NULL, NULL, NULL, NULL, NULL, NULL, NULL, NULL, NULL, NULL, NULL, NULL, NULL, NULL, NULL, NULL, '2017-01-31 17:06:07', '2017-02-09 17:07:03', '6ba02563-6260-41ea-b022-5f9cf7a06259'),
 ('28', '28', 'en_us', 'Lunch', NULL, NULL, '0.00', NULL, NULL, '0', NULL, NULL, NULL, NULL, NULL, NULL, NULL, '0', NULL, NULL, NULL, NULL, NULL, NULL, NULL, NULL, NULL, NULL, NULL, NULL, NULL, NULL, NULL, NULL, NULL, '2017-02-02 17:37:04', '2017-03-06 15:32:58', 'a6c78d37-4858-4f84-bc14-fbc988880298'),
 ('29', '29', 'en_us', 'Dinner', NULL, NULL, '0.00', NULL, NULL, '0', NULL, NULL, NULL, NULL, NULL, NULL, NULL, '0', NULL, NULL, NULL, NULL, NULL, NULL, NULL, NULL, NULL, NULL, NULL, NULL, NULL, NULL, NULL, NULL, NULL, '2017-02-02 17:37:07', '2017-02-02 17:37:07', '341f59b7-7fb0-41d7-8d6c-8e57378d0ec4'),
 ('30', '30', 'en_us', 'Soda', NULL, NULL, '0.00', NULL, NULL, '0', NULL, NULL, NULL, NULL, NULL, NULL, NULL, '0', NULL, NULL, NULL, NULL, NULL, NULL, NULL, NULL, NULL, NULL, NULL, NULL, NULL, NULL, NULL, NULL, NULL, '2017-02-02 17:37:14', '2017-02-02 17:37:14', 'e347cc20-e505-4ca6-be80-238365fc3c21'),
 ('31', '31', 'en_us', 'Beer', NULL, NULL, '0.00', NULL, NULL, '0', NULL, NULL, NULL, NULL, NULL, NULL, NULL, '0', NULL, NULL, NULL, NULL, NULL, NULL, NULL, NULL, NULL, NULL, NULL, NULL, NULL, NULL, NULL, NULL, NULL, '2017-02-02 17:37:17', '2017-02-02 17:37:17', 'a0cca654-34fd-4d03-8162-f6ed1aa173b8'),
 ('32', '32', 'en_us', 'Wine', NULL, NULL, '0.00', NULL, NULL, '0', NULL, NULL, NULL, NULL, NULL, NULL, NULL, '0', NULL, NULL, NULL, NULL, NULL, NULL, NULL, NULL, NULL, NULL, NULL, NULL, NULL, NULL, NULL, NULL, NULL, '2017-02-02 17:37:20', '2017-02-02 17:37:20', '7e042383-e650-4ad7-a13c-c7d1d44e62e0'),
 ('38', '40', 'en_us', 'Monday', NULL, NULL, '0.00', NULL, NULL, '0', NULL, NULL, NULL, NULL, NULL, NULL, NULL, '0', NULL, NULL, NULL, NULL, NULL, NULL, NULL, NULL, NULL, NULL, NULL, NULL, NULL, NULL, NULL, NULL, NULL, '2017-02-09 17:10:08', '2017-02-09 17:10:08', 'c37db2a3-7f3b-423c-a49e-afd9aff50cb3'),
 ('39', '41', 'en_us', 'Tuesday', NULL, NULL, '0.00', NULL, NULL, '0', NULL, NULL, NULL, NULL, NULL, NULL, NULL, '0', NULL, NULL, NULL, NULL, NULL, NULL, NULL, NULL, NULL, NULL, NULL, NULL, NULL, NULL, NULL, NULL, NULL, '2017-02-09 17:10:12', '2017-02-09 17:10:12', '439c6e95-8176-412e-b6ca-183ff61a3292'),
 ('40', '42', 'en_us', 'Wednesday', NULL, NULL, '0.00', NULL, NULL, '0', NULL, NULL, NULL, NULL, NULL, NULL, NULL, '0', NULL, NULL, NULL, NULL, NULL, NULL, NULL, NULL, NULL, NULL, NULL, NULL, NULL, NULL, NULL, NULL, NULL, '2017-02-09 17:10:15', '2017-02-09 17:10:15', '00a5710b-c8c3-46aa-a92a-57da2162900d'),
 ('41', '43', 'en_us', 'Thursday', NULL, NULL, '0.00', NULL, NULL, '0', NULL, NULL, NULL, NULL, NULL, NULL, NULL, '0', NULL, NULL, NULL, NULL, NULL, NULL, NULL, NULL, NULL, NULL, NULL, NULL, NULL, NULL, NULL, NULL, NULL, '2017-02-09 17:10:19', '2017-02-09 17:10:19', '7b6bc14f-cffe-4a8a-9d0f-5c8c3ee856dc'),
 ('42', '44', 'en_us', 'Friday', NULL, NULL, '0.00', NULL, NULL, '0', NULL, NULL, NULL, NULL, NULL, NULL, NULL, '0', NULL, NULL, NULL, NULL, NULL, NULL, NULL, NULL, NULL, NULL, NULL, NULL, NULL, NULL, NULL, NULL, NULL, '2017-02-09 17:10:24', '2017-02-09 17:10:24', '125bfdc9-52b0-4042-98fc-a20c459508cd'),
 ('43', '45', 'en_us', 'Saturday', NULL, NULL, '0.00', NULL, NULL, '0', NULL, NULL, NULL, NULL, NULL, NULL, NULL, '0', NULL, NULL, NULL, NULL, NULL, NULL, NULL, NULL, NULL, NULL, NULL, NULL, NULL, NULL, NULL, NULL, NULL, '2017-02-09 17:10:29', '2017-02-09 17:10:29', '830f06e8-6036-4690-a01f-86f7a2271c04'),
 ('44', '46', 'en_us', 'Sunday', NULL, NULL, '0.00', NULL, NULL, '0', NULL, NULL, NULL, NULL, NULL, NULL, NULL, '0', NULL, NULL, NULL, NULL, NULL, NULL, NULL, NULL, NULL, NULL, NULL, NULL, NULL, NULL, NULL, NULL, NULL, '2017-02-09 17:10:34', '2017-02-09 17:10:34', '90bf595f-98a4-4663-afc2-2e3b4c883ec4'),
 ('47', '49', 'en_us', 'Heatshot', NULL, NULL, '0.00', NULL, NULL, '0', NULL, NULL, NULL, NULL, NULL, NULL, NULL, '0', NULL, NULL, NULL, NULL, NULL, NULL, NULL, NULL, NULL, NULL, NULL, NULL, NULL, NULL, NULL, NULL, NULL, '2017-02-14 15:26:49', '2017-02-14 15:26:49', 'a960570f-70c6-4d53-b458-1b73bda36395'),
 ('48', '50', 'en_us', 'Jon Smith ', NULL, NULL, '0.00', NULL, NULL, '0', NULL, NULL, NULL, NULL, NULL, '<p>Jon is an excited new member of our team who is looking forward to seeing the website finished. </p>', NULL, '0', NULL, NULL, NULL, NULL, NULL, NULL, NULL, NULL, NULL, NULL, NULL, NULL, NULL, NULL, NULL, NULL, NULL, '2017-02-14 15:27:01', '2017-05-12 15:59:43', 'a384024b-0204-4c2a-b951-cc75ba7e0d7a'),
 ('49', '51', 'en_us', 'Map', NULL, NULL, '0.00', NULL, NULL, '0', NULL, NULL, NULL, NULL, NULL, NULL, NULL, '0', NULL, NULL, NULL, NULL, NULL, NULL, NULL, NULL, NULL, NULL, NULL, NULL, NULL, NULL, NULL, NULL, NULL, '2017-02-14 15:30:03', '2017-02-14 15:30:03', '975f16b2-0d71-4193-80a5-377b59377338'),
 ('50', '52', 'en_us', 'Idea Base Logo Horizontal Color', NULL, NULL, '0.00', NULL, NULL, '0', NULL, NULL, NULL, NULL, NULL, NULL, NULL, '0', NULL, NULL, NULL, NULL, NULL, NULL, NULL, NULL, NULL, NULL, NULL, NULL, NULL, NULL, NULL, NULL, NULL, '2017-02-14 15:31:43', '2017-02-14 15:31:43', 'db66ba7e-1165-468f-9f3f-f528eb097000'),
 ('52', '54', 'en_us', '5 Ffa85 B58 A16 A432', NULL, NULL, '0.00', NULL, NULL, '0', NULL, NULL, NULL, NULL, NULL, NULL, NULL, '0', NULL, NULL, NULL, NULL, NULL, NULL, NULL, NULL, NULL, NULL, NULL, NULL, NULL, NULL, NULL, NULL, NULL, '2017-02-14 16:28:22', '2017-02-14 16:28:22', 'bc187864-f68c-4da4-b4be-4633dd67d6d2'),
 ('53', '55', 'en_us', 'Reservations', NULL, NULL, '0.00', NULL, NULL, '0', NULL, NULL, '(###)-###-####', 'Here is some information about how to make a reservation ', '<p>Here is some information about how to schedule a private party or an event</p>', NULL, NULL, '0', NULL, NULL, NULL, NULL, NULL, NULL, NULL, NULL, NULL, NULL, NULL, NULL, NULL, NULL, NULL, NULL, NULL, '2017-02-14 16:31:16', '2017-07-10 16:55:05', 'fc82ee68-7206-4f66-a65a-774fed109b3e'),
 ('54', '56', 'en_us', 'Dscf2212 2', NULL, NULL, '0.00', NULL, NULL, '0', NULL, NULL, NULL, NULL, NULL, NULL, NULL, '0', NULL, NULL, NULL, NULL, NULL, NULL, NULL, NULL, NULL, NULL, NULL, NULL, NULL, NULL, NULL, NULL, NULL, '2017-02-14 16:34:43', '2017-02-14 16:34:43', 'e70f5f7e-5c79-43e1-80e2-f94d69269902'),
 ('59', '61', 'en_us', 'Kent Bw Pufferbelly', NULL, NULL, '0.00', NULL, NULL, '0', NULL, NULL, NULL, NULL, NULL, NULL, NULL, '0', NULL, NULL, NULL, NULL, NULL, NULL, NULL, NULL, NULL, NULL, NULL, NULL, NULL, NULL, NULL, NULL, NULL, '2017-02-24 15:06:59', '2017-02-24 15:06:59', '0b11ce96-1692-45cd-be5a-36e5b13f93a3'),
 ('60', '62', 'en_us', 'Low Angle Pufferbelly', NULL, NULL, '0.00', NULL, NULL, '0', NULL, NULL, NULL, NULL, NULL, NULL, NULL, '0', NULL, NULL, NULL, NULL, NULL, NULL, NULL, NULL, NULL, NULL, NULL, NULL, NULL, NULL, NULL, NULL, NULL, '2017-02-24 15:07:09', '2017-02-24 15:07:09', '67ca2af7-f4c6-4404-a6a0-8472ed4f6679'),
 ('61', '63', 'en_us', 'Brunch', NULL, NULL, '0.00', NULL, NULL, '0', NULL, NULL, NULL, NULL, NULL, NULL, NULL, '0', NULL, NULL, NULL, NULL, NULL, NULL, NULL, NULL, NULL, NULL, NULL, NULL, NULL, NULL, NULL, NULL, NULL, '2017-02-24 15:52:03', '2017-02-24 15:52:03', 'b2f3d212-35cc-48a3-a03a-ed21e9a6ae89'),
 ('62', '64', 'en_us', 'Brunch Item', NULL, '<p>Description of the food</p>', '15.00', NULL, NULL, '0', NULL, NULL, NULL, NULL, NULL, NULL, NULL, '0', NULL, NULL, NULL, NULL, NULL, NULL, NULL, NULL, NULL, NULL, NULL, '', NULL, NULL, NULL, NULL, NULL, '2017-02-27 15:28:22', '2017-10-04 20:15:30', '95d5294a-44a2-4670-8ae0-e7e146bac671'),
 ('63', '65', 'en_us', 'Czek 1', NULL, NULL, '0.00', NULL, NULL, '0', NULL, NULL, NULL, NULL, NULL, NULL, NULL, '0', NULL, NULL, NULL, NULL, NULL, NULL, NULL, NULL, NULL, NULL, NULL, NULL, NULL, NULL, NULL, NULL, NULL, '2017-03-06 15:32:55', '2017-03-06 15:32:55', '54421526-f70f-4184-9aaf-f83fc7079c1c'),
 ('64', '66', 'en_us', 'Menu ', '<p>Lorem ipsum dolor sit amet, consectetuer adipiscing elit. Aenean commodo ligula eget dolor. Aenean massa. Cum sociis natoque penatibus et magnis dis parturient montes,</p>', NULL, '0.00', NULL, NULL, '0', NULL, NULL, NULL, NULL, NULL, NULL, NULL, '0', NULL, NULL, NULL, NULL, NULL, NULL, NULL, NULL, NULL, NULL, NULL, NULL, NULL, '<p>A 20% gratuity will be added to parties of ten or more.</p><p>To our guests with good sensitivities or allergies, please consider when ordering that Trend cannot fully ensure that all menu items do not contain ingredients that might cause a reaction.</p><p>*These items may be served raw or undercooked, or may contain raw or undercooked ingredients. Consuming raw or undercooked meats, poultry, seafood, shellfish, or eggs may increase your risk of food borne illness. </p>', NULL, NULL, NULL, '2017-03-06 15:33:59', '2017-09-28 18:41:27', '42638ef5-b62a-402f-abe4-a058e3376bd0'),
 ('65', '67', 'en_us', 'Arrow Left Gold', NULL, NULL, '0.00', NULL, NULL, '0', NULL, NULL, NULL, NULL, NULL, NULL, NULL, '0', NULL, NULL, NULL, NULL, NULL, NULL, NULL, NULL, NULL, NULL, NULL, NULL, NULL, NULL, NULL, NULL, NULL, '2017-03-09 15:05:38', '2017-03-09 15:05:38', '7f143ed9-8c63-484e-971b-1299a1c984e1'),
 ('66', '68', 'en_us', 'Arrow Left White', NULL, NULL, '0.00', NULL, NULL, '0', NULL, NULL, NULL, NULL, NULL, NULL, NULL, '0', NULL, NULL, NULL, NULL, NULL, NULL, NULL, NULL, NULL, NULL, NULL, NULL, NULL, NULL, NULL, NULL, NULL, '2017-03-09 15:05:38', '2017-06-07 17:12:40', 'b7f2e220-47bf-4829-ad91-ea2927bcb7e2'),
 ('67', '69', 'en_us', 'Arrow Right Gold', NULL, NULL, '0.00', NULL, NULL, '0', NULL, NULL, NULL, NULL, NULL, NULL, NULL, '0', NULL, NULL, NULL, NULL, NULL, NULL, NULL, NULL, NULL, NULL, NULL, NULL, NULL, NULL, NULL, NULL, NULL, '2017-03-09 15:05:38', '2017-06-06 15:57:37', 'cf3b0cab-0934-4166-96db-ce5fa0d2b70a'),
 ('68', '70', 'en_us', 'Arrow Right White', NULL, NULL, '0.00', NULL, NULL, '0', NULL, NULL, NULL, NULL, NULL, NULL, NULL, '0', NULL, NULL, NULL, NULL, NULL, NULL, NULL, NULL, NULL, NULL, NULL, NULL, NULL, NULL, NULL, NULL, NULL, '2017-03-09 15:05:38', '2017-03-09 15:05:38', 'e11aaf4c-d48a-40b5-82ca-8bb0e88b5014'),
 ('69', '71', 'en_us', 'Face Circles', NULL, NULL, '0.00', NULL, NULL, '0', NULL, NULL, NULL, NULL, NULL, NULL, NULL, '0', NULL, NULL, NULL, NULL, NULL, NULL, NULL, NULL, NULL, NULL, NULL, NULL, NULL, NULL, NULL, NULL, NULL, '2017-03-09 15:05:39', '2017-03-09 15:05:39', 'cd604a69-8bb9-4ba9-a26f-cbf25857bcf4'),
 ('70', '72', 'en_us', 'History Building', NULL, NULL, '0.00', NULL, NULL, '0', NULL, NULL, NULL, NULL, NULL, NULL, NULL, '0', NULL, NULL, NULL, NULL, NULL, NULL, NULL, NULL, NULL, NULL, NULL, NULL, NULL, NULL, NULL, NULL, NULL, '2017-03-09 15:06:34', '2017-03-09 15:06:34', 'ebdad7ea-d154-4739-905f-d80d3e3ab7d3'),
 ('71', '73', 'en_us', 'Location Ring', NULL, NULL, '0.00', NULL, NULL, '0', NULL, NULL, NULL, NULL, NULL, NULL, NULL, '0', NULL, NULL, NULL, NULL, NULL, NULL, NULL, NULL, NULL, NULL, NULL, NULL, NULL, NULL, NULL, NULL, NULL, '2017-03-09 15:06:35', '2017-03-09 15:06:35', 'c2de7f4f-0df5-49b1-87b2-6dc16f1ec658'),
 ('72', '74', 'en_us', 'Pasta', NULL, NULL, '0.00', NULL, NULL, '0', NULL, NULL, NULL, NULL, NULL, NULL, NULL, '0', NULL, NULL, NULL, NULL, NULL, NULL, NULL, NULL, NULL, NULL, NULL, NULL, NULL, NULL, NULL, NULL, NULL, '2017-03-09 15:06:37', '2017-03-09 15:06:37', '05429f6c-bbba-4a10-b1f2-54abc644b8ad'),
 ('73', '75', 'en_us', 'Tomato Plant Graphic', NULL, NULL, '0.00', NULL, NULL, '0', NULL, NULL, NULL, NULL, NULL, NULL, NULL, '0', NULL, NULL, NULL, NULL, NULL, NULL, NULL, NULL, NULL, NULL, NULL, NULL, NULL, NULL, NULL, NULL, NULL, '2017-03-09 15:06:37', '2017-11-09 19:12:30', '0a1cad9c-0f83-45da-99af-f2c66d78405f'),
 ('74', '76', 'en_us', 'Tomatoes', NULL, NULL, '0.00', NULL, NULL, '0', NULL, NULL, NULL, NULL, NULL, NULL, NULL, '0', NULL, NULL, NULL, NULL, NULL, NULL, NULL, NULL, NULL, NULL, NULL, NULL, NULL, NULL, NULL, NULL, NULL, '2017-03-09 15:06:43', '2017-03-09 15:06:43', '4043ee15-4718-4e6d-858e-1328b75643e3'),
 ('75', '77', 'en_us', 'Treno Logo 01', NULL, NULL, '0.00', NULL, NULL, '0', NULL, NULL, NULL, NULL, NULL, NULL, NULL, '0', NULL, NULL, NULL, NULL, NULL, NULL, NULL, NULL, NULL, NULL, NULL, NULL, NULL, NULL, NULL, NULL, NULL, '2017-03-09 15:06:43', '2017-03-09 15:06:43', 'c2a2b061-ab6c-4f24-ba6c-1ee621901a3b'),
 ('76', '78', 'en_us', 'Treno Logomark 02', NULL, NULL, '0.00', NULL, NULL, '0', NULL, NULL, NULL, NULL, NULL, NULL, NULL, '0', NULL, NULL, NULL, NULL, NULL, NULL, NULL, NULL, NULL, NULL, NULL, NULL, NULL, NULL, NULL, NULL, NULL, '2017-03-09 15:06:44', '2017-03-09 15:06:44', '466eb371-3ccd-49cd-9f42-0b7dba425536'),
 ('77', '79', 'en_us', 'Welcome Building', NULL, NULL, '0.00', NULL, NULL, '0', NULL, NULL, NULL, NULL, NULL, NULL, NULL, '0', NULL, NULL, NULL, NULL, NULL, NULL, NULL, NULL, NULL, NULL, NULL, NULL, NULL, NULL, NULL, NULL, NULL, '2017-03-09 15:06:46', '2017-03-09 15:06:46', '2aaf948f-75fe-4b90-b27d-453e082326a8'),
 ('78', '80', 'en_us', 'Specials', NULL, NULL, '0.00', NULL, NULL, '0', NULL, NULL, NULL, NULL, NULL, NULL, NULL, '0', NULL, NULL, NULL, NULL, NULL, NULL, NULL, NULL, NULL, NULL, NULL, NULL, NULL, NULL, NULL, NULL, NULL, '2017-04-20 13:22:42', '2017-04-20 13:22:42', '8f39f045-b804-4698-859f-a02fc9a17394'),
 ('79', '81', 'en_us', 'Bar Drinks', NULL, NULL, '0.00', NULL, NULL, '0', NULL, NULL, NULL, NULL, NULL, NULL, NULL, '0', NULL, NULL, NULL, NULL, NULL, NULL, NULL, NULL, NULL, NULL, NULL, NULL, '', NULL, NULL, NULL, NULL, '2017-04-20 13:22:48', '2017-10-10 17:35:53', 'c0deca90-0055-4504-a157-69c62bcd6101'),
 ('80', '82', 'en_us', 'Special', NULL, '<p>Description of the food</p>', '5.00', NULL, NULL, '0', NULL, NULL, NULL, NULL, NULL, NULL, NULL, '0', NULL, NULL, NULL, NULL, NULL, NULL, NULL, NULL, NULL, NULL, NULL, '', NULL, NULL, NULL, NULL, NULL, '2017-04-20 13:23:18', '2017-10-19 17:57:38', '090b484b-cd39-46b7-9406-2281f208d2cf'),
 ('81', '83', 'en_us', 'Drink', NULL, 'Description of the drink', '3.00', NULL, NULL, '0', NULL, NULL, NULL, NULL, NULL, NULL, NULL, '0', NULL, NULL, NULL, NULL, NULL, NULL, NULL, NULL, NULL, NULL, NULL, NULL, NULL, NULL, NULL, NULL, NULL, '2017-04-20 13:23:44', '2017-04-20 13:24:49', '24ea50eb-f555-466f-87b8-26f74283b8e2'),
 ('82', '84', 'en_us', 'Sides', NULL, NULL, '0.00', NULL, NULL, '0', NULL, NULL, NULL, NULL, NULL, NULL, NULL, '0', NULL, NULL, NULL, NULL, NULL, NULL, NULL, NULL, NULL, NULL, NULL, NULL, NULL, NULL, NULL, NULL, NULL, '2017-04-20 13:23:56', '2017-04-20 13:23:56', '92665918-7af0-4b25-84fe-62dc97b95097'),
 ('83', '85', 'en_us', 'Soda', NULL, NULL, '0.00', NULL, NULL, '0', NULL, NULL, NULL, NULL, NULL, NULL, NULL, '0', NULL, NULL, NULL, NULL, NULL, NULL, NULL, NULL, NULL, NULL, NULL, NULL, NULL, NULL, NULL, NULL, NULL, '2017-04-20 13:24:05', '2017-04-20 13:24:05', 'a10dd74d-2361-4c47-a373-552550023480'),
 ('84', '86', 'en_us', 'Desserts', NULL, NULL, '0.00', NULL, NULL, '0', NULL, NULL, NULL, NULL, NULL, NULL, NULL, '0', NULL, NULL, NULL, NULL, NULL, NULL, NULL, NULL, NULL, NULL, NULL, NULL, NULL, NULL, NULL, NULL, NULL, '2017-04-20 13:24:23', '2017-04-20 13:24:23', '54386dcb-a0db-4e33-b9a4-36bce6ee3549'),
 ('86', '88', 'en_us', 'alfredo chicken', NULL, 'Lorem ipsum dolor sit amet, consectetur adipiscing elit. Cras aliquet aliquet venenatis. Sed eu lacinia nisl, ut pretium velit. Sed id justo tortor. Ut posuere lectus felis, non facilisis lorem luctus et. Aliquam quis gravida leo. Vivamus dictum felis at quam faucibus varius. Proin eget imperdiet tortor. Integer et dui maximus, accumsan odio efficitur, scelerisque dolor. Integer ultricies pharetra nibh, in rutrum purus imperdiet sed.', '11.00', NULL, NULL, '0', NULL, NULL, NULL, NULL, NULL, NULL, NULL, '0', NULL, NULL, NULL, NULL, NULL, NULL, NULL, NULL, NULL, NULL, NULL, NULL, NULL, NULL, NULL, NULL, NULL, '2017-06-06 15:10:07', '2017-06-06 15:10:07', 'ec9e6d10-eb72-4912-a0bd-78615aff68fb'),
 ('87', '89', 'en_us', 'alfredo shrimp', NULL, 'Lorem ipsum dolor sit amet, consectetur adipiscing elit. Cras aliquet aliquet venenatis. Sed eu lacinia nisl, ut pretium velit. Sed id justo tortor. Ut posuere lectus felis, non facilisis lorem luctus et. Aliquam quis gravida leo. Vivamus dictum felis at quam faucibus varius. Proin eget imperdiet tortor. Integer et dui maximus, accumsan odio efficitur, scelerisque dolor. Integer ultricies pharetra nibh, in rutrum purus imperdiet sed.', '15.00', NULL, NULL, '0', NULL, NULL, NULL, NULL, NULL, NULL, NULL, '0', NULL, NULL, NULL, NULL, NULL, NULL, NULL, NULL, NULL, NULL, NULL, NULL, NULL, NULL, NULL, NULL, NULL, '2017-06-06 15:10:49', '2017-06-06 15:10:49', 'cdec800f-9890-407c-acca-a0a161e5ef29'),
 ('88', '90', 'en_us', 'onion soup', NULL, 'Lorem ipsum dolor sit amet, consectetur adipiscing elit. Cras aliquet aliquet venenatis. Sed eu lacinia nisl, ut pretium velit. Sed id justo tortor. Ut posuere lectus felis, non facilisis lorem luctus et. Aliquam quis gravida leo. Vivamus dictum felis at quam faucibus varius. Proin eget imperdiet tortor. Integer et dui maximus, accumsan odio efficitur, scelerisque dolor. Integer ultricies pharetra nibh, in rutrum purus imperdiet sed.', '7.00', NULL, NULL, '0', NULL, NULL, NULL, NULL, NULL, NULL, NULL, '0', NULL, NULL, NULL, NULL, NULL, NULL, NULL, NULL, NULL, NULL, NULL, '[\"glutenFree\"]', NULL, NULL, NULL, NULL, NULL, '2017-06-06 15:12:03', '2017-09-26 20:10:59', 'd4238c28-e87a-4804-82c9-c7d0e88e36b3'),
 ('89', '91', 'en_us', 'Italian cheese', NULL, 'Lorem ipsum dolor sit amet, consectetur adipiscing elit. Cras aliquet aliquet venenatis. Sed eu lacinia nisl, ut pretium velit. Sed id justo tortor. Ut posuere lectus felis, non facilisis lorem luctus et. Aliquam quis gravida leo. Vivamus dictum felis at quam faucibus varius. Proin eget imperdiet tortor. Integer et dui maximus, accumsan odio efficitur, scelerisque dolor. Integer ultricies pharetra nibh, in rutrum purus imperdiet sed.', '4.00', NULL, NULL, '0', NULL, NULL, NULL, NULL, NULL, NULL, NULL, '0', NULL, NULL, NULL, NULL, NULL, NULL, NULL, NULL, NULL, NULL, NULL, '', NULL, NULL, NULL, NULL, NULL, '2017-06-06 15:12:51', '2017-09-28 18:32:39', 'eb6a2904-925b-40c6-bc4a-ce210047f1df'),
 ('90', '92', 'en_us', 'lasagna', NULL, '<p>Lorem ipsum dolor sit amet, consectetur adipiscing elit. Cras aliquet aliquet venenatis. Sed eu lacinia nisl, ut pretium velit. Sed id justo tortor. Ut posuere lectus felis, non facilisis lorem luctus et. Aliquam quis gravida leo. Vivamus dictum felis at quam faucibus varius. Proin eget imperdiet tortor. Integer et dui maximus, accumsan odio efficitur, scelerisque dolor. Integer ultricies pharetra nibh, in rutrum purus imperdiet sed.</p>', '10.00', NULL, NULL, '0', NULL, NULL, NULL, NULL, NULL, NULL, NULL, '0', NULL, NULL, NULL, NULL, NULL, NULL, NULL, NULL, NULL, NULL, NULL, '', NULL, NULL, NULL, NULL, NULL, '2017-06-06 15:13:39', '2017-10-04 20:15:20', '688000ee-e82b-45a9-a17b-9d8e2868de1d'),
 ('91', '93', 'en_us', 'shrimp roll', NULL, 'Lorem ipsum dolor sit amet, consectetur adipiscing elit. Cras aliquet aliquet venenatis. Sed eu lacinia nisl, ut pretium velit. Sed id justo tortor. Ut posuere lectus felis, non facilisis lorem luctus et. Aliquam quis gravida leo. Vivamus dictum felis at quam faucibus varius. Proin eget imperdiet tortor. Integer et dui maximus, accumsan odio efficitur, scelerisque dolor. Integer ultricies pharetra nibh, in rutrum purus imperdiet sed.', '5.00', NULL, NULL, '0', NULL, NULL, NULL, NULL, NULL, NULL, NULL, '0', NULL, NULL, NULL, NULL, NULL, NULL, NULL, NULL, NULL, NULL, NULL, NULL, NULL, NULL, NULL, NULL, NULL, '2017-06-06 15:14:36', '2017-06-06 15:14:36', 'baab4f7a-c64e-445f-8446-ec23ac76eab4'),
 ('92', '94', 'en_us', 'breadstick', NULL, 'Lorem ipsum dolor sit amet, consectetur adipiscing elit. Cras aliquet aliquet venenatis. Sed eu lacinia nisl, ut pretium velit. Sed id justo tortor. Ut posuere lectus felis, non facilisis lorem luctus et. Aliquam quis gravida leo. Vivamus dictum felis at quam faucibus varius. Proin eget imperdiet tortor. Integer et dui maximus, accumsan odio efficitur, scelerisque dolor. Integer ultricies pharetra nibh, in rutrum purus imperdiet sed.', '5.00', NULL, NULL, '0', NULL, NULL, NULL, NULL, NULL, NULL, NULL, '0', NULL, NULL, NULL, NULL, NULL, NULL, NULL, NULL, NULL, NULL, NULL, '', NULL, NULL, NULL, NULL, NULL, '2017-06-06 15:15:48', '2017-09-28 18:34:09', '7fd1b64b-2a0e-47ae-8a5d-34ba07e968af'),
 ('93', '95', 'en_us', 'Caesar salad', NULL, 'Lorem ipsum dolor sit amet, consectetur adipiscing elit. Cras aliquet aliquet venenatis. Sed eu lacinia nisl, ut pretium velit. Sed id justo tortor. Ut posuere lectus felis, non facilisis lorem luctus et. Aliquam quis gravida leo. Vivamus dictum felis at quam faucibus varius. Proin eget imperdiet tortor. Integer et dui maximus, accumsan odio efficitur, scelerisque dolor. Integer ultricies pharetra nibh, in rutrum purus imperdiet sed.', '0.00', NULL, NULL, '0', NULL, NULL, NULL, NULL, NULL, NULL, NULL, '0', NULL, NULL, NULL, NULL, NULL, NULL, NULL, NULL, NULL, NULL, NULL, NULL, NULL, NULL, NULL, NULL, NULL, '2017-06-06 15:17:19', '2017-06-06 15:17:19', 'f2ae07ed-31c1-4091-bb4d-25fcb9d0803e'),
 ('94', '96', 'en_us', 'Fries', NULL, 'Lorem ipsum dolor sit amet, consectetur adipiscing elit. Cras aliquet aliquet venenatis. Sed eu lacinia nisl, ut pretium velit. Sed id justo tortor. Ut posuere lectus felis, non facilisis lorem luctus et. Aliquam quis gravida leo. Vivamus dictum felis at quam faucibus varius. Proin eget imperdiet tortor. Integer et dui maximus, accumsan odio efficitur, scelerisque dolor. Integer ultricies pharetra nibh, in rutrum purus imperdiet sed.', '1.50', NULL, NULL, '0', NULL, NULL, NULL, NULL, NULL, NULL, NULL, '0', NULL, NULL, NULL, NULL, NULL, NULL, NULL, NULL, NULL, NULL, NULL, '[\"vegetarian\",\"glutenFree\"]', NULL, NULL, NULL, NULL, NULL, '2017-06-06 15:18:40', '2017-09-26 20:08:09', 'd473b899-9f45-404f-ad27-5c8b9d2e48f4'),
 ('95', '97', 'en_us', 'Caprese salad', NULL, 'Lorem ipsum dolor sit amet, consectetur adipiscing elit. Cras aliquet aliquet venenatis. Sed eu lacinia nisl, ut pretium velit. Sed id justo tortor. Ut posuere lectus felis, non facilisis lorem luctus et. Aliquam quis gravida leo. Vivamus dictum felis at quam faucibus varius. Proin eget imperdiet tortor. Integer et dui maximus, accumsan odio efficitur, scelerisque dolor. Integer ultricies pharetra nibh, in rutrum purus imperdiet sed.', '5.00', NULL, NULL, '0', NULL, NULL, NULL, NULL, NULL, NULL, NULL, '0', NULL, NULL, NULL, NULL, NULL, NULL, NULL, NULL, NULL, NULL, NULL, NULL, NULL, NULL, NULL, NULL, NULL, '2017-06-06 15:20:49', '2017-06-06 15:20:49', '57516fc5-b0e5-40e8-818e-5e61086559be'),
 ('96', '98', 'en_us', 'coca-cola', NULL, 'Lorem ipsum dolor sit amet, consectetur adipiscing elit. Cras aliquet aliquet venenatis. Sed eu lacinia nisl, ut pretium velit. Sed id justo tortor. Ut posuere lectus felis, non facilisis lorem luctus et. Aliquam quis gravida leo. Vivamus dictum felis at quam faucibus varius. Proin eget imperdiet tortor. Integer et dui maximus, accumsan odio efficitur, scelerisque dolor. Integer ultricies pharetra nibh, in rutrum purus imperdiet sed.', '2.00', NULL, NULL, '0', NULL, NULL, NULL, NULL, NULL, NULL, NULL, '0', NULL, NULL, NULL, NULL, NULL, NULL, NULL, NULL, NULL, NULL, NULL, NULL, NULL, NULL, NULL, NULL, NULL, '2017-06-06 15:24:11', '2017-06-06 15:24:11', 'ed5506d7-c2dc-4396-9907-ca5f258d573f'),
 ('97', '99', 'en_us', 'fanta', NULL, 'Lorem ipsum dolor sit amet, consectetur adipiscing elit. Cras aliquet aliquet venenatis. Sed eu lacinia nisl, ut pretium velit. Sed id justo tortor. Ut posuere lectus felis, non facilisis lorem luctus et. Aliquam quis gravida leo. Vivamus dictum felis at quam faucibus varius. Proin eget imperdiet tortor. Integer et dui maximus, accumsan odio efficitur, scelerisque dolor. Integer ultricies pharetra nibh, in rutrum purus imperdiet sed.', '2.00', NULL, NULL, '0', NULL, NULL, NULL, NULL, NULL, NULL, NULL, '0', NULL, NULL, NULL, NULL, NULL, NULL, NULL, NULL, NULL, NULL, NULL, NULL, NULL, NULL, NULL, NULL, NULL, '2017-06-06 15:24:40', '2017-06-06 15:24:40', '782168ee-94a6-48c4-b409-b6d214aef888'),
 ('98', '100', 'en_us', 'sprite', NULL, 'Lorem ipsum dolor sit amet, consectetur adipiscing elit. Cras aliquet aliquet venenatis. Sed eu lacinia nisl, ut pretium velit. Sed id justo tortor. Ut posuere lectus felis, non facilisis lorem luctus et. Aliquam quis gravida leo. Vivamus dictum felis at quam faucibus varius. Proin eget imperdiet tortor. Integer et dui maximus, accumsan odio efficitur, scelerisque dolor. Integer ultricies pharetra nibh, in rutrum purus imperdiet sed.', '2.00', NULL, NULL, '0', NULL, NULL, NULL, NULL, NULL, NULL, NULL, '0', NULL, NULL, NULL, NULL, NULL, NULL, NULL, NULL, NULL, NULL, NULL, NULL, NULL, NULL, NULL, NULL, NULL, '2017-06-06 15:25:11', '2017-06-06 15:25:11', 'f2c35630-3e43-48c7-b7fc-9d4a6c03b2d6'),
 ('99', '101', 'en_us', 'chocolat cake', NULL, 'Lorem ipsum dolor sit amet, consectetur adipiscing elit. Cras aliquet aliquet venenatis. Sed eu lacinia nisl, ut pretium velit. Sed id justo tortor. Ut posuere lectus felis, non facilisis lorem luctus et. Aliquam quis gravida leo. Vivamus dictum felis at quam faucibus varius. Proin eget imperdiet tortor. Integer et dui maximus, accumsan odio efficitur, scelerisque dolor. Integer ultricies pharetra nibh, in rutrum purus imperdiet sed.', '4.00', NULL, NULL, '0', NULL, NULL, NULL, NULL, NULL, NULL, NULL, '0', NULL, NULL, NULL, NULL, NULL, NULL, NULL, NULL, NULL, NULL, NULL, NULL, NULL, NULL, NULL, NULL, NULL, '2017-06-06 15:26:06', '2017-06-06 15:26:06', '162383be-5120-45db-887d-ea7286bec0a2'),
 ('100', '102', 'en_us', 'Strawberry Ice cream', NULL, '<p>Lorem ipsum dolor sit amet, consectetur adipiscing elit. Cras aliquet aliquet venenatis. Sed eu lacinia nisl, ut pretium velit. Sed id justo tortor. Ut posuere lectus felis, non facilisis lorem luctus et. Aliquam quis gravida leo. Vivamus dictum felis at quam faucibus varius. Proin eget imperdiet tortor. Integer et dui maximus, accumsan odio efficitur, scelerisque dolor. Integer ultricies pharetra nibh, in rutrum purus imperdiet sed.</p>', '0.00', NULL, NULL, '0', NULL, NULL, NULL, NULL, NULL, NULL, NULL, '0', NULL, NULL, NULL, NULL, NULL, NULL, NULL, NULL, NULL, NULL, NULL, '', NULL, NULL, NULL, NULL, NULL, '2017-06-06 15:26:46', '2017-10-04 20:25:46', '78ea7010-66f8-4db1-883c-38c2fb9bc1e7'),
 ('103', '105', 'en_us', 'News Entry', '<p>Here is news</p>', NULL, '0.00', NULL, NULL, '0', NULL, NULL, NULL, NULL, NULL, NULL, NULL, '1', NULL, NULL, NULL, NULL, '2017-09-28 04:00:00', NULL, NULL, NULL, NULL, NULL, NULL, NULL, NULL, NULL, NULL, NULL, NULL, '2017-09-26 19:22:14', '2017-10-04 20:41:47', '72f31666-8f8b-4c7d-aeeb-04ad8ac0382e'),
 ('104', '108', 'en_us', 'Soda', NULL, NULL, '0.00', NULL, NULL, '0', NULL, NULL, NULL, NULL, NULL, NULL, NULL, '0', NULL, NULL, NULL, NULL, NULL, NULL, NULL, NULL, NULL, NULL, NULL, '[]', '', NULL, NULL, NULL, NULL, '2017-10-10 17:36:00', '2017-10-10 17:36:00', 'cdcf0651-04c9-432e-a50e-2716e2373077'),
 ('105', '109', 'en_us', NULL, NULL, NULL, '0.00', NULL, NULL, '0', NULL, NULL, NULL, NULL, NULL, NULL, NULL, '0', NULL, NULL, NULL, NULL, NULL, NULL, NULL, NULL, NULL, NULL, NULL, '[]', NULL, NULL, NULL, NULL, NULL, '2017-10-17 19:15:45', '2017-10-17 19:19:21', '1e35c2d4-43db-47b5-bb1b-7ab8916e97ab');



DROP TABLE IF EXISTS `craft_deprecationerrors`;


--
-- Schema for table `craft_deprecationerrors`
--
CREATE TABLE `craft_deprecationerrors` (
  `id` int(11) NOT NULL AUTO_INCREMENT,
  `key` varchar(255) COLLATE utf8_unicode_ci NOT NULL,
  `fingerprint` varchar(255) COLLATE utf8_unicode_ci NOT NULL,
  `lastOccurrence` datetime NOT NULL,
  `file` varchar(255) COLLATE utf8_unicode_ci NOT NULL,
  `line` smallint(6) unsigned NOT NULL,
  `class` varchar(255) COLLATE utf8_unicode_ci DEFAULT NULL,
  `method` varchar(255) COLLATE utf8_unicode_ci DEFAULT NULL,
  `template` varchar(255) COLLATE utf8_unicode_ci DEFAULT NULL,
  `templateLine` smallint(6) unsigned DEFAULT NULL,
  `message` varchar(255) COLLATE utf8_unicode_ci DEFAULT NULL,
  `traces` text COLLATE utf8_unicode_ci,
  `dateCreated` datetime NOT NULL,
  `dateUpdated` datetime NOT NULL,
  `uid` char(36) COLLATE utf8_unicode_ci NOT NULL DEFAULT '0',
  PRIMARY KEY (`id`),
  UNIQUE KEY `craft_deprecationerrors_key_fingerprint_unq_idx` (`key`,`fingerprint`)
) ENGINE=InnoDB DEFAULT CHARSET=utf8 COLLATE=utf8_unicode_ci;

DROP TABLE IF EXISTS `craft_elementindexsettings`;


--
-- Schema for table `craft_elementindexsettings`
--
CREATE TABLE `craft_elementindexsettings` (
  `id` int(11) NOT NULL AUTO_INCREMENT,
  `type` varchar(150) COLLATE utf8_unicode_ci NOT NULL,
  `settings` text COLLATE utf8_unicode_ci,
  `dateCreated` datetime NOT NULL,
  `dateUpdated` datetime NOT NULL,
  `uid` char(36) COLLATE utf8_unicode_ci NOT NULL DEFAULT '0',
  PRIMARY KEY (`id`),
  UNIQUE KEY `craft_elementindexsettings_type_unq_idx` (`type`)
) ENGINE=InnoDB AUTO_INCREMENT=2 DEFAULT CHARSET=utf8 COLLATE=utf8_unicode_ci;

--
-- Data for table `craft_elementindexsettings`
--

INSERT INTO `craft_elementindexsettings` (`id`, `type`, `settings`, `dateCreated`, `dateUpdated`, `uid`) VALUES
 ('1', 'Entry', '{\"sources\":{\"section:10\":{\"tableAttributes\":{\"1\":\"postDate\",\"2\":\"link\",\"3\":\"field:15\",\"4\":\"field:16\"}},\"section:8\":{\"tableAttributes\":{\"1\":\"postDate\",\"2\":\"expiryDate\",\"3\":\"link\",\"4\":\"field:19\"}},\"section:2\":{\"tableAttributes\":{\"1\":\"postDate\",\"2\":\"expiryDate\",\"3\":\"link\",\"4\":\"field:31\"}}}}', '2017-02-02 17:44:18', '2017-02-27 15:04:09', '41593e6a-5906-4d50-858f-0293572f42a8');



DROP TABLE IF EXISTS `craft_elements`;


--
-- Schema for table `craft_elements`
--
CREATE TABLE `craft_elements` (
  `id` int(11) NOT NULL AUTO_INCREMENT,
  `type` varchar(150) COLLATE utf8_unicode_ci NOT NULL,
  `enabled` tinyint(1) unsigned NOT NULL DEFAULT '1',
  `archived` tinyint(1) unsigned NOT NULL DEFAULT '0',
  `dateCreated` datetime NOT NULL,
  `dateUpdated` datetime NOT NULL,
  `uid` char(36) COLLATE utf8_unicode_ci NOT NULL DEFAULT '0',
  PRIMARY KEY (`id`),
  KEY `craft_elements_type_idx` (`type`),
  KEY `craft_elements_enabled_idx` (`enabled`),
  KEY `craft_elements_archived_dateCreated_idx` (`archived`,`dateCreated`)
) ENGINE=InnoDB AUTO_INCREMENT=111 DEFAULT CHARSET=utf8 COLLATE=utf8_unicode_ci;

--
-- Data for table `craft_elements`
--

INSERT INTO `craft_elements` (`id`, `type`, `enabled`, `archived`, `dateCreated`, `dateUpdated`, `uid`) VALUES
 ('1', 'User', '1', '0', '2017-01-24 03:51:10', '2017-01-24 04:36:12', '50a6b19e-2d94-4e72-8dbb-019356a39d0d'),
 ('2', 'Entry', '1', '0', '2017-01-24 03:51:11', '2017-11-09 19:12:32', 'da44ba2f-1ad5-4a43-b34e-8480d5c7f7da'),
 ('5', 'Category', '1', '0', '2017-01-24 15:31:16', '2017-09-26 20:18:21', 'c11cf4cf-00b3-406e-83c1-8c28d54e843c'),
 ('6', 'Entry', '1', '0', '2017-01-24 15:33:41', '2017-09-26 20:39:41', '0661a069-3332-4cb9-98a2-8c1a0df7dba4'),
 ('7', 'Asset', '1', '0', '2017-01-24 15:43:59', '2017-01-24 15:43:59', '15ff5d19-0428-49ba-8d90-e0be66a535a7'),
 ('8', 'Entry', '1', '0', '2017-01-24 16:04:19', '2017-11-02 19:59:09', '1b4d7a15-7369-4477-867a-8e9e7af6510d'),
 ('10', 'GlobalSet', '1', '0', '2017-01-24 16:31:34', '2017-10-17 20:30:46', '71f1c9e9-de74-496f-ac25-4f431a68524c'),
 ('11', 'GlobalSet', '1', '0', '2017-01-24 16:31:51', '2017-03-09 15:07:41', 'bce50cc8-6254-4507-8e07-af78cbcd6fa6'),
 ('13', 'Asset', '1', '0', '2017-01-27 20:31:06', '2017-01-27 20:31:06', 'c8070485-f40b-426b-8356-7c8622ce9749'),
 ('14', 'Entry', '1', '0', '2017-01-30 15:31:53', '2017-11-07 19:42:43', '61399656-a643-4205-9baf-f4ce1a379bb4'),
 ('23', 'Category', '1', '0', '2017-01-31 17:04:29', '2017-01-31 17:04:29', '070fbdbe-1146-4535-9c91-eec72753795f'),
 ('24', 'Entry', '1', '0', '2017-01-31 17:05:35', '2017-02-07 15:06:24', 'ce66745a-6d24-486a-ba3e-fba4101aee06'),
 ('25', 'Category', '1', '0', '2017-01-31 17:05:43', '2017-09-28 19:22:16', 'bc07c463-32ff-44d2-928f-4f2081d69833'),
 ('26', 'Entry', '1', '0', '2017-01-31 17:06:07', '2017-02-09 17:07:03', 'a69c6087-e963-4991-b049-990517a78db6'),
 ('28', 'Category', '1', '0', '2017-02-02 17:37:04', '2017-03-06 15:32:58', '57ebe824-aa94-4a9b-9d0b-c9471b00e297'),
 ('29', 'Category', '1', '0', '2017-02-02 17:37:07', '2017-02-02 17:37:07', 'f4f08e91-9521-4c66-99b8-ee29945fb529'),
 ('30', 'Category', '1', '0', '2017-02-02 17:37:14', '2017-02-02 17:37:14', '49c1001a-5e76-4038-b597-4fba90223277'),
 ('31', 'Category', '1', '0', '2017-02-02 17:37:17', '2017-02-02 17:37:17', 'd068de16-4673-4928-aa4f-e4add7ecb755'),
 ('32', 'Category', '1', '0', '2017-02-02 17:37:20', '2017-02-02 17:37:20', 'f421bbc3-8b3c-46b9-94f8-0afc0fe83933'),
 ('34', 'MatrixBlock', '1', '0', '2017-02-02 17:43:02', '2017-03-21 15:35:06', 'bc649eb2-08f1-440f-bad4-767ab09c0adc'),
 ('35', 'MatrixBlock', '1', '0', '2017-02-02 17:43:02', '2017-03-21 15:35:06', '5756171f-cc62-4a28-9785-64cf03e37bb0'),
 ('40', 'Category', '1', '0', '2017-02-09 17:10:08', '2017-02-09 17:10:08', '9655c678-d8d7-4e10-bffd-2e5cf03bc3a0'),
 ('41', 'Category', '1', '0', '2017-02-09 17:10:12', '2017-02-09 17:10:12', '22cc6885-73de-42aa-acc1-db100bec1ba3'),
 ('42', 'Category', '1', '0', '2017-02-09 17:10:15', '2017-02-09 17:10:15', 'e16ea840-9e8b-4b90-a59d-49f1ea66010d'),
 ('43', 'Category', '1', '0', '2017-02-09 17:10:19', '2017-02-09 17:10:19', '56726fc4-e9fc-4ee8-b641-a6904e68f080'),
 ('44', 'Category', '1', '0', '2017-02-09 17:10:24', '2017-02-09 17:10:24', 'e02db1bf-c70d-405a-a765-edb86cab7c38'),
 ('45', 'Category', '1', '0', '2017-02-09 17:10:29', '2017-02-09 17:10:29', 'e542f744-9403-481e-81ce-023128c78dfb'),
 ('46', 'Category', '1', '0', '2017-02-09 17:10:34', '2017-02-09 17:10:34', '6da8397c-938a-44f8-ae79-80396bebe7f3'),
 ('49', 'Asset', '1', '0', '2017-02-14 15:26:49', '2017-02-14 15:26:49', '6d44dbf1-61c2-4c42-9468-e296a45893cb'),
 ('50', 'Entry', '1', '0', '2017-02-14 15:27:01', '2017-05-12 15:59:43', '60f084c5-ca35-40c4-8c65-24e3a5351938'),
 ('51', 'Asset', '1', '0', '2017-02-14 15:30:03', '2017-02-14 15:30:03', '1386bdc8-6736-4b28-b382-3b0faf17ede7'),
 ('52', 'Asset', '1', '0', '2017-02-14 15:31:43', '2017-02-14 15:31:43', 'c533aad9-58b5-4c2a-b227-1fd29f30dbb8'),
 ('54', 'Asset', '1', '0', '2017-02-14 16:28:22', '2017-02-14 16:28:22', '49b499b2-0a79-43f0-8ddd-cb5732edd664'),
 ('55', 'Entry', '1', '0', '2017-02-14 16:31:16', '2017-07-10 16:55:05', '1c539627-b259-498b-8ca7-a343137ca6e2'),
 ('56', 'Asset', '1', '0', '2017-02-14 16:34:43', '2017-02-14 16:34:43', '6ae862f2-6448-402e-b2cd-68a6a8a80a00'),
 ('61', 'Asset', '1', '0', '2017-02-24 15:06:59', '2017-02-24 15:06:59', '7a643ef4-e07d-46a5-ac5c-dd99d5c1ee5e'),
 ('62', 'Asset', '1', '0', '2017-02-24 15:07:09', '2017-02-24 15:07:09', '4cc7361a-24b2-48df-8110-938c99173785'),
 ('63', 'Category', '1', '0', '2017-02-24 15:52:03', '2017-02-24 15:52:03', '9e51d251-9184-4d83-b94a-d02f04715bab'),
 ('64', 'Entry', '1', '0', '2017-02-27 15:28:22', '2017-10-04 20:15:30', '0bf5e1bd-a7fb-4eba-b3bd-5a6749150d58'),
 ('65', 'Asset', '1', '0', '2017-03-06 15:32:55', '2017-03-06 15:32:55', '0a9eda7e-6d52-431a-8003-86942482fbb2'),
 ('66', 'Entry', '1', '0', '2017-03-06 15:33:59', '2017-09-28 18:41:27', '18ab96ef-464b-4bd2-ab7c-4500ab7a3cc0'),
 ('67', 'Asset', '1', '0', '2017-03-09 15:05:38', '2017-03-09 15:05:38', '0e53938c-f5c1-4fba-9f9f-375aaabce552'),
 ('68', 'Asset', '1', '0', '2017-03-09 15:05:38', '2017-06-07 17:12:40', '05eae410-acf0-4ee9-8fc3-1c8615b1d58e'),
 ('69', 'Asset', '1', '0', '2017-03-09 15:05:38', '2017-06-06 15:57:37', '96aa48da-8810-49a9-9aa6-fa8c943bfdb9'),
 ('70', 'Asset', '1', '0', '2017-03-09 15:05:38', '2017-03-09 15:05:38', '2cdcd278-ce1b-4949-9442-74fdacd4e736'),
 ('71', 'Asset', '1', '0', '2017-03-09 15:05:39', '2017-03-09 15:05:39', '3ddf237a-7932-425b-b9da-cb86172f6b48'),
 ('72', 'Asset', '1', '0', '2017-03-09 15:06:34', '2017-03-09 15:06:34', '3ab49f89-60ae-4d21-ad03-5d4c009885d0'),
 ('73', 'Asset', '1', '0', '2017-03-09 15:06:35', '2017-03-09 15:06:35', '429cdb34-c74b-4cf2-8bbe-a66d4afb7cf8'),
 ('74', 'Asset', '1', '0', '2017-03-09 15:06:37', '2017-03-09 15:06:37', '8d66d312-22e9-4286-83a6-567b7016278f'),
 ('75', 'Asset', '1', '0', '2017-03-09 15:06:37', '2017-11-09 19:12:30', '08efc2a1-5905-4db0-a067-5382d2f23e55'),
 ('76', 'Asset', '1', '0', '2017-03-09 15:06:43', '2017-03-09 15:06:43', '2dfef452-dde8-4ada-90fc-7369ebb94300'),
 ('77', 'Asset', '1', '0', '2017-03-09 15:06:43', '2017-03-09 15:06:43', '3297ae94-0b76-416a-bb4b-2cd85eabbed6'),
 ('78', 'Asset', '1', '0', '2017-03-09 15:06:44', '2017-03-09 15:06:44', '9707e2b0-77e1-46a5-91a0-de795e03284c'),
 ('79', 'Asset', '1', '0', '2017-03-09 15:06:46', '2017-03-09 15:06:46', '45d5f717-5bb9-4d4b-afeb-6a208d521ba0'),
 ('80', 'Category', '1', '0', '2017-04-20 13:22:42', '2017-04-20 13:22:42', '0cae5fd6-157b-4377-856c-9f3beb37ae4e'),
 ('81', 'Category', '1', '0', '2017-04-20 13:22:48', '2017-10-10 17:35:53', '0c00597e-5d11-47ca-8ee6-8d0d2b5e17af'),
 ('82', 'Entry', '1', '0', '2017-04-20 13:23:18', '2017-10-19 17:57:38', 'a108dd86-7f14-4f01-913a-7b53a841a3a8'),
 ('83', 'Entry', '1', '0', '2017-04-20 13:23:44', '2017-04-20 13:24:49', '7c6e9cae-98e2-40ac-a1ce-3a5b8420baff'),
 ('84', 'Category', '1', '0', '2017-04-20 13:23:56', '2017-04-20 13:23:56', 'fc855c41-8fa8-49a4-aad1-beb6db7a41d0'),
 ('85', 'Category', '1', '0', '2017-04-20 13:24:05', '2017-04-20 13:24:05', '9f716102-81e2-4133-8afa-3c01e4339ce1'),
 ('86', 'Category', '1', '0', '2017-04-20 13:24:23', '2017-04-20 13:24:23', '0102273d-963a-40c4-8280-fc68c111fe49'),
 ('88', 'Entry', '1', '0', '2017-06-06 15:10:07', '2017-06-06 15:10:07', '05676cbb-5388-4d50-9b60-947afec5dd94'),
 ('89', 'Entry', '1', '0', '2017-06-06 15:10:49', '2017-06-06 15:10:49', '7c003b4e-66c6-407c-a66d-f0cb0e3704bc'),
 ('90', 'Entry', '1', '0', '2017-06-06 15:12:03', '2017-09-26 20:10:59', '529b5131-a4c9-4fb7-b3ff-86f203548ea0'),
 ('91', 'Entry', '1', '0', '2017-06-06 15:12:51', '2017-09-28 18:32:39', '1d5d759d-7075-45f7-8c3b-94f579d4f3f5'),
 ('92', 'Entry', '1', '0', '2017-06-06 15:13:39', '2017-10-04 20:15:20', 'c54b0c60-9dbd-419c-b7db-64ef696bd39b'),
 ('93', 'Entry', '1', '0', '2017-06-06 15:14:36', '2017-06-06 15:14:36', 'b96272c7-c257-4658-974d-7146dd02e3b8'),
 ('94', 'Entry', '1', '0', '2017-06-06 15:15:48', '2017-09-28 18:34:09', '4f4f0ba8-c89a-46f7-8ae2-e8c45bd197e4'),
 ('95', 'Entry', '1', '0', '2017-06-06 15:17:19', '2017-06-06 15:17:19', '66a5af83-6952-41c4-9b1f-b38f1689f4fa'),
 ('96', 'Entry', '1', '0', '2017-06-06 15:18:40', '2017-09-26 20:08:09', 'c4745f66-34c9-4c29-8653-60c38bc55184'),
 ('97', 'Entry', '1', '0', '2017-06-06 15:20:49', '2017-06-06 15:20:49', 'b4c598a0-ab56-4efd-8dab-68bbc5b2f30b'),
 ('98', 'Entry', '1', '0', '2017-06-06 15:24:11', '2017-06-06 15:24:11', '7019dc74-03ae-404b-b8aa-97f5ac0b1e4c'),
 ('99', 'Entry', '1', '0', '2017-06-06 15:24:40', '2017-06-06 15:24:40', 'eb51f17f-b10b-45f5-a522-abfec797854c'),
 ('100', 'Entry', '1', '0', '2017-06-06 15:25:11', '2017-06-06 15:25:11', 'e8142f68-552f-4e40-8057-9258998ff0fd'),
 ('101', 'Entry', '1', '0', '2017-06-06 15:26:06', '2017-06-06 15:26:06', '533c64bc-9309-4986-9f12-70b3a0e72590'),
 ('102', 'Entry', '1', '0', '2017-06-06 15:26:46', '2017-10-04 20:25:46', '1a133feb-f962-4101-9ed4-2911b2047579'),
 ('105', 'Entry', '0', '0', '2017-09-26 19:22:14', '2017-11-02 19:56:15', '64dcfce8-fb07-4ddd-bc8a-59603eb08884'),
 ('106', 'MatrixBlock', '1', '0', '2017-09-28 19:03:10', '2017-10-17 20:30:46', '3edaab5c-2edc-4e36-96e0-021f05805c7f'),
 ('107', 'MatrixBlock', '1', '0', '2017-09-28 19:03:10', '2017-10-17 20:30:46', '9fc7af8c-186f-4bf3-a2d7-8439db55a21c'),
 ('108', 'Category', '1', '0', '2017-10-10 17:36:00', '2017-10-10 17:36:00', '2ac5a233-768c-44aa-8957-89e6bca44369'),
 ('109', 'GlobalSet', '1', '0', '2017-10-17 19:15:45', '2017-10-17 19:19:21', 'e2203a75-21bc-4d68-9597-42f42fd0de46');



DROP TABLE IF EXISTS `craft_elements_i18n`;


--
-- Schema for table `craft_elements_i18n`
--
CREATE TABLE `craft_elements_i18n` (
  `id` int(11) NOT NULL AUTO_INCREMENT,
  `elementId` int(11) NOT NULL,
  `locale` char(12) COLLATE utf8_unicode_ci NOT NULL,
  `slug` varchar(255) COLLATE utf8_unicode_ci DEFAULT NULL,
  `uri` varchar(255) COLLATE utf8_unicode_ci DEFAULT NULL,
  `enabled` tinyint(1) unsigned NOT NULL DEFAULT '1',
  `dateCreated` datetime NOT NULL,
  `dateUpdated` datetime NOT NULL,
  `uid` char(36) COLLATE utf8_unicode_ci NOT NULL DEFAULT '0',
  PRIMARY KEY (`id`),
  UNIQUE KEY `craft_elements_i18n_elementId_locale_unq_idx` (`elementId`,`locale`),
  UNIQUE KEY `craft_elements_i18n_uri_locale_unq_idx` (`uri`,`locale`),
  KEY `craft_elements_i18n_slug_locale_idx` (`slug`,`locale`),
  KEY `craft_elements_i18n_enabled_idx` (`enabled`),
  KEY `craft_elements_i18n_locale_fk` (`locale`)
) ENGINE=InnoDB AUTO_INCREMENT=111 DEFAULT CHARSET=utf8 COLLATE=utf8_unicode_ci;

--
-- Data for table `craft_elements_i18n`
--

INSERT INTO `craft_elements_i18n` (`id`, `elementId`, `locale`, `slug`, `uri`, `enabled`, `dateCreated`, `dateUpdated`, `uid`) VALUES
 ('1', '1', 'en_us', '', NULL, '1', '2017-01-24 03:51:10', '2017-01-24 04:36:12', '3641fb50-132c-47d1-83df-f00f8e87b024'),
 ('2', '2', 'en_us', 'homepage', '__home__', '1', '2017-01-24 03:51:11', '2017-11-09 19:12:32', 'da96e71f-a05b-4013-bb60-5f81dcc2db8e'),
 ('5', '5', 'en_us', 'appetizer', 'food-category/appetizer', '1', '2017-01-24 15:31:16', '2017-09-26 20:18:21', '8f3a72e6-7b16-4b10-a044-01e098a6834e'),
 ('6', '6', 'en_us', 'steak', 'menu/steak', '1', '2017-01-24 15:33:42', '2017-09-26 20:39:41', 'ec0248fe-f706-46af-9efd-41cad114dddc'),
 ('7', '7', 'en_us', 'idea-base-logo-horizontal-color', NULL, '1', '2017-01-24 15:43:59', '2017-01-24 15:43:59', 'c6adfd56-9cfa-4a8c-b8f5-ebcec2a83976'),
 ('8', '8', 'en_us', 'about-treno', 'about', '1', '2017-01-24 16:04:19', '2017-11-02 19:59:09', 'b469797e-5673-4796-a8f8-cba9a6270ea0'),
 ('10', '10', 'en_us', '', NULL, '1', '2017-01-24 16:31:35', '2017-10-17 20:30:46', '8feafbff-aea3-4e33-89d4-3ecc0b5224a8'),
 ('11', '11', 'en_us', '', NULL, '1', '2017-01-24 16:31:51', '2017-03-09 15:07:41', '36059fd2-6f81-41f5-b523-7ffeba001320'),
 ('13', '13', 'en_us', 'idea-base-logo-horizontal-color', NULL, '1', '2017-01-27 20:31:06', '2017-01-27 20:31:06', '8f3311fe-4514-4cd9-bcf7-8e6f00697037'),
 ('14', '14', 'en_us', 'directions', 'directions', '1', '2017-01-30 15:31:53', '2017-11-07 19:42:43', 'bf8ba4ec-3471-4975-a423-0447985d2e23'),
 ('23', '23', 'en_us', 'specials', 'special-category/specials', '1', '2017-01-31 17:04:29', '2017-01-31 17:04:30', '855cfe74-6588-4262-bae6-ddfb70e97d99'),
 ('24', '24', 'en_us', 'fish-sandwich', 'menu/fish-sandwich', '1', '2017-01-31 17:05:35', '2017-02-07 15:06:24', 'c9cb2a4b-1610-47d2-aa5b-76e404e9f1ee'),
 ('25', '25', 'en_us', 'entree', 'food-category/entree', '1', '2017-01-31 17:05:44', '2017-09-28 19:22:16', 'a7bcdcfb-38b3-42c3-8317-1ae4b082ef5b'),
 ('26', '26', 'en_us', 'prime-rib', 'menu/prime-rib', '1', '2017-01-31 17:06:07', '2017-02-09 17:07:04', 'e71e215a-7c64-48fa-8e7c-0a3846ab63cc'),
 ('28', '28', 'en_us', 'lunch', 'menu/lunch', '1', '2017-02-02 17:37:04', '2017-03-06 15:32:58', 'd28cfbbf-6f3c-44d0-b198-d3ea8da69d5f'),
 ('29', '29', 'en_us', 'dinner', 'menu/dinner', '1', '2017-02-02 17:37:07', '2017-02-07 05:20:55', 'd5c4a052-5262-4b48-90f2-5418906780b7'),
 ('30', '30', 'en_us', 'soda', 'drink-category/soda', '1', '2017-02-02 17:37:14', '2017-02-02 17:37:14', '258e7bd4-eb9f-49b1-abce-43c7ddee51e4'),
 ('31', '31', 'en_us', 'beer', 'drink-category/beer', '1', '2017-02-02 17:37:18', '2017-02-02 17:37:18', 'e51b648a-f4d0-4b21-92ab-da542e1422d6'),
 ('32', '32', 'en_us', 'wine', 'drink-category/wine', '1', '2017-02-02 17:37:20', '2017-02-02 17:37:20', '76cc9143-2548-4968-9f55-1024137d0d50'),
 ('34', '34', 'en_us', '', NULL, '1', '2017-02-02 17:43:02', '2017-03-21 15:35:06', 'f05f0c33-16a2-4fd0-b169-52df82726fe7'),
 ('35', '35', 'en_us', '', NULL, '1', '2017-02-02 17:43:02', '2017-03-21 15:35:06', 'a3a67919-6627-42f5-9a13-8440c3d01278'),
 ('40', '40', 'en_us', 'monday', 'days-of-the-week/monday', '1', '2017-02-09 17:10:08', '2017-02-09 17:10:08', 'c6e5d830-f2a7-45f9-b4a5-56a83e423858'),
 ('41', '41', 'en_us', 'tuesday', 'days-of-the-week/tuesday', '1', '2017-02-09 17:10:12', '2017-02-09 17:10:12', '9ef7aa8d-a055-4f4e-940e-bcc74bbe17d1'),
 ('42', '42', 'en_us', 'wednesday', 'days-of-the-week/wednesday', '1', '2017-02-09 17:10:15', '2017-02-09 17:10:15', '0b7b25c8-5b75-4e0b-92b0-43c7584ac035'),
 ('43', '43', 'en_us', 'thursday', 'days-of-the-week/thursday', '1', '2017-02-09 17:10:19', '2017-02-09 17:10:19', '759c11b3-3afb-4085-bcda-18283fd98c45'),
 ('44', '44', 'en_us', 'friday', 'days-of-the-week/friday', '1', '2017-02-09 17:10:24', '2017-02-09 17:10:24', 'e56f2d51-8163-4c88-91f6-e4c61f601810'),
 ('45', '45', 'en_us', 'saturday', 'days-of-the-week/saturday', '1', '2017-02-09 17:10:29', '2017-02-09 17:10:29', '23268226-6766-4ebc-a4b1-0bb277cd2433'),
 ('46', '46', 'en_us', 'sunday', 'days-of-the-week/sunday', '1', '2017-02-09 17:10:34', '2017-02-09 17:10:34', '4b13543a-33db-4412-bd0e-75fae05f0f5a'),
 ('49', '49', 'en_us', 'heatshot', NULL, '1', '2017-02-14 15:26:49', '2017-02-14 15:26:49', 'b6fe0666-f66b-40ef-80a2-9abc75218d18'),
 ('50', '50', 'en_us', 'jon-smith', 'team-profiles/jon-smith', '1', '2017-02-14 15:27:01', '2017-05-12 15:59:43', '3ed87a89-406a-4e1e-a66f-867a477f3e88'),
 ('51', '51', 'en_us', 'map', NULL, '1', '2017-02-14 15:30:03', '2017-02-14 15:30:03', '8828698c-1143-4156-a255-e7644a85f703'),
 ('52', '52', 'en_us', 'idea-base-logo-horizontal-color', NULL, '1', '2017-02-14 15:31:43', '2017-02-14 15:31:43', '7615d6c0-3af0-4de6-bf12-53e37d0e13bd'),
 ('54', '54', 'en_us', '5-ffa85-b58-a16-a432', NULL, '1', '2017-02-14 16:28:22', '2017-02-14 16:28:22', '2cf39b95-7a66-4cc2-b000-f776d4c829dc'),
 ('55', '55', 'en_us', 'test', 'reservations', '1', '2017-02-14 16:31:16', '2017-07-10 16:55:05', '38938e45-892b-4624-8cbe-0ff5cf99d7e6'),
 ('56', '56', 'en_us', 'dscf2212-2', NULL, '1', '2017-02-14 16:34:43', '2017-02-14 16:34:43', '5ff162e4-c7ef-4266-98f5-5e45ea0ae1a6'),
 ('61', '61', 'en_us', 'kent-bw-pufferbelly', NULL, '1', '2017-02-24 15:06:59', '2017-02-24 15:06:59', '9aa16f5e-baa5-4a62-86c0-99eeea236c01'),
 ('62', '62', 'en_us', 'low-angle-pufferbelly', NULL, '1', '2017-02-24 15:07:09', '2017-02-24 15:07:09', '918a7d9a-74a4-490c-b13d-3fd752279e9b'),
 ('63', '63', 'en_us', 'brunch', 'menu/brunch', '1', '2017-02-24 15:52:03', '2017-04-20 13:25:07', 'c1d02cfd-aeb2-443f-9151-c75713560295'),
 ('64', '64', 'en_us', 'brunch-item', 'menu/brunch-item', '1', '2017-02-27 15:28:22', '2017-10-04 20:15:30', '44d21ae6-6526-416b-a172-54a4c6e9c610'),
 ('65', '65', 'en_us', 'czek-1', NULL, '1', '2017-03-06 15:32:55', '2017-03-06 15:32:55', '47777e30-2abd-44bb-a405-04859ca7cd29'),
 ('66', '66', 'en_us', 'menu-landing-page', 'menu', '1', '2017-03-06 15:33:59', '2017-09-28 18:41:27', 'c0d00712-9fc5-4e6c-85cd-1899a8d67a12'),
 ('67', '67', 'en_us', 'arrow-left-gold', NULL, '1', '2017-03-09 15:05:38', '2017-03-09 15:05:38', 'dd7602af-e831-46cd-a237-9e6588b14e62'),
 ('68', '68', 'en_us', 'arrow-left-white', NULL, '1', '2017-03-09 15:05:38', '2017-06-07 17:12:41', '539504f9-99e5-49ea-b009-afbb83153ce2'),
 ('69', '69', 'en_us', 'arrow-right-gold', NULL, '1', '2017-03-09 15:05:38', '2017-06-06 15:57:37', '3fe6881c-1692-4a70-9ef2-46b9017c96e9'),
 ('70', '70', 'en_us', 'arrow-right-white', NULL, '1', '2017-03-09 15:05:38', '2017-03-09 15:05:38', 'c7cc3e52-4a96-475c-a23f-2ac97494bf5c'),
 ('71', '71', 'en_us', 'face-circles', NULL, '1', '2017-03-09 15:05:39', '2017-03-09 15:05:39', '5d2548a3-9789-4466-bf17-0b55c2215d58'),
 ('72', '72', 'en_us', 'history-building', NULL, '1', '2017-03-09 15:06:34', '2017-03-09 15:06:34', '5cd45c48-bf4f-4138-8fd8-b1f67fef756f'),
 ('73', '73', 'en_us', 'location-ring', NULL, '1', '2017-03-09 15:06:35', '2017-03-09 15:06:35', '13986d34-bbcc-4dd1-8991-503db9c8109d'),
 ('74', '74', 'en_us', 'pasta', NULL, '1', '2017-03-09 15:06:37', '2017-03-09 15:06:37', '6c40424b-e39e-4a6b-9828-cfe699bbdf09'),
 ('75', '75', 'en_us', 'tomato-plant-graphic', NULL, '1', '2017-03-09 15:06:37', '2017-11-09 19:12:30', '49ded54c-e611-4546-b206-55e6c2975e73'),
 ('76', '76', 'en_us', 'tomatoes', NULL, '1', '2017-03-09 15:06:43', '2017-03-09 15:06:43', '382b2197-09d3-4f13-8b8b-eebbb1e96706'),
 ('77', '77', 'en_us', 'treno-logo-01', NULL, '1', '2017-03-09 15:06:43', '2017-03-09 15:06:43', '4a19d4a2-8b4b-4929-916a-9cfd4f42d025'),
 ('78', '78', 'en_us', 'treno-logomark-02', NULL, '1', '2017-03-09 15:06:44', '2017-03-09 15:06:44', '84b83b1e-c34b-418e-aa12-f7f2b2ec80ed'),
 ('79', '79', 'en_us', 'welcome-building', NULL, '1', '2017-03-09 15:06:46', '2017-03-09 15:06:46', '885f3ae4-87d9-4e67-a378-6b17ef944526'),
 ('80', '80', 'en_us', 'specials', 'menu/specials', '1', '2017-04-20 13:22:43', '2017-04-20 13:25:04', 'c98ce7df-e86d-44a0-83ca-7777a2053d48'),
 ('81', '81', 'en_us', 'drinks', 'menu/drinks', '1', '2017-04-20 13:22:48', '2017-10-10 17:35:53', 'e3595f76-3d71-4c63-a093-9e2c1212960a'),
 ('82', '82', 'en_us', 'special', 'menu/special', '1', '2017-04-20 13:23:18', '2017-10-19 17:57:38', 'de4e941c-b34a-4ecf-9c04-d88fb255b02e'),
 ('83', '83', 'en_us', 'drink', 'menu/drink', '1', '2017-04-20 13:23:44', '2017-04-20 13:24:49', '176d1e98-9f2f-492c-921c-01c75029ebf6'),
 ('84', '84', 'en_us', 'sides', 'food-category/sides', '1', '2017-04-20 13:23:56', '2017-04-20 13:23:56', 'f961b056-6d46-41e8-b9ec-24765a3c7b11'),
 ('85', '85', 'en_us', 'soda', 'food-category/soda', '1', '2017-04-20 13:24:05', '2017-04-20 13:24:05', '423cfb45-62a9-4e75-b7b2-677b8051efd9'),
 ('86', '86', 'en_us', 'desserts', 'food-category/desserts', '1', '2017-04-20 13:24:23', '2017-04-20 13:24:23', '8c7a6e82-5fbe-4d65-bc36-cf48c054ae91'),
 ('88', '88', 'en_us', 'alfredo-chicken', 'menu/alfredo-chicken', '1', '2017-06-06 15:10:07', '2017-06-06 15:10:07', '87f73e3e-d58e-494c-81d1-dd81eab1239d'),
 ('89', '89', 'en_us', 'alfredo-shrimp', 'menu/alfredo-shrimp', '1', '2017-06-06 15:10:49', '2017-06-06 15:10:49', 'c288f4dc-5eaa-4b0c-8a8a-47be2ccd72b6'),
 ('90', '90', 'en_us', 'onion-soup', 'menu/onion-soup', '1', '2017-06-06 15:12:03', '2017-09-26 20:10:59', '870ccbe5-f372-488b-8dd9-8570fd5c35a8'),
 ('91', '91', 'en_us', 'italian-cheese', 'menu/italian-cheese', '1', '2017-06-06 15:12:51', '2017-09-28 18:32:39', '3c24363e-7dc2-4f86-acb5-12416fca0a42'),
 ('92', '92', 'en_us', 'lasagna', 'menu/lasagna', '1', '2017-06-06 15:13:39', '2017-10-04 20:15:20', '013ae0b0-ecc8-40de-91e3-91308fd4e385'),
 ('93', '93', 'en_us', 'shrimp-roll', 'menu/shrimp-roll', '1', '2017-06-06 15:14:36', '2017-06-06 15:14:36', '185a7e1c-b14b-456c-b293-9b4516a83a21'),
 ('94', '94', 'en_us', 'breadstick', 'menu/breadstick', '1', '2017-06-06 15:15:49', '2017-09-28 18:34:09', '1792e0fd-d0da-4cf6-b046-c7dd3c89f366'),
 ('95', '95', 'en_us', 'caesar-salad', 'menu/caesar-salad', '1', '2017-06-06 15:17:19', '2017-06-06 15:17:19', 'c50a35f6-c02c-4c1a-9c74-283a80749424'),
 ('96', '96', 'en_us', 'fries', 'menu/fries', '1', '2017-06-06 15:18:40', '2017-09-26 20:08:09', '96071d02-b198-456d-962f-cb42cb76def1'),
 ('97', '97', 'en_us', 'caprese-salad', 'menu/caprese-salad', '1', '2017-06-06 15:20:49', '2017-06-06 15:20:49', 'f28f20e6-feb4-41aa-bd2d-6f7ee2fe07e8'),
 ('98', '98', 'en_us', 'coca-cola', 'menu/coca-cola', '1', '2017-06-06 15:24:11', '2017-06-06 15:24:11', '0ae85ece-18d8-4298-b85a-a03e99e48f86'),
 ('99', '99', 'en_us', 'fanta', 'menu/fanta', '1', '2017-06-06 15:24:40', '2017-06-06 15:24:40', '9735b9fc-d75d-4c2d-8699-c23c4db57b8a'),
 ('100', '100', 'en_us', 'sprite', 'menu/sprite', '1', '2017-06-06 15:25:11', '2017-06-06 15:25:11', 'b8679ada-56a4-4115-a602-28a6cfd75d83'),
 ('101', '101', 'en_us', 'chocolat-cake', 'menu/chocolat-cake', '1', '2017-06-06 15:26:06', '2017-06-06 15:26:06', '610fba5c-cf0f-49a9-ba0d-20631ff3b4d5'),
 ('102', '102', 'en_us', 'strawberry-ice-cream', 'menu/strawberry-ice-cream', '1', '2017-06-06 15:26:46', '2017-10-04 20:25:46', '72971672-600d-43db-a0d1-9d30a3aa5105'),
 ('105', '105', 'en_us', 'news-entry', 'news/2017/news-entry', '1', '2017-09-26 19:22:14', '2017-10-04 20:41:47', 'd457a064-e15a-4e0f-b28a-8c35d441b952'),
 ('106', '106', 'en_us', '', NULL, '1', '2017-09-28 19:03:10', '2017-10-17 20:30:46', '4caad99e-1063-4963-8ed5-e419e3682971'),
 ('107', '107', 'en_us', '', NULL, '1', '2017-09-28 19:03:10', '2017-10-17 20:30:46', '15ed2a46-7d4e-4021-95bf-94a6f35dcf99'),
 ('108', '108', 'en_us', 'soda', 'menu/soda', '1', '2017-10-10 17:36:00', '2017-10-10 17:36:01', '3327a383-cace-4676-923e-da38e25142af'),
 ('109', '109', 'en_us', '', NULL, '1', '2017-10-17 19:15:45', '2017-10-17 19:19:22', 'c860e624-5a67-4a57-a909-3361673600bb');



DROP TABLE IF EXISTS `craft_emailmessages`;


--
-- Schema for table `craft_emailmessages`
--
CREATE TABLE `craft_emailmessages` (
  `id` int(11) NOT NULL AUTO_INCREMENT,
  `key` char(150) COLLATE utf8_unicode_ci NOT NULL,
  `locale` char(12) COLLATE utf8_unicode_ci NOT NULL,
  `subject` varchar(1000) COLLATE utf8_unicode_ci NOT NULL,
  `body` text COLLATE utf8_unicode_ci NOT NULL,
  `dateCreated` datetime NOT NULL,
  `dateUpdated` datetime NOT NULL,
  `uid` char(36) COLLATE utf8_unicode_ci NOT NULL DEFAULT '0',
  PRIMARY KEY (`id`),
  UNIQUE KEY `craft_emailmessages_key_locale_unq_idx` (`key`,`locale`),
  KEY `craft_emailmessages_locale_fk` (`locale`)
) ENGINE=InnoDB DEFAULT CHARSET=utf8 COLLATE=utf8_unicode_ci;

DROP TABLE IF EXISTS `craft_entries`;


--
-- Schema for table `craft_entries`
--
CREATE TABLE `craft_entries` (
  `id` int(11) NOT NULL,
  `sectionId` int(11) NOT NULL,
  `typeId` int(11) DEFAULT NULL,
  `authorId` int(11) DEFAULT NULL,
  `postDate` datetime DEFAULT NULL,
  `expiryDate` datetime DEFAULT NULL,
  `dateCreated` datetime NOT NULL,
  `dateUpdated` datetime NOT NULL,
  `uid` char(36) COLLATE utf8_unicode_ci NOT NULL DEFAULT '0',
  PRIMARY KEY (`id`),
  KEY `craft_entries_sectionId_idx` (`sectionId`),
  KEY `craft_entries_typeId_idx` (`typeId`),
  KEY `craft_entries_postDate_idx` (`postDate`),
  KEY `craft_entries_expiryDate_idx` (`expiryDate`),
  KEY `craft_entries_authorId_fk` (`authorId`)
) ENGINE=InnoDB DEFAULT CHARSET=utf8 COLLATE=utf8_unicode_ci;

--
-- Data for table `craft_entries`
--

INSERT INTO `craft_entries` (`id`, `sectionId`, `typeId`, `authorId`, `postDate`, `expiryDate`, `dateCreated`, `dateUpdated`, `uid`) VALUES
 ('2', '1', NULL, NULL, '2017-01-24 03:51:11', NULL, '2017-01-24 03:51:11', '2017-11-09 19:12:32', 'c4f8111e-6159-4e5c-aa45-838a75d178e7'),
 ('6', '3', '3', '1', '2017-01-24 15:33:00', NULL, '2017-01-24 15:33:42', '2017-09-26 20:39:41', 'c123660c-f650-44ce-90bb-0394d703e77f'),
 ('8', '4', '4', NULL, '2017-02-27 15:09:46', NULL, '2017-01-24 16:04:19', '2017-11-02 19:59:09', '65227230-2edb-432f-913b-bee12e98ec04'),
 ('14', '7', '7', NULL, '2017-02-27 16:34:59', NULL, '2017-01-30 15:31:53', '2017-11-07 19:42:43', '2aafef04-d7da-40fb-b84c-0c2eaf9c58c6'),
 ('24', '3', '3', '1', '2017-01-31 17:05:35', NULL, '2017-01-31 17:05:35', '2017-01-31 17:05:35', 'a633c907-0816-4464-8e21-77a6ba89a6b5'),
 ('26', '3', '3', '1', '2017-01-31 17:06:00', NULL, '2017-01-31 17:06:07', '2017-02-09 17:07:04', 'd8593678-192a-4c39-a127-f1402cb2ad22'),
 ('50', '12', '13', '1', '2017-02-14 15:27:00', NULL, '2017-02-14 15:27:01', '2017-05-12 15:59:43', '5d519034-e016-489d-ac89-a238bed07c54'),
 ('55', '11', '12', NULL, '2017-02-27 16:29:37', NULL, '2017-02-14 16:31:16', '2017-07-10 16:55:05', '63cf90a1-0da8-4a74-a518-7d7d04ab89ec'),
 ('64', '3', '3', '1', '2017-02-27 15:28:00', NULL, '2017-02-27 15:28:22', '2017-10-04 20:15:30', '3e36db26-5120-4cc0-979e-9d920d234af7'),
 ('66', '13', '14', NULL, '2017-03-06 15:40:25', NULL, '2017-03-06 15:33:59', '2017-09-28 18:41:27', '61fa3cc6-18f6-4be6-9688-b22be5dbc596'),
 ('82', '3', '3', '1', '2017-04-20 13:23:00', NULL, '2017-04-20 13:23:18', '2017-10-19 17:57:38', '351d9a50-39de-4b4a-8244-2989d812599e'),
 ('83', '3', '3', '1', '2017-04-20 13:23:00', NULL, '2017-04-20 13:23:44', '2017-04-20 13:24:49', 'a5c88e6e-8329-4621-963f-649902de39a7'),
 ('88', '3', '3', '1', '2017-06-06 15:10:07', NULL, '2017-06-06 15:10:07', '2017-06-06 15:10:07', '5fadf37e-fa75-42b0-9bfb-6a347202f155'),
 ('89', '3', '3', '1', '2017-06-06 15:10:49', NULL, '2017-06-06 15:10:49', '2017-06-06 15:10:49', '08a30d10-dbd1-46de-bbc1-aaab0361b9c6'),
 ('90', '3', '3', '1', '2017-06-06 15:12:00', NULL, '2017-06-06 15:12:03', '2017-09-26 20:10:59', '6dd24561-507a-4b08-879d-77f3c43638a5'),
 ('91', '3', '3', '1', '2017-06-06 15:12:00', NULL, '2017-06-06 15:12:51', '2017-09-28 18:32:39', 'ecf2bf37-38e4-4911-8d24-98389a45fefc'),
 ('92', '3', '3', '1', '2017-06-06 15:13:00', NULL, '2017-06-06 15:13:39', '2017-10-04 20:15:20', '265ef269-4fbf-4d9f-95e0-c485e08f3fc2'),
 ('93', '3', '3', '1', '2017-06-06 15:14:36', NULL, '2017-06-06 15:14:36', '2017-06-06 15:14:36', '35196665-7756-41d8-9ab4-d797780773c0'),
 ('94', '3', '3', '1', '2017-06-06 15:15:00', NULL, '2017-06-06 15:15:49', '2017-09-28 18:34:09', 'e6419eeb-c1e3-49d7-86b0-4b448b4328f2'),
 ('95', '3', '3', '1', '2017-06-06 15:17:19', NULL, '2017-06-06 15:17:19', '2017-06-06 15:17:19', 'c896b9c1-1fe2-4b81-ad59-de25246af9b0'),
 ('96', '3', '3', '1', '2017-06-06 15:18:00', NULL, '2017-06-06 15:18:40', '2017-09-26 20:08:09', '9ae11870-4612-4ab7-89ce-83d6f7039723'),
 ('97', '3', '3', '1', '2017-06-06 15:20:49', NULL, '2017-06-06 15:20:49', '2017-06-06 15:20:49', '67ca1f06-47f2-40f2-80c0-82bf7909491d'),
 ('98', '3', '3', '1', '2017-06-06 15:24:11', NULL, '2017-06-06 15:24:11', '2017-06-06 15:24:11', 'e5453446-0ef3-4c86-ad20-533d9c1f22ff'),
 ('99', '3', '3', '1', '2017-06-06 15:24:40', NULL, '2017-06-06 15:24:40', '2017-06-06 15:24:40', '4b9aa2c8-675a-42af-ab40-aa8060c5e02e'),
 ('100', '3', '3', '1', '2017-06-06 15:25:11', NULL, '2017-06-06 15:25:11', '2017-06-06 15:25:11', '241ee98b-dc2e-47b0-a51c-4ee977b41827'),
 ('101', '3', '3', '1', '2017-06-06 15:26:05', NULL, '2017-06-06 15:26:06', '2017-06-06 15:26:06', '06bedcc0-a91c-427f-aa7d-e9df723e14bd'),
 ('102', '3', '3', '1', '2017-06-06 15:26:00', NULL, '2017-06-06 15:26:46', '2017-10-04 20:25:46', '40fd1f3c-7b50-47eb-afc7-5967bb485eff'),
 ('105', '2', '2', '1', '2017-09-26 19:22:00', NULL, '2017-09-26 19:22:14', '2017-10-04 20:41:47', 'e018e59b-daa7-4306-991f-ea692201f272');



DROP TABLE IF EXISTS `craft_entrydrafts`;


--
-- Schema for table `craft_entrydrafts`
--
CREATE TABLE `craft_entrydrafts` (
  `id` int(11) NOT NULL AUTO_INCREMENT,
  `entryId` int(11) NOT NULL,
  `sectionId` int(11) NOT NULL,
  `creatorId` int(11) NOT NULL,
  `locale` char(12) COLLATE utf8_unicode_ci NOT NULL,
  `name` varchar(255) COLLATE utf8_unicode_ci NOT NULL,
  `notes` tinytext COLLATE utf8_unicode_ci,
  `data` mediumtext COLLATE utf8_unicode_ci NOT NULL,
  `dateCreated` datetime NOT NULL,
  `dateUpdated` datetime NOT NULL,
  `uid` char(36) COLLATE utf8_unicode_ci NOT NULL DEFAULT '0',
  PRIMARY KEY (`id`),
  KEY `craft_entrydrafts_entryId_locale_idx` (`entryId`,`locale`),
  KEY `craft_entrydrafts_sectionId_fk` (`sectionId`),
  KEY `craft_entrydrafts_creatorId_fk` (`creatorId`),
  KEY `craft_entrydrafts_locale_fk` (`locale`)
) ENGINE=InnoDB DEFAULT CHARSET=utf8 COLLATE=utf8_unicode_ci;

DROP TABLE IF EXISTS `craft_entrytypes`;


--
-- Schema for table `craft_entrytypes`
--
CREATE TABLE `craft_entrytypes` (
  `id` int(11) NOT NULL AUTO_INCREMENT,
  `sectionId` int(11) NOT NULL,
  `fieldLayoutId` int(11) DEFAULT NULL,
  `name` varchar(255) COLLATE utf8_unicode_ci NOT NULL,
  `handle` varchar(255) COLLATE utf8_unicode_ci NOT NULL,
  `hasTitleField` tinyint(1) unsigned NOT NULL DEFAULT '1',
  `titleLabel` varchar(255) COLLATE utf8_unicode_ci DEFAULT 'Title',
  `titleFormat` varchar(255) COLLATE utf8_unicode_ci DEFAULT NULL,
  `sortOrder` smallint(6) unsigned DEFAULT NULL,
  `dateCreated` datetime NOT NULL,
  `dateUpdated` datetime NOT NULL,
  `uid` char(36) COLLATE utf8_unicode_ci NOT NULL DEFAULT '0',
  PRIMARY KEY (`id`),
  UNIQUE KEY `craft_entrytypes_name_sectionId_unq_idx` (`name`,`sectionId`),
  UNIQUE KEY `craft_entrytypes_handle_sectionId_unq_idx` (`handle`,`sectionId`),
  KEY `craft_entrytypes_sectionId_fk` (`sectionId`),
  KEY `craft_entrytypes_fieldLayoutId_fk` (`fieldLayoutId`)
) ENGINE=InnoDB AUTO_INCREMENT=15 DEFAULT CHARSET=utf8 COLLATE=utf8_unicode_ci;

--
-- Data for table `craft_entrytypes`
--

INSERT INTO `craft_entrytypes` (`id`, `sectionId`, `fieldLayoutId`, `name`, `handle`, `hasTitleField`, `titleLabel`, `titleFormat`, `sortOrder`, `dateCreated`, `dateUpdated`, `uid`) VALUES
 ('1', '1', '95', 'Homepage', 'homepage', '1', 'Title', NULL, '1', '2017-01-24 03:51:11', '2017-04-14 14:01:41', 'ca06ce96-f9cc-41cb-820a-7b15023c1dda'),
 ('2', '2', '111', 'News', 'news', '1', 'Title', NULL, '1', '2017-01-24 03:51:11', '2017-10-04 20:41:33', '2b542ac5-3047-4f80-a9cd-59b00606f2d8'),
 ('3', '3', '104', 'Menu', 'menu', '1', 'Title', NULL, '1', '2017-01-24 15:27:12', '2017-09-26 19:53:08', '90f69d51-18b6-4f1d-b5bb-d48840c7d65c'),
 ('4', '4', '112', 'About Treno', 'aboutTreno', '0', NULL, '{section.name|raw}', '1', '2017-01-24 16:04:18', '2017-10-10 17:54:07', 'efb4e5fb-7d36-4771-a7ef-72e8c4fc678d'),
 ('7', '7', '116', 'Directions', 'directions', '0', NULL, '{section.name|raw}', '1', '2017-01-30 15:31:53', '2017-10-17 20:51:21', '383b3ae8-51a4-4b1a-be19-87c22dfa111d'),
 ('12', '11', '101', 'Reservations', 'reservations', '1', 'Title', NULL, '1', '2017-02-13 14:51:27', '2017-05-12 16:00:50', 'c70eab86-1dc3-4367-91d7-f8bb0ccc0d0f'),
 ('13', '12', '75', 'Team Profiles', 'profiles', '1', 'Title', NULL, '1', '2017-02-14 15:25:43', '2017-02-14 16:27:16', 'adafdcc5-f26b-4099-99fe-d91add4f8544'),
 ('14', '13', '107', 'Menu ', 'menuLandingPage', '1', 'Menu', NULL, '1', '2017-03-06 15:33:58', '2017-09-28 18:39:30', '31aa49f8-a2ea-4216-8e1c-745876041ce4');



DROP TABLE IF EXISTS `craft_entryversions`;


--
-- Schema for table `craft_entryversions`
--
CREATE TABLE `craft_entryversions` (
  `id` int(11) NOT NULL AUTO_INCREMENT,
  `entryId` int(11) NOT NULL,
  `sectionId` int(11) NOT NULL,
  `creatorId` int(11) DEFAULT NULL,
  `locale` char(12) COLLATE utf8_unicode_ci NOT NULL,
  `num` smallint(6) unsigned NOT NULL,
  `notes` tinytext COLLATE utf8_unicode_ci,
  `data` mediumtext COLLATE utf8_unicode_ci NOT NULL,
  `dateCreated` datetime NOT NULL,
  `dateUpdated` datetime NOT NULL,
  `uid` char(36) COLLATE utf8_unicode_ci NOT NULL DEFAULT '0',
  PRIMARY KEY (`id`),
  KEY `craft_entryversions_entryId_locale_idx` (`entryId`,`locale`),
  KEY `craft_entryversions_sectionId_fk` (`sectionId`),
  KEY `craft_entryversions_creatorId_fk` (`creatorId`),
  KEY `craft_entryversions_locale_fk` (`locale`)
) ENGINE=InnoDB AUTO_INCREMENT=193 DEFAULT CHARSET=utf8 COLLATE=utf8_unicode_ci;

--
-- Data for table `craft_entryversions`
--

INSERT INTO `craft_entryversions` (`id`, `entryId`, `sectionId`, `creatorId`, `locale`, `num`, `notes`, `data`, `dateCreated`, `dateUpdated`, `uid`) VALUES
 ('1', '2', '1', '1', 'en_us', '1', NULL, '{\"typeId\":\"1\",\"authorId\":null,\"title\":\"Homepage\",\"slug\":\"homepage\",\"postDate\":1485229871,\"expiryDate\":null,\"enabled\":1,\"parentId\":null,\"fields\":[]}', '2017-01-24 03:51:11', '2017-01-24 03:51:11', '421414a0-0dc1-46a5-8b8d-50a23b7f34ca'),
 ('2', '2', '1', '1', 'en_us', '2', NULL, '{\"typeId\":null,\"authorId\":null,\"title\":\"Welcome to Trenokent.com!\",\"slug\":\"homepage\",\"postDate\":1485229871,\"expiryDate\":null,\"enabled\":\"1\",\"parentId\":null,\"fields\":{\"1\":\"<p>It\\u2019s true, this site doesn\\u2019t have a whole lot of content yet, but don\\u2019t worry. Our web developers have just installed the CMS, and they\\u2019re setting things up for the content editors this very moment. Soon Trenokent.com will be an oasis of fresh perspectives, sharp analyses, and astute opinions that will keep you coming back again and again.<\\/p>\"}}', '2017-01-24 03:51:11', '2017-01-24 03:51:11', '617ea09b-7a4c-4e31-b27e-1766d0181c2d'),
 ('7', '6', '3', '1', 'en_us', '1', '', '{\"typeId\":null,\"authorId\":\"1\",\"title\":\"Steak\",\"slug\":\"steak\",\"postDate\":1485272021,\"expiryDate\":null,\"enabled\":1,\"parentId\":null,\"fields\":{\"6\":[\"5\"],\"3\":\"Description of the Food\",\"5\":\"20\"}}', '2017-01-24 15:33:42', '2017-01-24 15:33:42', '4aad1fad-b396-4242-881e-3854b60e78c7'),
 ('8', '6', '3', '1', 'en_us', '2', '', '{\"typeId\":\"3\",\"authorId\":\"1\",\"title\":\"Steak\",\"slug\":\"steak\",\"postDate\":1485271980,\"expiryDate\":null,\"enabled\":1,\"parentId\":null,\"fields\":{\"6\":[\"5\"],\"3\":\"Description of the Food\",\"4\":[\"7\"],\"5\":\"20\"}}', '2017-01-24 15:44:04', '2017-01-24 15:44:04', 'f57cc961-17f7-46c9-81ca-c51af5a7d4b9'),
 ('9', '8', '4', '1', 'en_us', '1', NULL, '{\"typeId\":\"4\",\"authorId\":null,\"title\":\"About Treno\",\"slug\":\"about-treno\",\"postDate\":1485273858,\"expiryDate\":null,\"enabled\":1,\"parentId\":null,\"fields\":[]}', '2017-01-24 16:04:19', '2017-01-24 16:04:19', 'b79c5a74-298d-422d-9947-0d18610da65e'),
 ('10', '8', '4', '1', 'en_us', '2', '', '{\"typeId\":null,\"authorId\":null,\"title\":\"About Treno\",\"slug\":\"about-treno\",\"postDate\":1485273858,\"expiryDate\":null,\"enabled\":1,\"parentId\":null,\"fields\":{\"1\":\"<p>Treno is a new website that is opening in Kent Ohio in May of 2017<\\/p>\",\"7\":[\"7\"]}}', '2017-01-24 16:06:16', '2017-01-24 16:06:16', '6a250582-0290-40be-9fa5-ff8e88b48c81'),
 ('20', '14', '7', '1', 'en_us', '1', NULL, '{\"typeId\":\"7\",\"authorId\":null,\"title\":\"Directions\",\"slug\":\"directions\",\"postDate\":1485790313,\"expiryDate\":null,\"enabled\":1,\"parentId\":null,\"fields\":[]}', '2017-01-30 15:31:53', '2017-01-30 15:31:53', '3676d60d-d1a6-44f0-b5df-f871e7272383'),
 ('21', '14', '7', '1', 'en_us', '2', '', '{\"typeId\":null,\"authorId\":null,\"title\":\"Directions\",\"slug\":\"directions\",\"postDate\":1485790313,\"expiryDate\":null,\"enabled\":1,\"parentId\":null,\"fields\":{\"8\":\"152 Franklin Ave. Kent, Ohio 44240\",\"7\":[\"7\"]}}', '2017-01-30 15:32:50', '2017-01-30 15:32:50', '30502657-428e-4924-99d7-29c5b5d9435d'),
 ('22', '14', '7', '1', 'en_us', '3', '', '{\"typeId\":null,\"authorId\":null,\"title\":\"Directions\",\"slug\":\"directions\",\"postDate\":1485790313,\"expiryDate\":null,\"enabled\":1,\"parentId\":null,\"fields\":{\"8\":\"152 Franklin Ave. Kent, Ohio 44240\",\"7\":[\"7\"]}}', '2017-01-30 15:33:05', '2017-01-30 15:33:05', '24c92d92-6d80-4b9c-87f9-53c0e649e29b'),
 ('23', '8', '4', '1', 'en_us', '3', '', '{\"typeId\":null,\"authorId\":null,\"title\":\"About Treno\",\"slug\":\"about-treno\",\"postDate\":1485273858,\"expiryDate\":null,\"enabled\":1,\"parentId\":null,\"fields\":{\"1\":\"<p>Treno is a new website that is opening in Kent Ohio in May of 2017<\\/p>\",\"7\":[\"7\"]}}', '2017-01-30 15:33:23', '2017-01-30 15:33:23', 'b6039fb1-caba-46b6-b7fd-22a32dc8501d'),
 ('34', '24', '3', '1', 'en_us', '1', '', '{\"typeId\":null,\"authorId\":\"1\",\"title\":\"Fish Sandwich\",\"slug\":\"fish-sandwich\",\"postDate\":1485882335,\"expiryDate\":null,\"enabled\":1,\"parentId\":null,\"fields\":{\"6\":[\"5\"],\"3\":\"Description of the food\",\"4\":\"\",\"5\":\"15\",\"11\":[\"23\"]}}', '2017-01-31 17:05:35', '2017-01-31 17:05:35', '8bebca93-1516-4e42-bf8e-dac3f7bda247'),
 ('35', '26', '3', '1', 'en_us', '1', '', '{\"typeId\":null,\"authorId\":\"1\",\"title\":\"Prime Rib\",\"slug\":\"prime-rib\",\"postDate\":1485882367,\"expiryDate\":null,\"enabled\":1,\"parentId\":null,\"fields\":{\"6\":[\"25\"],\"3\":\"Description of the food\",\"4\":\"\",\"5\":\"20\",\"11\":[\"23\"]}}', '2017-01-31 17:06:07', '2017-01-31 17:06:07', 'e6d1ed0a-7f53-4709-a7ba-b50ff9165c8d'),
 ('39', '8', '4', '1', 'en_us', '4', '', '{\"typeId\":null,\"authorId\":null,\"title\":\"About Treno\",\"slug\":\"about-treno\",\"postDate\":1485273858,\"expiryDate\":null,\"enabled\":1,\"parentId\":null,\"fields\":{\"1\":\"<p>Treno is a new website that is opening in Kent Ohio in May of 2017<\\/p>\",\"12\":{\"new1\":{\"type\":\"text\",\"enabled\":\"1\",\"fields\":{\"textBlock\":\"<p>Testing information for the matrix field<\\/p>\"}},\"new2\":{\"type\":\"image\",\"enabled\":\"1\",\"fields\":{\"imageFile\":[\"13\"]}}},\"7\":[\"7\"]}}', '2017-02-02 17:43:02', '2017-02-02 17:43:02', 'f7195531-2806-4ee8-97b6-a7b98fda88a5'),
 ('44', '26', '3', '1', 'en_us', '2', '', '{\"typeId\":\"3\",\"authorId\":\"1\",\"title\":\"Prime Rib\",\"slug\":\"prime-rib\",\"postDate\":1485882360,\"expiryDate\":null,\"enabled\":1,\"parentId\":null,\"fields\":{\"6\":[\"25\"],\"3\":\"Description of the food\",\"4\":\"\",\"5\":\"20\",\"16\":[\"28\",\"29\"],\"11\":[\"23\"]}}', '2017-02-07 05:21:52', '2017-02-07 05:21:52', 'abb8924b-0f81-471b-a0ff-db810eeeb92f'),
 ('47', '26', '3', '1', 'en_us', '3', '', '{\"typeId\":\"3\",\"authorId\":\"1\",\"title\":\"Prime Rib\",\"slug\":\"prime-rib\",\"postDate\":1485882360,\"expiryDate\":null,\"enabled\":1,\"parentId\":null,\"fields\":{\"6\":[\"25\"],\"3\":\"Description of the food\",\"4\":\"\",\"5\":\"20\",\"16\":[\"28\",\"29\"],\"11\":[\"23\"]}}', '2017-02-09 17:07:04', '2017-02-09 17:07:04', 'd6d9e944-2872-4778-b3bb-ee2b598fb249'),
 ('58', '50', '12', '1', 'en_us', '1', '', '{\"typeId\":null,\"authorId\":\"1\",\"title\":\"Jon Smith \",\"slug\":\"jon-smith\",\"postDate\":1487086021,\"expiryDate\":null,\"enabled\":1,\"parentId\":null,\"fields\":{\"26\":\"<p>Jon is an excited new member of our team who is looking forward to seeing the website finished.&nbsp;<\\/p>\",\"27\":[\"49\"]}}', '2017-02-14 15:27:01', '2017-02-14 15:27:01', 'eb59bf13-177f-4b5d-8aa2-2265a5e90418'),
 ('59', '14', '7', '1', 'en_us', '4', '', '{\"typeId\":\"7\",\"authorId\":null,\"title\":\"Directions\",\"slug\":\"directions\",\"postDate\":1486413573,\"expiryDate\":null,\"enabled\":1,\"parentId\":null,\"fields\":{\"8\":\"152 Franklin Ave. Kent, Ohio 44240\",\"7\":[\"7\"],\"28\":[\"51\"]}}', '2017-02-14 15:30:09', '2017-02-14 15:30:09', 'a66a0dd5-b229-4598-9a41-fdbe28ba0c52'),
 ('60', '8', '4', '1', 'en_us', '5', '', '{\"typeId\":null,\"authorId\":null,\"title\":\"About Treno\",\"slug\":\"about-treno\",\"postDate\":1485273858,\"expiryDate\":null,\"enabled\":1,\"parentId\":null,\"fields\":{\"1\":\"<p>Treno is a new website that is opening in Kent Ohio in May of 2017<\\/p>\",\"12\":{\"34\":{\"type\":\"text\",\"enabled\":\"1\",\"fields\":{\"textBlock\":\"<p>Testing information for the matrix field<\\/p>\"}},\"35\":{\"type\":\"image\",\"enabled\":\"1\",\"fields\":{\"imageFile\":[\"13\"]}}},\"7\":[\"7\"],\"29\":[\"52\"]}}', '2017-02-14 15:31:49', '2017-02-14 15:31:49', '56a3da26-ac2a-408d-869f-36932f8988ad'),
 ('63', '8', '4', '1', 'en_us', '6', '', '{\"typeId\":null,\"authorId\":null,\"title\":\"About Treno\",\"slug\":\"about-treno\",\"postDate\":1485273858,\"expiryDate\":null,\"enabled\":1,\"parentId\":null,\"fields\":{\"1\":\"<p>Treno is a new website that is opening in Kent Ohio in May of 2017<\\/p>\",\"12\":{\"34\":{\"type\":\"text\",\"enabled\":\"1\",\"fields\":{\"textBlock\":\"<p>Testing information for the matrix field<\\/p>\"}},\"35\":{\"type\":\"image\",\"enabled\":\"1\",\"fields\":{\"imageFile\":[\"13\"]}}},\"7\":[\"7\"],\"29\":\"\"}}', '2017-02-14 15:35:40', '2017-02-14 15:35:40', 'f2357870-1258-4230-9d6a-74c2a14b1fb4'),
 ('64', '14', '7', '1', 'en_us', '5', '', '{\"typeId\":\"7\",\"authorId\":null,\"title\":\"Directions\",\"slug\":\"directions\",\"postDate\":1486413573,\"expiryDate\":null,\"enabled\":1,\"parentId\":null,\"fields\":{\"8\":\"152 Franklin Ave. Kent, Ohio 44240\",\"7\":[\"7\"],\"28\":[\"51\"]}}', '2017-02-14 16:26:31', '2017-02-14 16:26:31', 'c2a9522e-7a1f-44a8-b67f-dbdf1ea81709'),
 ('65', '55', '11', '1', 'en_us', '1', '', '{\"typeId\":null,\"authorId\":\"1\",\"title\":\"Test\",\"slug\":\"test\",\"postDate\":1487089876,\"expiryDate\":null,\"enabled\":1,\"parentId\":null,\"fields\":{\"23\":\"(###)-###-####\",\"25\":\"<p>Here is some information about how to schedule a private party or an event<span><\\/span><\\/p>\",\"24\":\"Here is some information about how to make a reservation \"}}', '2017-02-14 16:31:16', '2017-02-14 16:31:16', 'd4f3b5be-5a59-4087-be3b-38c074a0fb45'),
 ('66', '55', '11', '1', 'en_us', '2', '', '{\"typeId\":\"12\",\"authorId\":\"1\",\"title\":\"Test\",\"slug\":\"test\",\"postDate\":1487089860,\"expiryDate\":null,\"enabled\":1,\"parentId\":null,\"fields\":{\"23\":\"(###)-###-####\",\"25\":\"<p>Here is some information about how to schedule a private party or an event<\\/p>\",\"24\":\"Here is some information about how to make a reservation \"}}', '2017-02-14 16:31:58', '2017-02-14 16:31:58', '063b0e88-3bac-432a-92f9-64273f31c8bf'),
 ('68', '8', '4', '1', 'en_us', '7', '', '{\"typeId\":null,\"authorId\":null,\"title\":\"About Treno\",\"slug\":\"about-treno\",\"postDate\":1485273858,\"expiryDate\":null,\"enabled\":1,\"parentId\":null,\"fields\":{\"1\":\"<p>Treno is a new website that is opening in Kent Ohio in May of 2017<\\/p>\",\"12\":{\"34\":{\"type\":\"text\",\"enabled\":\"1\",\"fields\":{\"textBlock\":\"<p>Testing information for the matrix field<\\/p>\"}},\"35\":{\"type\":\"image\",\"enabled\":\"1\",\"fields\":{\"imageFile\":[\"13\"]}}},\"7\":[\"7\"],\"29\":[\"56\"]}}', '2017-02-14 16:35:34', '2017-02-14 16:35:34', '66a43339-1f39-4411-a520-205c8221214e'),
 ('71', '8', '4', '1', 'en_us', '8', '', '{\"typeId\":null,\"authorId\":null,\"title\":\"About Treno\",\"slug\":\"about-treno\",\"postDate\":1485273858,\"expiryDate\":null,\"enabled\":1,\"parentId\":null,\"fields\":{\"30\":\"<p>Lorem ipsum dolor sit amet, consectetuer adipiscing elit. Aenean commodo<br>ligula eget dolor. Aenean massa. Cum sociis natoque penatibus et<br>magnis dis parturient montes, nascetur ridiculus mus. Donec quam felis,<br>ultricies nec, pellentesque eu, pretium quis, sem. Nulla consequat massa<br>quis enim. Donec pede justo, fringilla vel, aliquet nec, vulputate eget, arcu.<br>In enim justo, rhoncus ut, imperdiet a, venenatis vitae, justo. Nullam<br>dictum felis eu pede mollis pretium. Integer tincidunt. Cras dapibus. Vivamus<br>elementum semper nisi. Aenean vulputate eleifend tellus. Aenean<br>leo ligula, porttitor eu, consequat vitae, eleifend ac, enim. Aliquam lorem&nbsp;<\\/p>\",\"1\":\"<p>Treno is a new website that is opening in Kent Ohio in May of 2017<\\/p>\",\"12\":{\"34\":{\"type\":\"text\",\"enabled\":\"1\",\"fields\":{\"textBlock\":\"<p>Testing information for the matrix field<\\/p>\"}},\"35\":{\"type\":\"image\",\"enabled\":\"1\",\"fields\":{\"imageFile\":[\"13\"]}}},\"7\":[\"7\"],\"29\":[\"56\"]}}', '2017-02-21 14:23:36', '2017-02-21 14:23:36', '14cda55c-c286-4bec-a349-b30fc332b922'),
 ('72', '8', '4', '1', 'en_us', '9', '', '{\"typeId\":null,\"authorId\":null,\"title\":\"About Treno\",\"slug\":\"about-treno\",\"postDate\":1485273858,\"expiryDate\":null,\"enabled\":1,\"parentId\":null,\"fields\":{\"30\":\"<p>Lorem ipsum dolor sit amet, consectetuer adipiscing elit. Aenean commodo<br>ligula eget dolor. Aenean massa. Cum sociis natoque penatibus et<br>magnis dis parturient montes, nascetur ridiculus mus. Donec quam felis,<br>ultricies nec, pellentesque eu, pretium quis, sem. Nulla consequat massa<br>quis enim. Donec pede justo, fringilla vel, aliquet nec, vulputate eget, arcu.<br>In enim justo, rhoncus ut, imperdiet a, venenatis vitae, justo. Nullam<br>dictum felis eu pede mollis pretium. Integer tincidunt. Cras dapibus. Vivamus<br>elementum semper nisi. Aenean vulputate eleifend tellus. Aenean<br>leo ligula, porttitor eu, consequat vitae, eleifend ac, enim. Aliquam lorem&nbsp;<\\/p>\",\"1\":\"<p>Treno is a new website that is opening in Kent Ohio in May of 2017<\\/p>\",\"12\":{\"34\":{\"type\":\"text\",\"enabled\":\"1\",\"fields\":{\"textBlock\":\"<p>Testing information for the matrix field<\\/p>\"}},\"35\":{\"type\":\"image\",\"enabled\":\"1\",\"fields\":{\"imageFile\":[\"13\"]}}},\"7\":[\"7\"],\"29\":[\"56\",\"61\",\"62\"]}}', '2017-02-24 15:07:40', '2017-02-24 15:07:40', 'd1bdba17-a110-4722-a431-6ea0606942b5'),
 ('74', '8', '4', '1', 'en_us', '10', '', '{\"typeId\":\"4\",\"authorId\":null,\"title\":\"About Treno\",\"slug\":\"about-treno\",\"postDate\":1488208186,\"expiryDate\":null,\"enabled\":1,\"parentId\":null,\"fields\":{\"30\":\"<p>Lorem ipsum dolor sit amet, consectetuer adipiscing elit. Aenean commodo<br>ligula eget dolor. Aenean massa. Cum sociis natoque penatibus et<br>magnis dis parturient montes, nascetur ridiculus mus. Donec quam felis,<br>ultricies nec, pellentesque eu, pretium quis, sem. Nulla consequat massa<br>quis enim. Donec pede justo, fringilla vel, aliquet nec, vulputate eget, arcu.<br>In enim justo, rhoncus ut, imperdiet a, venenatis vitae, justo. Nullam<br>dictum felis eu pede mollis pretium. Integer tincidunt. Cras dapibus. Vivamus<br>elementum semper nisi. Aenean vulputate eleifend tellus. Aenean<br>leo ligula, porttitor eu, consequat vitae, eleifend ac, enim. Aliquam lorem&nbsp;<\\/p>\",\"8\":\"History\",\"1\":\"<p>Treno is a new website that is opening in Kent Ohio in May of 2017<\\/p>\",\"12\":{\"34\":{\"type\":\"text\",\"enabled\":\"1\",\"fields\":{\"textBlock\":\"<p>Testing information for the matrix field<\\/p>\"}},\"35\":{\"type\":\"image\",\"enabled\":\"1\",\"fields\":{\"imageFile\":[\"13\"]}}},\"7\":[\"7\"],\"29\":[\"56\",\"61\",\"62\"]}}', '2017-02-27 15:10:15', '2017-02-27 15:10:15', '093d82f2-5640-4318-aa42-5e3a70202b81'),
 ('77', '64', '3', '1', 'en_us', '1', '', '{\"typeId\":null,\"authorId\":\"1\",\"title\":\"Brunch Item\",\"slug\":\"brunch-item\",\"postDate\":1488209302,\"expiryDate\":null,\"enabled\":1,\"parentId\":null,\"fields\":{\"6\":[\"25\"],\"3\":\"Description of the food\",\"4\":\"\",\"5\":\"15\",\"16\":[\"63\"],\"11\":\"\"}}', '2017-02-27 15:28:22', '2017-02-27 15:28:22', '5e7e9d35-153a-4b04-82bc-a3ceb4228bc8'),
 ('78', '55', '11', '1', 'en_us', '3', '', '{\"typeId\":\"12\",\"authorId\":\"1\",\"title\":\"Test\",\"slug\":\"test\",\"postDate\":1487089860,\"expiryDate\":null,\"enabled\":1,\"parentId\":null,\"fields\":{\"23\":\"(###)-###-####\",\"25\":\"<p>Here is some information about how to schedule a private party or an event<\\/p>\",\"24\":\"Here is some information about how to make a reservation \"}}', '2017-02-27 16:17:11', '2017-02-27 16:17:11', 'e0b80798-6a75-45d2-99ae-e8fce530f42d'),
 ('79', '55', '11', '1', 'en_us', '4', '', '{\"typeId\":\"12\",\"authorId\":null,\"title\":\"Reservations\",\"slug\":\"test\",\"postDate\":1488212977,\"expiryDate\":null,\"enabled\":1,\"parentId\":null,\"fields\":{\"23\":\"(###)-###-####\",\"25\":\"<p>Here is some information about how to schedule a private party or an event<\\/p>\",\"24\":\"Here is some information about how to make a reservation \"}}', '2017-02-27 16:30:04', '2017-02-27 16:30:04', 'a72dbe67-912a-4c17-9ea9-48e6c124f7b6'),
 ('80', '2', '1', '1', 'en_us', '3', '', '{\"typeId\":null,\"authorId\":null,\"title\":\"Home\",\"slug\":\"homepage\",\"postDate\":1485229871,\"expiryDate\":null,\"enabled\":1,\"parentId\":null,\"fields\":{\"1\":\"<p>It\\u2019s true, this site doesn\\u2019t have a whole lot of content yet, but don\\u2019t worry. Our web developers have just installed the CMS, and they\\u2019re setting things up for the content editors this very moment. Soon Trenokent.com will be an oasis of fresh perspectives, sharp analyses, and astute opinions that will keep you coming back again and again.<\\/p>\"}}', '2017-02-27 16:30:09', '2017-02-27 16:30:09', '7ddf233d-9a28-4540-b306-ff3f096fec51'),
 ('81', '14', '7', '1', 'en_us', '6', '', '{\"typeId\":\"7\",\"authorId\":null,\"title\":\"Directions\",\"slug\":\"directions\",\"postDate\":1486413573,\"expiryDate\":null,\"enabled\":1,\"parentId\":null,\"fields\":{\"8\":\"152 Franklin Ave. Kent, Ohio 44240\",\"7\":[\"7\"],\"32\":\"\"}}', '2017-02-27 16:33:22', '2017-02-27 16:33:22', '94a493c2-a07c-400e-9e0f-05fa46b44036'),
 ('82', '14', '7', '1', 'en_us', '7', '', '{\"typeId\":\"7\",\"authorId\":null,\"title\":\"Directions\",\"slug\":\"directions\",\"postDate\":1488213299,\"expiryDate\":null,\"enabled\":1,\"parentId\":null,\"fields\":{\"8\":\"152 Franklin Ave. Kent, Ohio 44240\",\"7\":[\"7\"],\"32\":\"hi\"}}', '2017-02-27 16:35:50', '2017-02-27 16:35:50', '2064da6a-f3ec-46ca-9c1f-dd0ffe0ad38e'),
 ('83', '14', '7', '1', 'en_us', '8', '', '{\"typeId\":\"7\",\"authorId\":null,\"title\":\"Directions\",\"slug\":\"directions\",\"postDate\":1488213299,\"expiryDate\":null,\"enabled\":1,\"parentId\":null,\"fields\":{\"8\":\"152 Franklin Ave. Kent, Ohio 44240\",\"7\":[\"7\"],\"32\":\"https:\\/\\/www.google.com\\/maps\\/embed?pb=!1m18!1m12!1m3!1d3004.131777930494!2d-81.35954584821805!3d41.15347577918477!2m3!1f0!2f0!3f0!3m2!1i1024!2i768!4f13.1!3m3!1m2!1s0x883125213bb987bb%3A0x25ce1992d4aa5850!2sIdeaBase!5e0!3m2!1sen!2sus!4v1488213388847\"}}', '2017-02-27 16:38:00', '2017-02-27 16:38:00', 'c159a062-450c-47e5-8685-e36c809365ad'),
 ('84', '2', '1', '1', 'en_us', '4', '', '{\"typeId\":null,\"authorId\":null,\"title\":\"Home\",\"slug\":\"homepage\",\"postDate\":1485229871,\"expiryDate\":null,\"enabled\":1,\"parentId\":null,\"fields\":{\"1\":\"<p>It\\u2019s true, this site doesn\\u2019t have a whole lot of content yet, but don\\u2019t worry. Our web developers have just installed the CMS, and they\\u2019re setting things up for the content editors this very moment. Soon Trenokent.com will be an oasis of fresh perspectives, sharp analyses, and astute opinions that will keep you coming back again and again.<\\/p>\",\"7\":[\"56\"],\"29\":[\"56\",\"61\",\"62\"]}}', '2017-03-06 14:23:10', '2017-03-06 14:23:10', '2bad5fcd-cf28-43d4-a14c-e799bfbd23aa'),
 ('85', '66', '13', '1', 'en_us', '1', NULL, '{\"typeId\":\"14\",\"authorId\":null,\"title\":\"Menu Landing Page\",\"slug\":\"menu-landing-page\",\"postDate\":1488814438,\"expiryDate\":null,\"enabled\":1,\"parentId\":null,\"fields\":[]}', '2017-03-06 15:33:59', '2017-03-06 15:33:59', '741b5fed-a0e9-49f1-a1b6-52f70434f405'),
 ('86', '55', '11', '1', 'en_us', '5', '', '{\"typeId\":\"12\",\"authorId\":null,\"title\":\"Reservations\",\"slug\":\"test\",\"postDate\":1488212977,\"expiryDate\":null,\"enabled\":1,\"parentId\":null,\"fields\":{\"7\":[\"56\"],\"23\":\"(###)-###-####\",\"25\":\"<p>Here is some information about how to schedule a private party or an event<\\/p>\",\"24\":\"Here is some information about how to make a reservation \"}}', '2017-03-06 15:34:44', '2017-03-06 15:34:44', 'd94a7dcc-a32a-4774-92c1-b360fd1fc812'),
 ('87', '66', '13', '1', 'en_us', '2', '', '{\"typeId\":null,\"authorId\":null,\"title\":\"Menu Landing Page\",\"slug\":\"menu-landing-page\",\"postDate\":1488814438,\"expiryDate\":null,\"enabled\":1,\"parentId\":null,\"fields\":{\"7\":[\"56\"]}}', '2017-03-06 15:35:15', '2017-03-06 15:35:15', 'c837178b-c849-430f-b45f-1ca2d7969b50'),
 ('88', '66', '13', '1', 'en_us', '3', '', '{\"typeId\":\"14\",\"authorId\":null,\"title\":\"Menu Landing Page\",\"slug\":\"menu-landing-page\",\"postDate\":1488814825,\"expiryDate\":null,\"enabled\":1,\"parentId\":null,\"fields\":{\"7\":[\"56\"]}}', '2017-03-06 15:41:13', '2017-03-06 15:41:13', '962d7721-a9c6-47e7-a329-3c7d7aae1d6b'),
 ('89', '66', '13', '1', 'en_us', '4', '', '{\"typeId\":\"14\",\"authorId\":null,\"title\":\"Menu \",\"slug\":\"menu-landing-page\",\"postDate\":1488814825,\"expiryDate\":null,\"enabled\":1,\"parentId\":null,\"fields\":{\"7\":[\"56\"]}}', '2017-03-06 15:41:24', '2017-03-06 15:41:24', 'f75546c2-696e-47f7-90a5-9e6b0be5d674'),
 ('90', '2', '1', '1', 'en_us', '5', '', '{\"typeId\":null,\"authorId\":null,\"title\":\"Home\",\"slug\":\"homepage\",\"postDate\":1485229871,\"expiryDate\":null,\"enabled\":1,\"parentId\":null,\"fields\":{\"1\":\"<p>It\\u2019s true, this site doesn\\u2019t have a whole lot of content yet, but don\\u2019t worry. Our web developers have just installed the CMS, and they\\u2019re setting things up for the content editors this very moment. Soon Trenokent.com will be an oasis of fresh perspectives, sharp analyses, and astute opinions that will keep you coming back again and again.<\\/p>\",\"7\":[\"56\"],\"34\":[\"75\"],\"29\":[\"56\",\"61\",\"62\"]}}', '2017-03-09 15:07:04', '2017-03-09 15:07:04', 'd6be29de-5a8f-40eb-9943-7e35c66f9721'),
 ('94', '2', '1', '1', 'en_us', '6', '', '{\"typeId\":null,\"authorId\":null,\"title\":\"Home\",\"slug\":\"homepage\",\"postDate\":1485229871,\"expiryDate\":null,\"enabled\":1,\"parentId\":null,\"fields\":{\"1\":\"<p>It\\u2019s true, this site doesn\\u2019t have a whole lot of content yet, but don\\u2019t worry. Our web developers have just installed the CMS, and they\\u2019re setting things up for the content editors this very moment. Soon Trenokent.com will be an oasis of fresh perspectives, sharp analyses, and astute opinions that will keep you coming back again and again.<\\/p>\",\"7\":[\"56\"],\"35\":\"Welcome\",\"36\":\"to Kents\",\"37\":\"Ristorante\",\"34\":[\"75\"],\"29\":[\"56\",\"61\",\"62\"]}}', '2017-03-14 16:26:13', '2017-03-14 16:26:13', 'e3b535db-1e5a-4ed0-855e-ef5e3286e6d3'),
 ('95', '2', '1', '1', 'en_us', '7', '', '{\"typeId\":null,\"authorId\":null,\"title\":\"Home\",\"slug\":\"homepage\",\"postDate\":1485229871,\"expiryDate\":null,\"enabled\":1,\"parentId\":null,\"fields\":{\"1\":\"<p>It\\u2019s true, this site doesn\\u2019t have a whole lot of content yet, but don\\u2019t worry. Our web developers have just installed the CMS, and they\\u2019re setting things up for the content editors this very moment. Soon Trenokent.com will be an oasis of fresh perspectives, sharp analyses, and astute opinions that will keep you coming back again and again.<\\/p>\",\"7\":[\"56\"],\"35\":\"Welcome\",\"36\":\"to Kents\",\"37\":\"Ristorante\",\"34\":[\"75\"],\"29\":[\"56\",\"61\",\"62\"],\"38\":[\"66\"]}}', '2017-03-14 16:27:18', '2017-03-14 16:27:18', 'cc03c7ce-725c-4dfe-8b52-b17835fd8673'),
 ('97', '14', '7', '1', 'en_us', '9', '', '{\"typeId\":\"7\",\"authorId\":null,\"title\":\"Directions\",\"slug\":\"directions\",\"postDate\":1488213299,\"expiryDate\":null,\"enabled\":1,\"parentId\":null,\"fields\":{\"8\":\"152 Franklin Ave. Kent, Ohio 44240\",\"7\":[\"61\"],\"32\":\"https:\\/\\/www.google.com\\/maps\\/embed?pb=!1m18!1m12!1m3!1d3004.131777930494!2d-81.35954584821805!3d41.15347577918477!2m3!1f0!2f0!3f0!3m2!1i1024!2i768!4f13.1!3m3!1m2!1s0x883125213bb987bb%3A0x25ce1992d4aa5850!2sIdeaBase!5e0!3m2!1sen!2sus!4v1488213388847\"}}', '2017-03-14 16:33:29', '2017-03-14 16:33:29', '7022c572-9dd2-47b8-b59f-9c33c337e277'),
 ('98', '66', '13', '1', 'en_us', '5', '', '{\"typeId\":\"14\",\"authorId\":null,\"title\":\"Menu \",\"slug\":\"menu-landing-page\",\"postDate\":1488814825,\"expiryDate\":null,\"enabled\":1,\"parentId\":null,\"fields\":{\"7\":[\"56\"]}}', '2017-03-14 16:33:34', '2017-03-14 16:33:34', '89c03d24-6ae1-45ab-99c7-5a553c466fa6'),
 ('99', '55', '11', '1', 'en_us', '6', '', '{\"typeId\":\"12\",\"authorId\":null,\"title\":\"Reservations\",\"slug\":\"test\",\"postDate\":1488212977,\"expiryDate\":null,\"enabled\":1,\"parentId\":null,\"fields\":{\"7\":[\"56\"],\"23\":\"(###)-###-####\",\"25\":\"<p>Here is some information about how to schedule a private party or an event<\\/p>\",\"24\":\"Here is some information about how to make a reservation \"}}', '2017-03-14 16:33:41', '2017-03-14 16:33:41', 'e06521dd-9f2f-4474-ab09-a2fe668603d8'),
 ('100', '14', '7', '1', 'en_us', '10', '', '{\"typeId\":\"7\",\"authorId\":null,\"title\":\"Directions\",\"slug\":\"directions\",\"postDate\":1488213299,\"expiryDate\":null,\"enabled\":1,\"parentId\":null,\"fields\":{\"8\":\"152 Franklin Ave. Kent, Ohio 44240\",\"7\":[\"61\"],\"32\":\"https:\\/\\/www.google.com\\/maps\\/embed?pb=!1m18!1m12!1m3!1d3004.131777930494!2d-81.35954584821805!3d41.15347577918477!2m3!1f0!2f0!3f0!3m2!1i1024!2i768!4f13.1!3m3!1m2!1s0x883125213bb987bb%3A0x25ce1992d4aa5850!2sIdeaBase!5e0!3m2!1sen!2sus!4v1488213388847\",\"41\":[\"73\"]}}', '2017-03-21 15:21:35', '2017-03-21 15:21:35', '207ac00b-0ccc-4ac3-a918-b7183baecc79'),
 ('101', '8', '4', '1', 'en_us', '11', '', '{\"typeId\":\"4\",\"authorId\":null,\"title\":\"About Treno\",\"slug\":\"about-treno\",\"postDate\":1488208186,\"expiryDate\":null,\"enabled\":1,\"parentId\":null,\"fields\":{\"30\":\"<p>Lorem ipsum dolor sit amet, consectetuer adipiscing elit. Aenean commodo<br>ligula eget dolor. Aenean massa. Cum sociis natoque penatibus et<br>magnis dis parturient montes, nascetur ridiculus mus. Donec quam felis,<br>ultricies nec, pellentesque eu, pretium quis, sem. Nulla consequat massa<br>quis enim. Donec pede justo, fringilla vel, aliquet nec, vulputate eget, arcu.<br>In enim justo, rhoncus ut, imperdiet a, venenatis vitae, justo. Nullam<br>dictum felis eu pede mollis pretium. Integer tincidunt. Cras dapibus. Vivamus<br>elementum semper nisi. Aenean vulputate eleifend tellus. Aenean<br>leo ligula, porttitor eu, consequat vitae, eleifend ac, enim. Aliquam lorem&nbsp;<\\/p>\",\"8\":\"History\",\"1\":\"<p>Treno is a new website that is opening in Kent Ohio in May of 2017<\\/p>\",\"12\":{\"34\":{\"type\":\"text\",\"enabled\":\"1\",\"fields\":{\"textBlock\":\"<p>Testing information for the matrix field<\\/p>\"}},\"35\":{\"type\":\"image\",\"enabled\":\"1\",\"fields\":{\"imageFile\":[\"13\"]}}},\"7\":[\"56\"],\"29\":[\"56\",\"61\",\"62\"]}}', '2017-03-21 15:35:06', '2017-03-21 15:35:06', '35cf0b54-a339-4bfb-8be2-d05b85a1d81a'),
 ('102', '14', '7', '1', 'en_us', '11', '', '{\"typeId\":\"7\",\"authorId\":null,\"title\":\"Directions\",\"slug\":\"directions\",\"postDate\":1488213299,\"expiryDate\":null,\"enabled\":1,\"parentId\":null,\"fields\":{\"8\":\"152 Franklin Ave. Kent, Ohio 44240\",\"7\":[\"61\"],\"32\":\"https:\\/\\/www.google.com\\/maps\\/embed?pb=!1m18!1m12!1m3!1d3004.131777930494!2d-81.35954584821805!3d41.15347577918477!2m3!1f0!2f0!3f0!3m2!1i1024!2i768!4f13.1!3m3!1m2!1s0x883125213bb987bb%3A0x25ce1992d4aa5850!2sIdeaBase!5e0!3m2!1sen!2sus!4v1488213388847\",\"41\":[\"73\"],\"42\":\"Lorem ipsum dolor sit amet, consectetuer adipiscing elit. Aenean commodo ligula eget dolor. Aenean massa. Cum sociis natoque penatibus et magnis dis parturient montes,\",\"43\":\"Lorem ipsum dolor sit amet, consectetuer adipiscing elit. Aenean commodo ligula eget dolor. Aenean massa. Cum sociis natoque penatibus et magnis dis parturient montes,\",\"44\":\"Lorem ipsum dolor sit amet, consectetuer adipiscing elit. Aenean commodo ligula eget dolor. Aenean massa. Cum sociis natoque penatibus et magnis dis parturient montes,\",\"46\":\"Lorem ipsum dolor sit amet, consectetuer adipiscing elit. Aenean commodo ligula eget dolor. Aenean massa. Cum sociis natoque penatibus et magnis dis parturient montes,\",\"45\":\"$5\"}}', '2017-03-21 15:49:36', '2017-03-21 15:49:36', '3ae65c95-94da-48f1-854a-c7bdf1df1dd0'),
 ('103', '2', '1', '1', 'en_us', '8', '', '{\"typeId\":null,\"authorId\":null,\"title\":\"Home\",\"slug\":\"homepage\",\"postDate\":1485229871,\"expiryDate\":null,\"enabled\":1,\"parentId\":null,\"fields\":{\"1\":\"<p>It\\u2019s true, this site doesn\\u2019t have a whole lot of content yet, but don\\u2019t worry. Our web developers have just installed the CMS, and they\\u2019re setting things up for the content editors this very moment. Soon Trenokent.com will be an oasis of fresh perspectives, sharp analyses, and astute opinions that will keep you coming back again and again.<\\/p>\",\"7\":[\"56\"],\"47\":[\"68\"],\"48\":[\"70\"],\"35\":\"Welcome\",\"36\":\"to Kents\",\"37\":\"Ristorante\",\"34\":[\"75\"],\"29\":[\"56\",\"61\",\"62\"],\"38\":[\"66\"]}}', '2017-04-14 14:02:47', '2017-04-14 14:02:47', 'f0e2d77b-fa7a-4047-912a-d299d98df2a3'),
 ('104', '2', '1', '1', 'en_us', '9', '', '{\"typeId\":null,\"authorId\":null,\"title\":\"Home\",\"slug\":\"homepage\",\"postDate\":1485229871,\"expiryDate\":null,\"enabled\":1,\"parentId\":null,\"fields\":{\"1\":\"<p>It\\u2019s true, this site doesn\\u2019t have a whole lot of content yet, but don\\u2019t worry. Our web developers have just installed the CMS, and they\\u2019re setting things up for the content editors this very moment. Soon Trenokent.com will be an oasis of fresh perspectives, sharp analyses, and astute opinions that will keep you coming back again and again.<\\/p>\",\"7\":[\"56\"],\"47\":[\"68\"],\"48\":[\"70\"],\"35\":\"Welcome\",\"36\":\"to Kents\",\"37\":\"Ristorante\",\"34\":[\"75\"],\"29\":[\"56\",\"61\",\"62\"],\"38\":[\"66\"]}}', '2017-04-14 14:02:47', '2017-04-14 14:02:47', '44ad2d95-7ea2-40ec-aa12-50ec3723d6f9'),
 ('105', '82', '3', '1', 'en_us', '1', '', '{\"typeId\":null,\"authorId\":\"1\",\"title\":\"Special\",\"slug\":\"special\",\"postDate\":1492694598,\"expiryDate\":null,\"enabled\":1,\"parentId\":null,\"fields\":{\"6\":[\"25\"],\"3\":\"Description of the food\",\"4\":\"\",\"5\":\"5\",\"16\":[\"80\"],\"11\":\"\"}}', '2017-04-20 13:23:18', '2017-04-20 13:23:18', 'b85bae16-f2c6-4356-b091-d284dd0b556e'),
 ('106', '83', '3', '1', 'en_us', '1', '', '{\"typeId\":null,\"authorId\":\"1\",\"title\":\"Drink\",\"slug\":\"drink\",\"postDate\":1492694624,\"expiryDate\":null,\"enabled\":1,\"parentId\":null,\"fields\":{\"6\":\"\",\"3\":\"Description of the drink\",\"4\":\"\",\"5\":\"3\",\"16\":[\"81\"],\"11\":\"\"}}', '2017-04-20 13:23:44', '2017-04-20 13:23:44', 'cb532658-9fc4-46ba-969a-6fd85e9a44b3'),
 ('107', '83', '3', '1', 'en_us', '2', '', '{\"typeId\":\"3\",\"authorId\":\"1\",\"title\":\"Drink\",\"slug\":\"drink\",\"postDate\":1492694580,\"expiryDate\":null,\"enabled\":1,\"parentId\":null,\"fields\":{\"6\":[\"85\"],\"3\":\"Description of the drink\",\"4\":\"\",\"5\":\"3\",\"16\":[\"81\"],\"11\":\"\"}}', '2017-04-20 13:24:49', '2017-04-20 13:24:49', '2646e3a7-bf51-4f4b-a6a1-6625c1e0da43'),
 ('109', '50', '12', '1', 'en_us', '2', '', '{\"typeId\":\"13\",\"authorId\":\"1\",\"title\":\"Jon Smith \",\"slug\":\"jon-smith\",\"postDate\":1487086020,\"expiryDate\":null,\"enabled\":1,\"parentId\":null,\"fields\":{\"26\":\"<p>Jon is an excited new member of our team who is looking forward to seeing the website finished.&nbsp;<\\/p>\",\"27\":[\"49\"]}}', '2017-05-12 15:59:43', '2017-05-12 15:59:43', 'f49d1a17-6557-403d-8d63-5727d52f0047'),
 ('110', '82', '3', '1', 'en_us', '2', '', '{\"typeId\":\"3\",\"authorId\":\"1\",\"title\":\"Special\",\"slug\":\"special\",\"postDate\":1492694580,\"expiryDate\":null,\"enabled\":1,\"parentId\":null,\"fields\":{\"6\":[\"25\"],\"3\":\"Description of the food\",\"4\":\"\",\"5\":\"5\",\"16\":[\"80\"],\"19\":[\"40\"]}}', '2017-05-22 20:37:02', '2017-05-22 20:37:02', '93c7710d-3d8a-4009-9d08-dc09296b032a'),
 ('111', '64', '3', '1', 'en_us', '2', '', '{\"typeId\":\"3\",\"authorId\":\"1\",\"title\":\"Brunch Item\",\"slug\":\"brunch-item\",\"postDate\":1488209280,\"expiryDate\":null,\"enabled\":1,\"parentId\":null,\"fields\":{\"6\":[\"25\"],\"3\":\"Description of the food\",\"4\":\"\",\"5\":\"15\",\"16\":[\"63\"],\"19\":[\"42\"]}}', '2017-05-24 16:14:17', '2017-05-24 16:14:17', 'b3399fcd-6400-46a7-a4bd-4ae2ca91ec1a'),
 ('112', '66', '13', '1', 'en_us', '6', '', '{\"typeId\":\"14\",\"authorId\":null,\"title\":\"Menu \",\"slug\":\"menu-landing-page\",\"postDate\":1488814825,\"expiryDate\":null,\"enabled\":1,\"parentId\":null,\"fields\":{\"1\":\"<p>Lorem ipsum dolor sit amet, consectetuer adipiscing elit. Aenean commodo ligula eget dolor. Aenean massa. Cum sociis natoque penatibus et magnis dis parturient montes,<\\/p>\",\"7\":[\"56\"]}}', '2017-05-30 19:05:09', '2017-05-30 19:05:09', 'eb95e090-c939-439e-8aeb-e9a7b987d974'),
 ('113', '88', '3', '1', 'en_us', '1', '', '{\"typeId\":null,\"authorId\":\"1\",\"title\":\"alfredo chicken\",\"slug\":\"alfredo-chicken\",\"postDate\":1496761807,\"expiryDate\":null,\"enabled\":1,\"parentId\":null,\"fields\":{\"6\":[\"25\"],\"3\":\"Lorem ipsum dolor sit amet, consectetur adipiscing elit. Cras aliquet aliquet venenatis. Sed eu lacinia nisl, ut pretium velit. Sed id justo tortor. Ut posuere lectus felis, non facilisis lorem luctus et. Aliquam quis gravida leo. Vivamus dictum felis at quam faucibus varius. Proin eget imperdiet tortor. Integer et dui maximus, accumsan odio efficitur, scelerisque dolor. Integer ultricies pharetra nibh, in rutrum purus imperdiet sed.\",\"4\":\"\",\"5\":\"11\",\"16\":[\"28\",\"29\"],\"19\":[\"46\"]}}', '2017-06-06 15:10:07', '2017-06-06 15:10:07', '0d5923fc-adee-453d-88c7-624585a65700'),
 ('114', '89', '3', '1', 'en_us', '1', '', '{\"typeId\":null,\"authorId\":\"1\",\"title\":\"alfredo shrimp\",\"slug\":\"alfredo-shrimp\",\"postDate\":1496761849,\"expiryDate\":null,\"enabled\":1,\"parentId\":null,\"fields\":{\"6\":[\"25\"],\"3\":\"Lorem ipsum dolor sit amet, consectetur adipiscing elit. Cras aliquet aliquet venenatis. Sed eu lacinia nisl, ut pretium velit. Sed id justo tortor. Ut posuere lectus felis, non facilisis lorem luctus et. Aliquam quis gravida leo. Vivamus dictum felis at quam faucibus varius. Proin eget imperdiet tortor. Integer et dui maximus, accumsan odio efficitur, scelerisque dolor. Integer ultricies pharetra nibh, in rutrum purus imperdiet sed.\",\"4\":\"\",\"5\":\"15\",\"16\":[\"28\",\"29\"],\"19\":[\"45\"]}}', '2017-06-06 15:10:49', '2017-06-06 15:10:49', 'a515dab7-aa52-4bdb-bf61-ed78a088dc10'),
 ('115', '90', '3', '1', 'en_us', '1', '', '{\"typeId\":null,\"authorId\":\"1\",\"title\":\"onion soup\",\"slug\":\"onion-soup\",\"postDate\":1496761923,\"expiryDate\":null,\"enabled\":1,\"parentId\":null,\"fields\":{\"6\":[\"25\"],\"3\":\"Lorem ipsum dolor sit amet, consectetur adipiscing elit. Cras aliquet aliquet venenatis. Sed eu lacinia nisl, ut pretium velit. Sed id justo tortor. Ut posuere lectus felis, non facilisis lorem luctus et. Aliquam quis gravida leo. Vivamus dictum felis at quam faucibus varius. Proin eget imperdiet tortor. Integer et dui maximus, accumsan odio efficitur, scelerisque dolor. Integer ultricies pharetra nibh, in rutrum purus imperdiet sed.\",\"4\":\"\",\"5\":\"7\",\"16\":[\"29\"],\"19\":\"\"}}', '2017-06-06 15:12:03', '2017-06-06 15:12:03', '1e0cfa68-715f-4b2d-8d18-ba1db53a9f9a'),
 ('116', '91', '3', '1', 'en_us', '1', '', '{\"typeId\":null,\"authorId\":\"1\",\"title\":\"Italian cheese\",\"slug\":\"italian-cheese\",\"postDate\":1496761971,\"expiryDate\":null,\"enabled\":1,\"parentId\":null,\"fields\":{\"6\":[\"5\"],\"3\":\"Lorem ipsum dolor sit amet, consectetur adipiscing elit. Cras aliquet aliquet venenatis. Sed eu lacinia nisl, ut pretium velit. Sed id justo tortor. Ut posuere lectus felis, non facilisis lorem luctus et. Aliquam quis gravida leo. Vivamus dictum felis at quam faucibus varius. Proin eget imperdiet tortor. Integer et dui maximus, accumsan odio efficitur, scelerisque dolor. Integer ultricies pharetra nibh, in rutrum purus imperdiet sed.\",\"4\":\"\",\"5\":\"4\",\"16\":[\"63\",\"28\",\"29\"],\"19\":\"\"}}', '2017-06-06 15:12:51', '2017-06-06 15:12:51', 'af5515d5-0700-44d7-9169-7a420655861f'),
 ('117', '92', '3', '1', 'en_us', '1', '', '{\"typeId\":null,\"authorId\":\"1\",\"title\":\"lasagna\",\"slug\":\"lasagna\",\"postDate\":1496762019,\"expiryDate\":null,\"enabled\":1,\"parentId\":null,\"fields\":{\"6\":[\"25\"],\"3\":\"Lorem ipsum dolor sit amet, consectetur adipiscing elit. Cras aliquet aliquet venenatis. Sed eu lacinia nisl, ut pretium velit. Sed id justo tortor. Ut posuere lectus felis, non facilisis lorem luctus et. Aliquam quis gravida leo. Vivamus dictum felis at quam faucibus varius. Proin eget imperdiet tortor. Integer et dui maximus, accumsan odio efficitur, scelerisque dolor. Integer ultricies pharetra nibh, in rutrum purus imperdiet sed.\",\"4\":\"\",\"5\":\"10\",\"16\":[\"28\",\"29\"],\"19\":[\"44\"]}}', '2017-06-06 15:13:39', '2017-06-06 15:13:39', '30a2055d-2feb-411e-a9d3-551b9314e115'),
 ('118', '93', '3', '1', 'en_us', '1', '', '{\"typeId\":null,\"authorId\":\"1\",\"title\":\"shrimp roll\",\"slug\":\"shrimp-roll\",\"postDate\":1496762076,\"expiryDate\":null,\"enabled\":1,\"parentId\":null,\"fields\":{\"6\":[\"5\"],\"3\":\"Lorem ipsum dolor sit amet, consectetur adipiscing elit. Cras aliquet aliquet venenatis. Sed eu lacinia nisl, ut pretium velit. Sed id justo tortor. Ut posuere lectus felis, non facilisis lorem luctus et. Aliquam quis gravida leo. Vivamus dictum felis at quam faucibus varius. Proin eget imperdiet tortor. Integer et dui maximus, accumsan odio efficitur, scelerisque dolor. Integer ultricies pharetra nibh, in rutrum purus imperdiet sed.\",\"4\":\"\",\"5\":\"5\",\"16\":[\"63\",\"28\",\"29\"],\"19\":\"\"}}', '2017-06-06 15:14:36', '2017-06-06 15:14:36', '0905fd73-f34f-44db-9af7-1f8b73d9e160'),
 ('119', '94', '3', '1', 'en_us', '1', '', '{\"typeId\":null,\"authorId\":\"1\",\"title\":\"breadstick\",\"slug\":\"breadstick\",\"postDate\":1496762148,\"expiryDate\":null,\"enabled\":1,\"parentId\":null,\"fields\":{\"6\":[\"5\"],\"3\":\"Lorem ipsum dolor sit amet, consectetur adipiscing elit. Cras aliquet aliquet venenatis. Sed eu lacinia nisl, ut pretium velit. Sed id justo tortor. Ut posuere lectus felis, non facilisis lorem luctus et. Aliquam quis gravida leo. Vivamus dictum felis at quam faucibus varius. Proin eget imperdiet tortor. Integer et dui maximus, accumsan odio efficitur, scelerisque dolor. Integer ultricies pharetra nibh, in rutrum purus imperdiet sed.\",\"4\":\"\",\"5\":\"5\",\"16\":[\"63\",\"28\",\"29\"],\"19\":\"\"}}', '2017-06-06 15:15:49', '2017-06-06 15:15:49', '4332616f-077e-4a39-a4bd-c1cedcda86a9'),
 ('120', '95', '3', '1', 'en_us', '1', '', '{\"typeId\":null,\"authorId\":\"1\",\"title\":\"Caesar salad\",\"slug\":\"caesar-salad\",\"postDate\":1496762239,\"expiryDate\":null,\"enabled\":1,\"parentId\":null,\"fields\":{\"6\":[\"5\",\"84\"],\"3\":\"Lorem ipsum dolor sit amet, consectetur adipiscing elit. Cras aliquet aliquet venenatis. Sed eu lacinia nisl, ut pretium velit. Sed id justo tortor. Ut posuere lectus felis, non facilisis lorem luctus et. Aliquam quis gravida leo. Vivamus dictum felis at quam faucibus varius. Proin eget imperdiet tortor. Integer et dui maximus, accumsan odio efficitur, scelerisque dolor. Integer ultricies pharetra nibh, in rutrum purus imperdiet sed.\",\"4\":\"\",\"5\":\"0\",\"16\":[\"63\",\"28\",\"29\"],\"19\":\"\"}}', '2017-06-06 15:17:19', '2017-06-06 15:17:19', '4b466eba-d005-4d44-ac72-c63711a9ad6b'),
 ('121', '96', '3', '1', 'en_us', '1', '', '{\"typeId\":null,\"authorId\":\"1\",\"title\":\"Fries\",\"slug\":\"fries\",\"postDate\":1496762320,\"expiryDate\":null,\"enabled\":1,\"parentId\":null,\"fields\":{\"6\":[\"5\"],\"3\":\"Lorem ipsum dolor sit amet, consectetur adipiscing elit. Cras aliquet aliquet venenatis. Sed eu lacinia nisl, ut pretium velit. Sed id justo tortor. Ut posuere lectus felis, non facilisis lorem luctus et. Aliquam quis gravida leo. Vivamus dictum felis at quam faucibus varius. Proin eget imperdiet tortor. Integer et dui maximus, accumsan odio efficitur, scelerisque dolor. Integer ultricies pharetra nibh, in rutrum purus imperdiet sed.\",\"4\":\"\",\"5\":\"1.5\",\"16\":[\"63\",\"28\",\"29\"],\"19\":\"\"}}', '2017-06-06 15:18:40', '2017-06-06 15:18:40', '1cbfccbd-54e3-42a7-b4b9-ba948ab39914'),
 ('122', '97', '3', '1', 'en_us', '1', '', '{\"typeId\":null,\"authorId\":\"1\",\"title\":\"Caprese salad\",\"slug\":\"caprese-salad\",\"postDate\":1496762449,\"expiryDate\":null,\"enabled\":1,\"parentId\":null,\"fields\":{\"6\":[\"84\"],\"3\":\"Lorem ipsum dolor sit amet, consectetur adipiscing elit. Cras aliquet aliquet venenatis. Sed eu lacinia nisl, ut pretium velit. Sed id justo tortor. Ut posuere lectus felis, non facilisis lorem luctus et. Aliquam quis gravida leo. Vivamus dictum felis at quam faucibus varius. Proin eget imperdiet tortor. Integer et dui maximus, accumsan odio efficitur, scelerisque dolor. Integer ultricies pharetra nibh, in rutrum purus imperdiet sed.\",\"4\":\"\",\"5\":\"5\",\"16\":[\"63\",\"28\",\"29\"],\"19\":\"\"}}', '2017-06-06 15:20:49', '2017-06-06 15:20:49', '0ab52593-0bc8-4e33-9563-8b5c65cf8def'),
 ('123', '98', '3', '1', 'en_us', '1', '', '{\"typeId\":null,\"authorId\":\"1\",\"title\":\"coca-cola\",\"slug\":\"coca-cola\",\"postDate\":1496762651,\"expiryDate\":null,\"enabled\":1,\"parentId\":null,\"fields\":{\"6\":[\"85\"],\"3\":\"Lorem ipsum dolor sit amet, consectetur adipiscing elit. Cras aliquet aliquet venenatis. Sed eu lacinia nisl, ut pretium velit. Sed id justo tortor. Ut posuere lectus felis, non facilisis lorem luctus et. Aliquam quis gravida leo. Vivamus dictum felis at quam faucibus varius. Proin eget imperdiet tortor. Integer et dui maximus, accumsan odio efficitur, scelerisque dolor. Integer ultricies pharetra nibh, in rutrum purus imperdiet sed.\",\"4\":\"\",\"5\":\"2\",\"16\":[\"81\"],\"19\":\"\"}}', '2017-06-06 15:24:11', '2017-06-06 15:24:11', 'b8558f39-a95e-4c2e-bab2-42f223173a28'),
 ('124', '99', '3', '1', 'en_us', '1', '', '{\"typeId\":null,\"authorId\":\"1\",\"title\":\"fanta\",\"slug\":\"fanta\",\"postDate\":1496762680,\"expiryDate\":null,\"enabled\":1,\"parentId\":null,\"fields\":{\"6\":[\"85\"],\"3\":\"Lorem ipsum dolor sit amet, consectetur adipiscing elit. Cras aliquet aliquet venenatis. Sed eu lacinia nisl, ut pretium velit. Sed id justo tortor. Ut posuere lectus felis, non facilisis lorem luctus et. Aliquam quis gravida leo. Vivamus dictum felis at quam faucibus varius. Proin eget imperdiet tortor. Integer et dui maximus, accumsan odio efficitur, scelerisque dolor. Integer ultricies pharetra nibh, in rutrum purus imperdiet sed.\",\"4\":\"\",\"5\":\"2\",\"16\":[\"81\"],\"19\":\"\"}}', '2017-06-06 15:24:40', '2017-06-06 15:24:40', '07ccafe2-ad26-4076-ba4a-9a6581b651e6'),
 ('125', '100', '3', '1', 'en_us', '1', '', '{\"typeId\":null,\"authorId\":\"1\",\"title\":\"sprite\",\"slug\":\"sprite\",\"postDate\":1496762711,\"expiryDate\":null,\"enabled\":1,\"parentId\":null,\"fields\":{\"6\":[\"85\"],\"3\":\"Lorem ipsum dolor sit amet, consectetur adipiscing elit. Cras aliquet aliquet venenatis. Sed eu lacinia nisl, ut pretium velit. Sed id justo tortor. Ut posuere lectus felis, non facilisis lorem luctus et. Aliquam quis gravida leo. Vivamus dictum felis at quam faucibus varius. Proin eget imperdiet tortor. Integer et dui maximus, accumsan odio efficitur, scelerisque dolor. Integer ultricies pharetra nibh, in rutrum purus imperdiet sed.\",\"4\":\"\",\"5\":\"2\",\"16\":[\"81\"],\"19\":\"\"}}', '2017-06-06 15:25:11', '2017-06-06 15:25:11', '992c4804-8485-47e3-81f6-2e09396d13d8'),
 ('126', '101', '3', '1', 'en_us', '1', '', '{\"typeId\":null,\"authorId\":\"1\",\"title\":\"chocolat cake\",\"slug\":\"chocolat-cake\",\"postDate\":1496762765,\"expiryDate\":null,\"enabled\":1,\"parentId\":null,\"fields\":{\"6\":[\"86\"],\"3\":\"Lorem ipsum dolor sit amet, consectetur adipiscing elit. Cras aliquet aliquet venenatis. Sed eu lacinia nisl, ut pretium velit. Sed id justo tortor. Ut posuere lectus felis, non facilisis lorem luctus et. Aliquam quis gravida leo. Vivamus dictum felis at quam faucibus varius. Proin eget imperdiet tortor. Integer et dui maximus, accumsan odio efficitur, scelerisque dolor. Integer ultricies pharetra nibh, in rutrum purus imperdiet sed.\",\"4\":\"\",\"5\":\"4\",\"16\":[\"63\",\"28\",\"29\"],\"19\":\"\"}}', '2017-06-06 15:26:06', '2017-06-06 15:26:06', '50c0aaa3-709a-4eb2-9f89-e867695694e6'),
 ('127', '102', '3', '1', 'en_us', '1', '', '{\"typeId\":null,\"authorId\":\"1\",\"title\":\"Strawberry Ice cream\",\"slug\":\"strawberry-ice-cream\",\"postDate\":1496762806,\"expiryDate\":null,\"enabled\":1,\"parentId\":null,\"fields\":{\"6\":[\"86\"],\"3\":\"Lorem ipsum dolor sit amet, consectetur adipiscing elit. Cras aliquet aliquet venenatis. Sed eu lacinia nisl, ut pretium velit. Sed id justo tortor. Ut posuere lectus felis, non facilisis lorem luctus et. Aliquam quis gravida leo. Vivamus dictum felis at quam faucibus varius. Proin eget imperdiet tortor. Integer et dui maximus, accumsan odio efficitur, scelerisque dolor. Integer ultricies pharetra nibh, in rutrum purus imperdiet sed.\",\"4\":\"\",\"5\":\"0\",\"16\":[\"63\",\"28\",\"29\"],\"19\":\"\"}}', '2017-06-06 15:26:46', '2017-06-06 15:26:46', '8b1a97b9-b6f2-4c99-9e74-a43fb9acf5cc'),
 ('128', '92', '3', '1', 'en_us', '2', '', '{\"typeId\":\"3\",\"authorId\":\"1\",\"title\":\"lasagna\",\"slug\":\"lasagna\",\"postDate\":1496761980,\"expiryDate\":null,\"enabled\":1,\"parentId\":null,\"fields\":{\"6\":[\"25\"],\"3\":\"Lorem ipsum dolor sit amet, consectetur adipiscing elit. Cras aliquet aliquet venenatis. Sed eu lacinia nisl, ut pretium velit. Sed id justo tortor. Ut posuere lectus felis, non facilisis lorem luctus et. Aliquam quis gravida leo. Vivamus dictum felis at quam faucibus varius. Proin eget imperdiet tortor. Integer et dui maximus, accumsan odio efficitur, scelerisque dolor. Integer ultricies pharetra nibh, in rutrum purus imperdiet sed.\",\"4\":\"\",\"5\":\"10\",\"16\":[\"28\",\"29\"],\"19\":[\"42\",\"44\"]}}', '2017-06-07 18:54:50', '2017-06-07 18:54:50', '31ac07c9-ba6f-4414-80e9-f7bf3c32c754'),
 ('129', '2', '1', '1', 'en_us', '10', '', '{\"typeId\":null,\"authorId\":null,\"title\":\"Home\",\"slug\":\"homepage\",\"postDate\":1485229871,\"expiryDate\":null,\"enabled\":1,\"parentId\":null,\"fields\":{\"1\":\"<h3>Treno Ristorante, an upscale Italian restaurant, will be located in the historical train depot overlooking the Cuyahoga River in Downtown Kent, Ohio. Formerly the Pufferbelly Restaurant, the depot is currently undergoing a transformative renovation of its space, and the restaurant will be opening this summer 2017.<\\/h3>\\r\\n<h3><br>Treno will lend a cultural charm where patrons will feel included and part of the dining experience. With a menu focused on Northern Italian cuisine, our dishes will be prepared in house from scratch with fresh, flavorful ingredients including locally sourced products as available. We invite you to enjoy a memorable evening out or delicious lunch featuring exquisitely-prepared authentic Italian fare complemented by a thoughtful wine list and full bar selection.<\\/h3>\",\"7\":[\"56\"],\"47\":[\"68\"],\"48\":[\"70\"],\"35\":\"Welcome\",\"36\":\"to Kents\",\"37\":\"Ristorante\",\"34\":[\"75\"],\"29\":[\"56\",\"61\",\"62\"],\"38\":[\"66\"]}}', '2017-07-10 16:45:22', '2017-07-10 16:45:22', 'd9abef1c-c471-402c-8837-a9e1090f5814'),
 ('130', '2', '1', '1', 'en_us', '11', '', '{\"typeId\":null,\"authorId\":null,\"title\":\"Home\",\"slug\":\"homepage\",\"postDate\":1485229871,\"expiryDate\":null,\"enabled\":1,\"parentId\":null,\"fields\":{\"1\":\"<h3>Treno Ristorante, an upscale Italian restaurant, will be located in the historical train depot overlooking the Cuyahoga River in Downtown Kent, Ohio. Formerly the Pufferbelly Restaurant, the depot is currently undergoing a transformative renovation of its space, and the restaurant will be opening this summer 2017.<\\/h3>\\r\\n<h3><br>Treno will lend a cultural charm where patrons will feel included and part of the dining experience. With a menu focused on Northern Italian cuisine, our dishes will be prepared in house from scratch with fresh, flavorful ingredients including locally sourced products as available. We invite you to enjoy a memorable evening out or delicious lunch featuring exquisitely-prepared authentic Italian fare complemented by a thoughtful wine list and full bar selection.<\\/h3>\",\"7\":[\"56\"],\"47\":[\"68\"],\"48\":[\"70\"],\"35\":\"Welcome\",\"36\":\"to Kents\",\"37\":\"Ristorante\",\"34\":[\"75\"],\"29\":[\"56\",\"61\",\"62\"],\"38\":[\"66\"]}}', '2017-07-10 16:45:55', '2017-07-10 16:45:55', '67c454f2-8e5d-476a-8c57-d3ac5b11a2dd'),
 ('131', '8', '4', '1', 'en_us', '12', '', '{\"typeId\":\"4\",\"authorId\":null,\"title\":\"About Treno\",\"slug\":\"about-treno\",\"postDate\":1488208186,\"expiryDate\":null,\"enabled\":1,\"parentId\":null,\"fields\":{\"30\":\"<h3>Treno Ristorante, an upscale Italian restaurant, will be located in the historical train depot overlooking the Cuyahoga River in Downtown Kent, Ohio. Formerly the Pufferbelly Restaurant, the depot is currently undergoing a transformative renovation of its space, and the restaurant will be opening this summer 2017.<\\/h3>\\r\\n<h3><br>Treno will lend a cultural charm where patrons will feel included and part of the dining experience. With a menu focused on Northern Italian cuisine, our dishes will be prepared in house from scratch with fresh, flavorful ingredients including locally sourced products as available. We invite you to enjoy a memorable evening out or delicious lunch featuring exquisitely-prepared authentic Italian fare complemented by a thoughtful wine list and full bar selection.<\\/h3>\",\"8\":\"History\",\"1\":\"<p>Treno is a new website that is opening in Kent Ohio in May of 2017<\\/p>\",\"7\":[\"56\"],\"29\":[\"56\",\"61\",\"62\"]}}', '2017-07-10 16:53:17', '2017-07-10 16:53:17', '7e13be70-4d01-4b96-8168-1e6e8809d63f'),
 ('132', '14', '7', '1', 'en_us', '12', '', '{\"typeId\":\"7\",\"authorId\":null,\"title\":\"Directions\",\"slug\":\"directions\",\"postDate\":1488213299,\"expiryDate\":null,\"enabled\":1,\"parentId\":null,\"fields\":{\"8\":\"152 Franklin Ave. Kent, Ohio 44240\",\"7\":[\"61\"],\"32\":\"https:\\/\\/www.google.com\\/maps\\/embed?pb=!1m18!1m12!1m3!1d3004.131777930494!2d-81.35954584821805!3d41.15347577918477!2m3!1f0!2f0!3f0!3m2!1i1024!2i768!4f13.1!3m3!1m2!1s0x883125213bb987bb%3A0x25ce1992d4aa5850!2sIdeaBase!5e0!3m2!1sen!2sus!4v1488213388847\",\"41\":[\"73\"],\"42\":\"Lorem ipsum dolor sit amet, consectetuer adipiscing elit. Aenean commodo ligula eget dolor. Aenean massa. Cum sociis natoque penatibus et magnis dis parturient montes,\",\"43\":\"Lorem ipsum dolor sit amet, consectetuer adipiscing elit. Aenean commodo ligula eget dolor. Aenean massa. Cum sociis natoque penatibus et magnis dis parturient montes,\",\"44\":\"Lorem ipsum dolor sit amet, consectetuer adipiscing elit. Aenean commodo ligula eget dolor. Aenean massa. Cum sociis natoque penatibus et magnis dis parturient montes,\",\"46\":\"Free Valet Parking Will Be Available to Patrons of Treno Ristorante\",\"45\":\"$5\"}}', '2017-07-10 16:54:24', '2017-07-10 16:54:24', 'a4c358df-fff4-4ec1-891e-1d1fce55c650'),
 ('133', '14', '7', '1', 'en_us', '13', '', '{\"typeId\":\"7\",\"authorId\":null,\"title\":\"Directions\",\"slug\":\"directions\",\"postDate\":1488213299,\"expiryDate\":null,\"enabled\":1,\"parentId\":null,\"fields\":{\"8\":\"152 Franklin Ave. Kent, Ohio 44240\",\"7\":[\"61\"],\"32\":\"https:\\/\\/www.google.com\\/maps\\/embed?pb=!1m18!1m12!1m3!1d3004.131777930494!2d-81.35954584821805!3d41.15347577918477!2m3!1f0!2f0!3f0!3m2!1i1024!2i768!4f13.1!3m3!1m2!1s0x883125213bb987bb%3A0x25ce1992d4aa5850!2sIdeaBase!5e0!3m2!1sen!2sus!4v1488213388847\",\"41\":[\"73\"],\"42\":\"Lorem ipsum dolor sit amet, consectetuer adipiscing elit. Aenean commodo ligula eget dolor. Aenean massa. Cum sociis natoque penatibus et magnis dis parturient montes,\",\"43\":\"Lorem ipsum dolor sit amet, consectetuer adipiscing elit. Aenean commodo ligula eget dolor. Aenean massa. Cum sociis natoque penatibus et magnis dis parturient montes,\",\"44\":\"Lorem ipsum dolor sit amet, consectetuer adipiscing elit. Aenean commodo ligula eget dolor. Aenean massa. Cum sociis natoque penatibus et magnis dis parturient montes,\",\"46\":\"Free Valet Parking Will Be Available to Patrons of Treno Ristorante\",\"45\":\"$5\"}}', '2017-07-10 16:54:38', '2017-07-10 16:54:38', 'e9e1eb8a-c362-4db5-9ad3-88fbb0ad8e69'),
 ('134', '2', '1', '1', 'en_us', '12', '', '{\"typeId\":null,\"authorId\":null,\"title\":\"Home\",\"slug\":\"homepage\",\"postDate\":1485229871,\"expiryDate\":null,\"enabled\":1,\"parentId\":null,\"fields\":{\"1\":\"<h3>Treno Ristorante, an upscale Italian restaurant, will be located in the historical train depot overlooking the Cuyahoga River in Downtown Kent, Ohio. Formerly the Pufferbelly Restaurant, the depot is currently undergoing a transformative renovation of its space, and the restaurant will be opening this summer 2017.<\\/h3>\\r\\n<h3><br>Treno will lend a cultural charm where patrons will feel included and part of the dining experience. With a menu focused on Northern Italian cuisine, our dishes will be prepared in house from scratch with fresh, flavorful ingredients including locally sourced products as available. We invite you to enjoy a memorable evening out or delicious lunch featuring exquisitely-prepared authentic Italian fare complemented by a thoughtful wine list and full bar selection.<\\/h3>\",\"7\":[\"56\"],\"47\":[\"68\"],\"48\":[\"70\"],\"35\":\"Welcome\",\"36\":\"to Kents\",\"37\":\"Ristorante\",\"34\":[\"75\"],\"29\":[\"56\",\"61\",\"62\"],\"38\":[\"66\"]}}', '2017-07-10 16:54:48', '2017-07-10 16:54:48', 'd7b0ae24-045a-44f1-913e-015da0847f32'),
 ('135', '66', '13', '1', 'en_us', '7', '', '{\"typeId\":\"14\",\"authorId\":null,\"title\":\"Menu \",\"slug\":\"menu-landing-page\",\"postDate\":1488814825,\"expiryDate\":null,\"enabled\":1,\"parentId\":null,\"fields\":{\"1\":\"<p>Lorem ipsum dolor sit amet, consectetuer adipiscing elit. Aenean commodo ligula eget dolor. Aenean massa. Cum sociis natoque penatibus et magnis dis parturient montes,<\\/p>\",\"7\":[\"56\"]}}', '2017-07-10 16:54:55', '2017-07-10 16:54:55', 'd5c307d9-24cb-48e7-b36d-f017d2f7dc35'),
 ('136', '55', '11', '1', 'en_us', '7', '', '{\"typeId\":\"12\",\"authorId\":null,\"title\":\"Reservations\",\"slug\":\"test\",\"postDate\":1488212977,\"expiryDate\":null,\"enabled\":1,\"parentId\":null,\"fields\":{\"7\":[\"56\"],\"23\":\"(###)-###-####\",\"25\":\"<p>Here is some information about how to schedule a private party or an event<\\/p>\",\"24\":\"Here is some information about how to make a reservation \"}}', '2017-07-10 16:55:05', '2017-07-10 16:55:05', 'fcab2b39-b52d-470b-88cb-145714220e82'),
 ('137', '8', '4', '1', 'en_us', '13', '', '{\"typeId\":\"4\",\"authorId\":null,\"title\":\"About Treno\",\"slug\":\"about-treno\",\"postDate\":1488208186,\"expiryDate\":null,\"enabled\":1,\"parentId\":null,\"fields\":{\"30\":\"<p>Treno Ristorante, an upscale Italian restaurant, will be located in the historical train depot overlooking the Cuyahoga River in Downtown Kent, Ohio. Formerly the Pufferbelly Restaurant, the depot is currently undergoing a transformative renovation of its space, and the restaurant will be opening this summer 2017.<\\/p>\\r\\n<p><br>Treno will lend a cultural charm where patrons will feel included and part of the dining experience. With a menu focused on Northern Italian cuisine, our dishes will be prepared in house from scratch with fresh, flavorful ingredients including locally sourced products as available. We invite you to enjoy a memorable evening out or delicious lunch featuring exquisitely-prepared authentic Italian fare complemented by a thoughtful wine list and full bar selection.<\\/p>\",\"8\":\"History\",\"1\":\"<p>Treno is a new website that is opening in Kent Ohio in May of 2017<\\/p>\",\"7\":[\"56\"],\"29\":[\"56\",\"61\",\"62\"]}}', '2017-07-10 19:03:34', '2017-07-10 19:03:34', 'ea7cf332-ea6f-4454-8527-418a210809ba'),
 ('138', '2', '1', '1', 'en_us', '13', '', '{\"typeId\":null,\"authorId\":null,\"title\":\"Home\",\"slug\":\"homepage\",\"postDate\":1485229871,\"expiryDate\":null,\"enabled\":1,\"parentId\":null,\"fields\":{\"1\":\"<p>Treno Ristorante, an upscale Italian restaurant, will be located in the historical train depot overlooking the Cuyahoga River in Downtown Kent, Ohio. Formerly the Pufferbelly Restaurant, the depot is currently undergoing a transformative renovation of its space, and the restaurant will be opening this summer 2017.<\\/p>\\r\\n<p><br>Treno will lend a cultural charm where patrons will feel included and part of the dining experience. With a menu focused on Northern Italian cuisine, our dishes will be prepared in house from scratch with fresh, flavorful ingredients including locally sourced products as available. We invite you to enjoy a memorable evening out or delicious lunch featuring exquisitely-prepared authentic Italian fare complemented by a thoughtful wine list and full bar selection.<\\/p>\",\"7\":[\"56\"],\"47\":[\"68\"],\"48\":[\"70\"],\"35\":\"Welcome\",\"36\":\"to Kents\",\"37\":\"Ristorante\",\"34\":[\"75\"],\"29\":[\"56\",\"61\",\"62\"],\"38\":[\"66\"]}}', '2017-07-10 19:03:51', '2017-07-10 19:03:51', 'a7711874-f4b1-4d8e-818f-8309d92d495d'),
 ('139', '2', '1', '1', 'en_us', '14', '', '{\"typeId\":null,\"authorId\":null,\"title\":\"Home\",\"slug\":\"homepage\",\"postDate\":1485229871,\"expiryDate\":null,\"enabled\":1,\"parentId\":null,\"fields\":{\"1\":\"<p>Treno Ristorante, an upscale Italian restaurant, will be located in the historical train depot overlooking the Cuyahoga River in Downtown Kent, Ohio. Formerly the Pufferbelly Restaurant, the depot is currently undergoing a transformative renovation of its space, and the restaurant will be opening this summer 2017.<\\/p><p>Treno will lend a cultural charm where patrons will feel included and part of the dining experience. With a menu focused on Northern Italian cuisine, our dishes will be prepared in house from scratch with fresh, flavorful ingredients including locally sourced products as available. We invite you to enjoy a memorable evening out or delicious lunch featuring exquisitely-prepared authentic Italian fare complemented by a thoughtful wine list and full bar selection.<\\/p>\",\"7\":[\"56\"],\"47\":[\"68\"],\"48\":[\"70\"],\"35\":\"Welcome\",\"36\":\"to Kents\",\"37\":\"Ristorante\",\"34\":[\"75\"],\"29\":[\"56\",\"61\",\"62\"],\"38\":[\"66\"]}}', '2017-07-10 19:04:13', '2017-07-10 19:04:13', '332bcd20-6dd3-4a14-910a-46628031276c'),
 ('140', '2', '1', '1', 'en_us', '15', '', '{\"typeId\":null,\"authorId\":null,\"title\":\"Home\",\"slug\":\"homepage\",\"postDate\":1485229871,\"expiryDate\":null,\"enabled\":1,\"parentId\":null,\"fields\":{\"1\":\"<p>Treno Ristorante is an upscale Italian restaurant located in the historical train depot overlooking the Cuyahoga River in Downtown Kent, Ohio. Formerly the Pufferbelly Restaurant, the depot recently underwent a transformative renovation of its space, and is now open for lunch and dinner.\\r\\n  <\\/p>\\r\\n<p>Treno lends a cultural charm where past meets present and classic meets contemporary; where patrons will feel included and part of the dining experience; and where exquisite service is not a welcome change, but always the standard.   <\\/p>\\r\\n<p>Treno\\u2019s menu is focused on classic Italian cuisine with dishes prepared in house from scratch with fresh, flavorful ingredients including locally sourced products as available. We invite you to enjoy a delicious lunch or memorable evening out featuring exquisitely prepared authentic Italian fare complemented by a thoughtful wine list and full bar selection.&nbsp;   <\\/p><h3>Spero di Vederti!<\\/h3>\",\"7\":[\"56\"],\"47\":[\"68\"],\"48\":[\"70\"],\"35\":\"Welcome\",\"36\":\"to Kents\",\"37\":\"Ristorante\",\"34\":[\"75\"],\"29\":[\"56\",\"61\",\"62\"],\"38\":[\"66\"]}}', '2017-09-22 14:47:23', '2017-09-22 14:47:23', '31704cd5-aef9-488b-a65c-32c97f908c2d'),
 ('141', '2', '1', '1', 'en_us', '16', '', '{\"typeId\":null,\"authorId\":null,\"title\":\"Home\",\"slug\":\"homepage\",\"postDate\":1485229871,\"expiryDate\":null,\"enabled\":1,\"parentId\":null,\"fields\":{\"1\":\"<p>Treno Ristorante is an upscale Italian restaurant located in the historical train depot overlooking the Cuyahoga River in Downtown Kent, Ohio. Formerly the Pufferbelly Restaurant, the depot recently underwent a transformative renovation of its space, and is now open for lunch and dinner.\\r\\n  <\\/p>\\r\\n<p>Treno lends a cultural charm where past meets present and classic meets contemporary; where patrons will feel included and part of the dining experience; and where exquisite service is not a welcome change, but always the standard.   <\\/p>\\r\\n<p>Treno\\u2019s menu is focused on classic Italian cuisine with dishes prepared in house from scratch with fresh, flavorful ingredients including locally sourced products as available. We invite you to enjoy a delicious lunch or memorable evening out featuring exquisitely prepared authentic Italian fare complemented by a thoughtful wine list and full bar selection.&nbsp;   <\\/p>\\r\\n<h3>Spero di Vederti!<\\/h3>\",\"7\":[\"77\"],\"47\":[\"68\"],\"48\":[\"70\"],\"35\":\"Welcome\",\"36\":\"to Kents\",\"37\":\"Ristorante\",\"34\":[\"79\"],\"29\":[\"76\"],\"38\":[\"66\"]}}', '2017-09-26 18:23:59', '2017-09-26 18:23:59', 'cfecf226-d38e-405d-ad66-9865c9056d57'),
 ('142', '2', '1', '1', 'en_us', '17', '', '{\"typeId\":null,\"authorId\":null,\"title\":\"Home\",\"slug\":\"homepage\",\"postDate\":1485229871,\"expiryDate\":null,\"enabled\":1,\"parentId\":null,\"fields\":{\"1\":\"<p>Treno Ristorante is an upscale Italian restaurant located in the historical train depot overlooking the Cuyahoga River in Downtown Kent, Ohio. Formerly the Pufferbelly Restaurant, the depot recently underwent a transformative renovation of its space, and is now open for lunch and dinner.\\r\\n  <\\/p>\\r\\n<p>Treno lends a cultural charm where past meets present and classic meets contemporary; where patrons will feel included and part of the dining experience; and where exquisite service is not a welcome change, but always the standard.   <\\/p>\\r\\n<p>Treno\\u2019s menu is focused on classic Italian cuisine with dishes prepared in house from scratch with fresh, flavorful ingredients including locally sourced products as available. We invite you to enjoy a delicious lunch or memorable evening out featuring exquisitely prepared authentic Italian fare complemented by a thoughtful wine list and full bar selection.&nbsp;   <\\/p>\\r\\n<h3>Spero di Vederti!<\\/h3>\",\"7\":[\"77\"],\"47\":[\"68\"],\"48\":[\"70\"],\"35\":\"Welcome\",\"36\":\"to Kents\",\"37\":\"Ristorante\",\"34\":[\"79\"],\"29\":[\"76\"],\"38\":[\"66\"]}}', '2017-09-26 18:24:36', '2017-09-26 18:24:36', '01505ac6-2c99-4e2c-aa55-285e070a64b9'),
 ('143', '6', '3', '1', 'en_us', '3', '', '{\"typeId\":\"3\",\"authorId\":\"1\",\"title\":\"Steak\",\"slug\":\"steak\",\"postDate\":1485271980,\"expiryDate\":null,\"enabled\":1,\"parentId\":null,\"fields\":{\"6\":[\"5\"],\"3\":\"Description of the Food\",\"4\":[\"7\"],\"5\":\"20\",\"16\":\"\",\"19\":[\"41\"]}}', '2017-09-26 18:36:50', '2017-09-26 18:36:50', 'aa54ce6a-6f1e-4732-b2c5-07e0c8332c20'),
 ('148', '102', '3', '1', 'en_us', '2', '', '{\"typeId\":\"3\",\"authorId\":\"1\",\"title\":\"Strawberry Ice cream\",\"slug\":\"strawberry-ice-cream\",\"postDate\":1496762760,\"expiryDate\":null,\"enabled\":1,\"parentId\":null,\"fields\":{\"6\":[\"86\"],\"3\":\"Lorem ipsum dolor sit amet, consectetur adipiscing elit. Cras aliquet aliquet venenatis. Sed eu lacinia nisl, ut pretium velit. Sed id justo tortor. Ut posuere lectus felis, non facilisis lorem luctus et. Aliquam quis gravida leo. Vivamus dictum felis at quam faucibus varius. Proin eget imperdiet tortor. Integer et dui maximus, accumsan odio efficitur, scelerisque dolor. Integer ultricies pharetra nibh, in rutrum purus imperdiet sed.\",\"4\":\"\",\"5\":\"0\",\"16\":[\"63\",\"28\",\"29\"],\"19\":[\"41\"]}}', '2017-09-26 19:16:33', '2017-09-26 19:16:33', '3c73bb28-a262-45d6-b6d6-a85af2b53d61'),
 ('149', '102', '3', '1', 'en_us', '3', '', '{\"typeId\":\"3\",\"authorId\":\"1\",\"title\":\"Strawberry Ice cream\",\"slug\":\"strawberry-ice-cream\",\"postDate\":1496762760,\"expiryDate\":null,\"enabled\":1,\"parentId\":null,\"fields\":{\"6\":[\"86\"],\"3\":\"Lorem ipsum dolor sit amet, consectetur adipiscing elit. Cras aliquet aliquet venenatis. Sed eu lacinia nisl, ut pretium velit. Sed id justo tortor. Ut posuere lectus felis, non facilisis lorem luctus et. Aliquam quis gravida leo. Vivamus dictum felis at quam faucibus varius. Proin eget imperdiet tortor. Integer et dui maximus, accumsan odio efficitur, scelerisque dolor. Integer ultricies pharetra nibh, in rutrum purus imperdiet sed.\",\"4\":\"\",\"5\":\"0\",\"16\":[\"63\",\"28\",\"29\"],\"19\":[\"41\"]}}', '2017-09-26 19:19:33', '2017-09-26 19:19:33', '3cd8743c-8be8-4f3c-b6e5-99109fe88ceb'),
 ('150', '105', '2', '1', 'en_us', '1', '', '{\"typeId\":null,\"authorId\":\"1\",\"title\":\"News Entry\",\"slug\":\"news-entry\",\"postDate\":1506453734,\"expiryDate\":null,\"enabled\":1,\"parentId\":null,\"fields\":{\"1\":\"<p>Here is news<\\/p>\",\"31\":\"1\",\"39\":{\"date\":\"9\\/28\\/2017\"},\"2\":\"\"}}', '2017-09-26 19:22:14', '2017-09-26 19:22:14', 'e8e5abc7-ab45-48db-9857-10bc2bf9d6e6'),
 ('151', '91', '3', '1', 'en_us', '2', '', '{\"typeId\":\"3\",\"authorId\":\"1\",\"title\":\"Italian cheese\",\"slug\":\"italian-cheese\",\"postDate\":1496761920,\"expiryDate\":null,\"enabled\":1,\"parentId\":null,\"fields\":{\"6\":[\"5\"],\"3\":\"Lorem ipsum dolor sit amet, consectetur adipiscing elit. Cras aliquet aliquet venenatis. Sed eu lacinia nisl, ut pretium velit. Sed id justo tortor. Ut posuere lectus felis, non facilisis lorem luctus et. Aliquam quis gravida leo. Vivamus dictum felis at quam faucibus varius. Proin eget imperdiet tortor. Integer et dui maximus, accumsan odio efficitur, scelerisque dolor. Integer ultricies pharetra nibh, in rutrum purus imperdiet sed.\",\"4\":\"\",\"5\":\"4\",\"16\":[\"63\",\"28\",\"29\"],\"19\":[\"41\"]}}', '2017-09-26 19:22:55', '2017-09-26 19:22:55', '8a3fff89-2851-425d-b91f-08e8046d1ffd'),
 ('152', '105', '2', '1', 'en_us', '2', '', '{\"typeId\":\"2\",\"authorId\":\"1\",\"title\":\"News Entry\",\"slug\":\"news-entry\",\"postDate\":1506453720,\"expiryDate\":null,\"enabled\":1,\"parentId\":null,\"fields\":{\"1\":\"<p>Here is news<\\/p>\",\"31\":\"\",\"39\":{\"date\":\"9\\/28\\/2017\"},\"2\":\"\"}}', '2017-09-26 19:25:40', '2017-09-26 19:25:40', '82670c26-c090-4d67-8012-21e45544ba45'),
 ('153', '105', '2', '1', 'en_us', '3', '', '{\"typeId\":\"2\",\"authorId\":\"1\",\"title\":\"News Entry\",\"slug\":\"news-entry\",\"postDate\":1506453720,\"expiryDate\":null,\"enabled\":1,\"parentId\":null,\"fields\":{\"1\":\"<p>Here is news<\\/p>\",\"31\":\"\",\"39\":{\"date\":\"9\\/28\\/2017\"},\"2\":\"\"}}', '2017-09-26 19:51:24', '2017-09-26 19:51:24', '21bbeccf-c2ef-45af-beee-7aa0937fa8bb'),
 ('154', '105', '2', '1', 'en_us', '4', '', '{\"typeId\":\"2\",\"authorId\":\"1\",\"title\":\"News Entry\",\"slug\":\"news-entry\",\"postDate\":1506453720,\"expiryDate\":null,\"enabled\":1,\"parentId\":null,\"fields\":{\"1\":\"<p>Here is news<\\/p>\",\"31\":\"1\",\"39\":{\"date\":\"9\\/28\\/2017\"},\"2\":\"\"}}', '2017-09-26 19:51:27', '2017-09-26 19:51:27', '64687f2c-5e33-4a4a-9de0-9edea4de6551'),
 ('155', '96', '3', '1', 'en_us', '2', '', '{\"typeId\":\"3\",\"authorId\":\"1\",\"title\":\"Fries\",\"slug\":\"fries\",\"postDate\":1496762280,\"expiryDate\":null,\"enabled\":1,\"parentId\":null,\"fields\":{\"6\":[\"5\"],\"3\":\"Lorem ipsum dolor sit amet, consectetur adipiscing elit. Cras aliquet aliquet venenatis. Sed eu lacinia nisl, ut pretium velit. Sed id justo tortor. Ut posuere lectus felis, non facilisis lorem luctus et. Aliquam quis gravida leo. Vivamus dictum felis at quam faucibus varius. Proin eget imperdiet tortor. Integer et dui maximus, accumsan odio efficitur, scelerisque dolor. Integer ultricies pharetra nibh, in rutrum purus imperdiet sed.\",\"4\":\"\",\"5\":\"1.5\",\"49\":[\"vegetarian\"],\"16\":[\"63\",\"28\",\"29\"],\"19\":\"\"}}', '2017-09-26 19:54:17', '2017-09-26 19:54:17', 'b3a8da55-1edf-4bf9-8457-87263437b0a0'),
 ('156', '96', '3', '1', 'en_us', '3', '', '{\"typeId\":\"3\",\"authorId\":\"1\",\"title\":\"Fries\",\"slug\":\"fries\",\"postDate\":1496762280,\"expiryDate\":null,\"enabled\":1,\"parentId\":null,\"fields\":{\"6\":[\"5\"],\"3\":\"Lorem ipsum dolor sit amet, consectetur adipiscing elit. Cras aliquet aliquet venenatis. Sed eu lacinia nisl, ut pretium velit. Sed id justo tortor. Ut posuere lectus felis, non facilisis lorem luctus et. Aliquam quis gravida leo. Vivamus dictum felis at quam faucibus varius. Proin eget imperdiet tortor. Integer et dui maximus, accumsan odio efficitur, scelerisque dolor. Integer ultricies pharetra nibh, in rutrum purus imperdiet sed.\",\"4\":\"\",\"5\":\"1.5\",\"49\":[\"vegetarian\",\"glutenFree\",\"glutenFreeAvailableUponRequest\"],\"16\":[\"63\",\"28\",\"29\"],\"19\":\"\"}}', '2017-09-26 20:01:11', '2017-09-26 20:01:11', 'c0453bb1-3e8f-4a85-a4d9-17a304759462'),
 ('157', '96', '3', '1', 'en_us', '4', '', '{\"typeId\":\"3\",\"authorId\":\"1\",\"title\":\"Fries\",\"slug\":\"fries\",\"postDate\":1496762280,\"expiryDate\":null,\"enabled\":1,\"parentId\":null,\"fields\":{\"6\":[\"5\"],\"3\":\"Lorem ipsum dolor sit amet, consectetur adipiscing elit. Cras aliquet aliquet venenatis. Sed eu lacinia nisl, ut pretium velit. Sed id justo tortor. Ut posuere lectus felis, non facilisis lorem luctus et. Aliquam quis gravida leo. Vivamus dictum felis at quam faucibus varius. Proin eget imperdiet tortor. Integer et dui maximus, accumsan odio efficitur, scelerisque dolor. Integer ultricies pharetra nibh, in rutrum purus imperdiet sed.\",\"4\":\"\",\"5\":\"1.5\",\"49\":[\"vegetarian\",\"glutenFree\"],\"16\":[\"63\",\"28\",\"29\"],\"19\":\"\"}}', '2017-09-26 20:04:46', '2017-09-26 20:04:46', '04b4b234-e862-4dfa-be94-6507f31cbd02'),
 ('158', '96', '3', '1', 'en_us', '5', '', '{\"typeId\":\"3\",\"authorId\":\"1\",\"title\":\"Fries\",\"slug\":\"fries\",\"postDate\":1496762280,\"expiryDate\":null,\"enabled\":1,\"parentId\":null,\"fields\":{\"6\":[\"5\"],\"3\":\"Lorem ipsum dolor sit amet, consectetur adipiscing elit. Cras aliquet aliquet venenatis. Sed eu lacinia nisl, ut pretium velit. Sed id justo tortor. Ut posuere lectus felis, non facilisis lorem luctus et. Aliquam quis gravida leo. Vivamus dictum felis at quam faucibus varius. Proin eget imperdiet tortor. Integer et dui maximus, accumsan odio efficitur, scelerisque dolor. Integer ultricies pharetra nibh, in rutrum purus imperdiet sed.\",\"4\":\"\",\"5\":\"1.5\",\"49\":[\"vegetarian\",\"glutenFree\"],\"16\":[\"63\",\"28\",\"29\"],\"19\":\"\"}}', '2017-09-26 20:08:09', '2017-09-26 20:08:09', '7eb0f483-e405-430c-bdba-6899c32a7515'),
 ('159', '90', '3', '1', 'en_us', '2', '', '{\"typeId\":\"3\",\"authorId\":\"1\",\"title\":\"onion soup\",\"slug\":\"onion-soup\",\"postDate\":1496761920,\"expiryDate\":null,\"enabled\":1,\"parentId\":null,\"fields\":{\"6\":[\"25\"],\"3\":\"Lorem ipsum dolor sit amet, consectetur adipiscing elit. Cras aliquet aliquet venenatis. Sed eu lacinia nisl, ut pretium velit. Sed id justo tortor. Ut posuere lectus felis, non facilisis lorem luctus et. Aliquam quis gravida leo. Vivamus dictum felis at quam faucibus varius. Proin eget imperdiet tortor. Integer et dui maximus, accumsan odio efficitur, scelerisque dolor. Integer ultricies pharetra nibh, in rutrum purus imperdiet sed.\",\"4\":\"\",\"5\":\"7\",\"49\":[\"glutenFree\"],\"16\":[\"29\"],\"19\":\"\"}}', '2017-09-26 20:10:59', '2017-09-26 20:10:59', 'ec76549e-1c6f-4671-adf9-df7a3b8ee255');
INSERT INTO `craft_entryversions` (`id`, `entryId`, `sectionId`, `creatorId`, `locale`, `num`, `notes`, `data`, `dateCreated`, `dateUpdated`, `uid`) VALUES
 ('160', '6', '3', '1', 'en_us', '4', '', '{\"typeId\":\"3\",\"authorId\":\"1\",\"title\":\"Steak\",\"slug\":\"steak\",\"postDate\":1485271980,\"expiryDate\":null,\"enabled\":1,\"parentId\":null,\"fields\":{\"6\":[\"5\"],\"3\":\"Description of the Food\",\"4\":[\"7\"],\"5\":\"20\",\"49\":[\"rawUndercooked\"],\"16\":\"\",\"19\":[\"41\"]}}', '2017-09-26 20:12:46', '2017-09-26 20:12:46', '47e2e604-f98e-46bd-a280-a724ccfb2b21'),
 ('161', '105', '2', '1', 'en_us', '5', '', '{\"typeId\":\"2\",\"authorId\":\"1\",\"title\":\"News Entry\",\"slug\":\"news-entry\",\"postDate\":1506453720,\"expiryDate\":null,\"enabled\":1,\"parentId\":null,\"fields\":{\"1\":\"<p>Here is news<\\/p>\",\"31\":\"\",\"39\":{\"date\":\"9\\/28\\/2017\"},\"2\":\"\"}}', '2017-09-26 20:30:45', '2017-09-26 20:30:45', '2945f7ce-9586-4f6b-8042-ffc773c6355f'),
 ('162', '102', '3', '1', 'en_us', '4', '', '{\"typeId\":\"3\",\"authorId\":\"1\",\"title\":\"Strawberry Ice cream\",\"slug\":\"strawberry-ice-cream\",\"postDate\":1496762760,\"expiryDate\":null,\"enabled\":1,\"parentId\":null,\"fields\":{\"6\":[\"86\"],\"3\":\"Lorem ipsum dolor sit amet, consectetur adipiscing elit. Cras aliquet aliquet venenatis. Sed eu lacinia nisl, ut pretium velit. Sed id justo tortor. Ut posuere lectus felis, non facilisis lorem luctus et. Aliquam quis gravida leo. Vivamus dictum felis at quam faucibus varius. Proin eget imperdiet tortor. Integer et dui maximus, accumsan odio efficitur, scelerisque dolor. Integer ultricies pharetra nibh, in rutrum purus imperdiet sed.\",\"4\":\"\",\"5\":\"0\",\"49\":\"\",\"16\":[\"63\",\"28\",\"29\"],\"19\":\"\"}}', '2017-09-26 20:39:34', '2017-09-26 20:39:34', 'a4b059e8-f81a-4ab5-8394-b9886b3116e7'),
 ('163', '6', '3', '1', 'en_us', '5', '', '{\"typeId\":\"3\",\"authorId\":\"1\",\"title\":\"Steak\",\"slug\":\"steak\",\"postDate\":1485271980,\"expiryDate\":null,\"enabled\":1,\"parentId\":null,\"fields\":{\"6\":[\"5\"],\"3\":\"Description of the Food\",\"4\":[\"7\"],\"5\":\"20\",\"49\":[\"rawUndercooked\"],\"16\":\"\",\"19\":\"\"}}', '2017-09-26 20:39:41', '2017-09-26 20:39:41', '7eae759e-4022-4db0-b2c7-bfbb9f3d38d6'),
 ('164', '91', '3', '1', 'en_us', '3', '', '{\"typeId\":\"3\",\"authorId\":\"1\",\"title\":\"Italian cheese\",\"slug\":\"italian-cheese\",\"postDate\":1496761920,\"expiryDate\":null,\"enabled\":1,\"parentId\":null,\"fields\":{\"6\":[\"5\"],\"3\":\"Lorem ipsum dolor sit amet, consectetur adipiscing elit. Cras aliquet aliquet venenatis. Sed eu lacinia nisl, ut pretium velit. Sed id justo tortor. Ut posuere lectus felis, non facilisis lorem luctus et. Aliquam quis gravida leo. Vivamus dictum felis at quam faucibus varius. Proin eget imperdiet tortor. Integer et dui maximus, accumsan odio efficitur, scelerisque dolor. Integer ultricies pharetra nibh, in rutrum purus imperdiet sed.\",\"4\":\"\",\"5\":\"4\",\"49\":\"\",\"16\":[\"63\",\"28\",\"29\"],\"19\":\"\"}}', '2017-09-26 20:39:54', '2017-09-26 20:39:54', '30542153-2d7c-4f05-b6b8-7a371c28679a'),
 ('165', '105', '2', '1', 'en_us', '6', '', '{\"typeId\":\"2\",\"authorId\":\"1\",\"title\":\"News Entry\",\"slug\":\"news-entry\",\"postDate\":1506453720,\"expiryDate\":null,\"enabled\":1,\"parentId\":null,\"fields\":{\"1\":\"<p>Here is news<\\/p>\",\"31\":\"\",\"39\":{\"date\":\"9\\/28\\/2017\"},\"2\":\"\"}}', '2017-09-28 18:32:07', '2017-09-28 18:32:07', '3ab44357-8d67-43cd-a669-1801778884d4'),
 ('166', '105', '2', '1', 'en_us', '7', '', '{\"typeId\":\"2\",\"authorId\":\"1\",\"title\":\"News Entry\",\"slug\":\"news-entry\",\"postDate\":1506453720,\"expiryDate\":null,\"enabled\":1,\"parentId\":null,\"fields\":{\"1\":\"<p>Here is news<\\/p>\",\"31\":\"1\",\"39\":{\"date\":\"9\\/28\\/2017\"},\"2\":\"\"}}', '2017-09-28 18:32:09', '2017-09-28 18:32:09', 'a0386ce3-faa0-4752-bb67-ba71f21c0a2a'),
 ('167', '105', '2', '1', 'en_us', '8', '', '{\"typeId\":\"2\",\"authorId\":\"1\",\"title\":\"News Entry\",\"slug\":\"news-entry\",\"postDate\":1506453720,\"expiryDate\":null,\"enabled\":1,\"parentId\":null,\"fields\":{\"1\":\"<p>Here is news<\\/p>\",\"31\":\"\",\"39\":{\"date\":\"9\\/28\\/2017\"},\"2\":\"\"}}', '2017-09-28 18:32:30', '2017-09-28 18:32:30', 'abffa02d-e559-4ff7-8f86-a92a4f8c6291'),
 ('168', '91', '3', '1', 'en_us', '4', '', '{\"typeId\":\"3\",\"authorId\":\"1\",\"title\":\"Italian cheese\",\"slug\":\"italian-cheese\",\"postDate\":1496761920,\"expiryDate\":null,\"enabled\":1,\"parentId\":null,\"fields\":{\"6\":[\"5\"],\"3\":\"Lorem ipsum dolor sit amet, consectetur adipiscing elit. Cras aliquet aliquet venenatis. Sed eu lacinia nisl, ut pretium velit. Sed id justo tortor. Ut posuere lectus felis, non facilisis lorem luctus et. Aliquam quis gravida leo. Vivamus dictum felis at quam faucibus varius. Proin eget imperdiet tortor. Integer et dui maximus, accumsan odio efficitur, scelerisque dolor. Integer ultricies pharetra nibh, in rutrum purus imperdiet sed.\",\"4\":\"\",\"5\":\"4\",\"49\":\"\",\"16\":[\"63\",\"28\",\"29\"],\"19\":[\"43\"]}}', '2017-09-28 18:32:39', '2017-09-28 18:32:39', '6fc5a619-abcc-42e9-98ff-51774439c22b'),
 ('169', '94', '3', '1', 'en_us', '2', '', '{\"typeId\":\"3\",\"authorId\":\"1\",\"title\":\"breadstick\",\"slug\":\"breadstick\",\"postDate\":1496762100,\"expiryDate\":null,\"enabled\":1,\"parentId\":null,\"fields\":{\"6\":[\"5\"],\"3\":\"Lorem ipsum dolor sit amet, consectetur adipiscing elit. Cras aliquet aliquet venenatis. Sed eu lacinia nisl, ut pretium velit. Sed id justo tortor. Ut posuere lectus felis, non facilisis lorem luctus et. Aliquam quis gravida leo. Vivamus dictum felis at quam faucibus varius. Proin eget imperdiet tortor. Integer et dui maximus, accumsan odio efficitur, scelerisque dolor. Integer ultricies pharetra nibh, in rutrum purus imperdiet sed.\",\"4\":\"\",\"5\":\"5\",\"49\":\"\",\"16\":[\"63\",\"28\",\"29\"],\"19\":[\"42\"]}}', '2017-09-28 18:32:56', '2017-09-28 18:32:56', '70f5bbb4-666b-473b-b215-114bf5e3bc3b'),
 ('170', '94', '3', '1', 'en_us', '3', '', '{\"typeId\":\"3\",\"authorId\":\"1\",\"title\":\"breadstick\",\"slug\":\"breadstick\",\"postDate\":1496762100,\"expiryDate\":null,\"enabled\":1,\"parentId\":null,\"fields\":{\"6\":[\"5\"],\"3\":\"Lorem ipsum dolor sit amet, consectetur adipiscing elit. Cras aliquet aliquet venenatis. Sed eu lacinia nisl, ut pretium velit. Sed id justo tortor. Ut posuere lectus felis, non facilisis lorem luctus et. Aliquam quis gravida leo. Vivamus dictum felis at quam faucibus varius. Proin eget imperdiet tortor. Integer et dui maximus, accumsan odio efficitur, scelerisque dolor. Integer ultricies pharetra nibh, in rutrum purus imperdiet sed.\",\"4\":\"\",\"5\":\"5\",\"49\":\"\",\"16\":[\"63\",\"28\",\"29\"],\"19\":[\"43\"]}}', '2017-09-28 18:34:09', '2017-09-28 18:34:09', '3ef5a52a-86b6-4b66-848f-1dc951d3424e'),
 ('171', '66', '13', '1', 'en_us', '8', '', '{\"typeId\":\"14\",\"authorId\":null,\"title\":\"Menu \",\"slug\":\"menu-landing-page\",\"postDate\":1488814825,\"expiryDate\":null,\"enabled\":1,\"parentId\":null,\"fields\":{\"1\":\"<p>Lorem ipsum dolor sit amet, consectetuer adipiscing elit. Aenean commodo ligula eget dolor. Aenean massa. Cum sociis natoque penatibus et magnis dis parturient montes,<\\/p>\",\"7\":[\"56\"],\"51\":\"<p>A 20% gratuity will be added to parties of ten or more.<\\/p><p>To our guests with good sensitivities or allergies, please consider when ordering that Trend cannot fully ensure that all menu items do not contain ingredients that might cause a reaction.<\\/p><p>*These items may be served raw or undercooked, or may contain raw or undercooked ingredients. Consuming raw or undercooked meats, poultry, seafood, shellfish, or eggs may increase your risk of food borne illness.&nbsp;<\\/p>\"}}', '2017-09-28 18:41:27', '2017-09-28 18:41:27', 'f90b8a77-c662-43f2-9fb7-a631e2bd27ef'),
 ('172', '105', '2', '1', 'en_us', '9', '', '{\"typeId\":\"2\",\"authorId\":\"1\",\"title\":\"News Entry\",\"slug\":\"news-entry\",\"postDate\":1506453720,\"expiryDate\":null,\"enabled\":1,\"parentId\":null,\"fields\":{\"1\":\"<p>Here is news<\\/p>\",\"31\":\"1\",\"39\":{\"date\":\"9\\/28\\/2017\"},\"2\":\"\"}}', '2017-10-04 20:14:53', '2017-10-04 20:14:53', '81c74aa5-c9d7-4388-aa65-9ebd9d4a5332'),
 ('173', '92', '3', '1', 'en_us', '3', '', '{\"typeId\":\"3\",\"authorId\":\"1\",\"title\":\"lasagna\",\"slug\":\"lasagna\",\"postDate\":1496761980,\"expiryDate\":null,\"enabled\":1,\"parentId\":null,\"fields\":{\"6\":[\"25\"],\"3\":\"<p>Lorem ipsum dolor sit amet, consectetur adipiscing elit. Cras aliquet aliquet venenatis. Sed eu lacinia nisl, ut pretium velit. Sed id justo tortor. Ut posuere lectus felis, non facilisis lorem luctus et. Aliquam quis gravida leo. Vivamus dictum felis at quam faucibus varius. Proin eget imperdiet tortor. Integer et dui maximus, accumsan odio efficitur, scelerisque dolor. Integer ultricies pharetra nibh, in rutrum purus imperdiet sed.<\\/p>\",\"4\":\"\",\"5\":\"10\",\"49\":\"\",\"16\":[\"28\",\"29\"],\"19\":\"\"}}', '2017-10-04 20:15:20', '2017-10-04 20:15:20', 'f6a28b3a-56a8-4958-93e9-4a2777ec63a8'),
 ('174', '64', '3', '1', 'en_us', '3', '', '{\"typeId\":\"3\",\"authorId\":\"1\",\"title\":\"Brunch Item\",\"slug\":\"brunch-item\",\"postDate\":1488209280,\"expiryDate\":null,\"enabled\":1,\"parentId\":null,\"fields\":{\"6\":[\"25\"],\"3\":\"<p>Description of the food<\\/p>\",\"4\":\"\",\"5\":\"15\",\"49\":\"\",\"16\":[\"63\"],\"19\":\"\"}}', '2017-10-04 20:15:30', '2017-10-04 20:15:30', 'aa0e4c21-177d-4339-bf16-40a32cadc6fa'),
 ('175', '102', '3', '1', 'en_us', '5', '', '{\"typeId\":\"3\",\"authorId\":\"1\",\"title\":\"Strawberry Ice cream\",\"slug\":\"strawberry-ice-cream\",\"postDate\":1496762760,\"expiryDate\":null,\"enabled\":1,\"parentId\":null,\"fields\":{\"6\":[\"86\"],\"3\":\"<p>Lorem ipsum dolor sit amet, consectetur adipiscing elit. Cras aliquet aliquet venenatis. Sed eu lacinia nisl, ut pretium velit. Sed id justo tortor. Ut posuere lectus felis, non facilisis lorem luctus et. Aliquam quis gravida leo. Vivamus dictum felis at quam faucibus varius. Proin eget imperdiet tortor. Integer et dui maximus, accumsan odio efficitur, scelerisque dolor. Integer ultricies pharetra nibh, in rutrum purus imperdiet sed.<\\/p>\",\"4\":\"\",\"5\":\"0\",\"49\":\"\",\"16\":[\"63\",\"28\",\"29\"],\"19\":[\"42\"]}}', '2017-10-04 20:25:15', '2017-10-04 20:25:15', '8a66464a-3f2a-47c0-b637-182a819c7ae7'),
 ('176', '105', '2', '1', 'en_us', '10', '', '{\"typeId\":\"2\",\"authorId\":\"1\",\"title\":\"News Entry\",\"slug\":\"news-entry\",\"postDate\":1506453720,\"expiryDate\":null,\"enabled\":1,\"parentId\":null,\"fields\":{\"1\":\"<p>Here is news<\\/p>\",\"31\":\"\",\"39\":{\"date\":\"9\\/28\\/2017\"},\"2\":\"\"}}', '2017-10-04 20:25:29', '2017-10-04 20:25:29', '4cc58098-f5f5-441d-a132-acc1bf686487'),
 ('177', '102', '3', '1', 'en_us', '6', '', '{\"typeId\":\"3\",\"authorId\":\"1\",\"title\":\"Strawberry Ice cream\",\"slug\":\"strawberry-ice-cream\",\"postDate\":1496762760,\"expiryDate\":null,\"enabled\":1,\"parentId\":null,\"fields\":{\"6\":[\"86\"],\"3\":\"<p>Lorem ipsum dolor sit amet, consectetur adipiscing elit. Cras aliquet aliquet venenatis. Sed eu lacinia nisl, ut pretium velit. Sed id justo tortor. Ut posuere lectus felis, non facilisis lorem luctus et. Aliquam quis gravida leo. Vivamus dictum felis at quam faucibus varius. Proin eget imperdiet tortor. Integer et dui maximus, accumsan odio efficitur, scelerisque dolor. Integer ultricies pharetra nibh, in rutrum purus imperdiet sed.<\\/p>\",\"4\":\"\",\"5\":\"0\",\"49\":\"\",\"16\":[\"63\",\"28\",\"29\"],\"19\":\"\"}}', '2017-10-04 20:25:46', '2017-10-04 20:25:46', 'cff3e3a7-83f3-4cff-8062-53079c89829e'),
 ('178', '105', '2', '1', 'en_us', '11', '', '{\"typeId\":\"2\",\"authorId\":\"1\",\"title\":\"News Entry\",\"slug\":\"news-entry\",\"postDate\":1506453720,\"expiryDate\":null,\"enabled\":1,\"parentId\":null,\"fields\":{\"1\":\"<p>Here is news<\\/p>\",\"31\":\"\",\"39\":{\"date\":\"9\\/28\\/2017\"},\"2\":\"\"}}', '2017-10-04 20:26:06', '2017-10-04 20:26:06', '3e930d45-d2d7-4ea5-81f5-1988a5a70f26'),
 ('179', '105', '2', '1', 'en_us', '12', '', '{\"typeId\":\"2\",\"authorId\":\"1\",\"title\":\"News Entry\",\"slug\":\"news-entry\",\"postDate\":1506453720,\"expiryDate\":null,\"enabled\":1,\"parentId\":null,\"fields\":{\"1\":\"<p>Here is news<\\/p>\",\"31\":\"1\",\"39\":{\"date\":\"9\\/28\\/2017\"},\"2\":\"\"}}', '2017-10-04 20:26:07', '2017-10-04 20:26:07', 'fc6a0988-63ec-4bb8-8e67-bcb158f66903'),
 ('180', '105', '2', '1', 'en_us', '13', '', '{\"typeId\":\"2\",\"authorId\":\"1\",\"title\":\"News Entry\",\"slug\":\"news-entry\",\"postDate\":1506453720,\"expiryDate\":null,\"enabled\":1,\"parentId\":null,\"fields\":{\"1\":\"<p>Here is news<\\/p>\",\"31\":\"1\",\"39\":{\"date\":\"9\\/28\\/2017\"},\"7\":[\"74\"],\"2\":\"\"}}', '2017-10-04 20:41:47', '2017-10-04 20:41:47', 'e88705cb-2600-4b50-9286-8d9625cbf1c5'),
 ('181', '8', '4', '1', 'en_us', '14', '', '{\"typeId\":\"4\",\"authorId\":null,\"title\":\"About Treno\",\"slug\":\"about-treno\",\"postDate\":1488208186,\"expiryDate\":null,\"enabled\":1,\"parentId\":null,\"fields\":{\"30\":\"<p>Treno Ristorante, an upscale Italian restaurant, will be located in the historical train depot overlooking the Cuyahoga River in Downtown Kent, Ohio. Formerly the Pufferbelly Restaurant, the depot is currently undergoing a transformative renovation of its space, and the restaurant will be opening this summer 2017.<\\/p>\\r\\n<p><br>Treno will lend a cultural charm where patrons will feel included and part of the dining experience. With a menu focused on Northern Italian cuisine, our dishes will be prepared in house from scratch with fresh, flavorful ingredients including locally sourced products as available. We invite you to enjoy a memorable evening out or delicious lunch featuring exquisitely-prepared authentic Italian fare complemented by a thoughtful wine list and full bar selection.<\\/p>\",\"8\":\"History\",\"1\":\"<p>Treno is a new website that is opening in Kent Ohio in May of 2017<\\/p>\",\"7\":[\"56\"],\"56\":{\"seoMainEntityCategory\":\"CreativeWork\",\"seoMainEntityOfPage\":\"WebPage\",\"seoTitleSource\":\"field\",\"seoTitleSourceField\":\"title\",\"seoTitleUnparsed\":\"\",\"seoDescriptionSource\":\"custom\",\"seoDescriptionSourceField\":\"title\",\"seoDescriptionUnparsed\":\"\",\"seoKeywordsSource\":\"custom\",\"seoKeywordsSourceField\":\"title\",\"seoKeywordsUnparsed\":\"\",\"seoImageIdSource\":\"custom\",\"seoImageIdSourceField\":\"featureImage\",\"seoImageId\":\"\",\"seoImageTransform\":\"\",\"twitterCardType\":\"\",\"seoTwitterImageIdSource\":\"custom\",\"seoTwitterImageIdSourceField\":\"featureImage\",\"seoTwitterImageId\":\"\",\"seoTwitterImageTransform\":\"\",\"openGraphType\":\"\",\"seoFacebookImageIdSource\":\"custom\",\"seoFacebookImageIdSourceField\":\"featureImage\",\"seoFacebookImageId\":\"\",\"seoFacebookImageTransform\":\"\",\"robots\":\"\"},\"29\":[\"56\",\"61\",\"62\"]}}', '2017-10-10 17:54:17', '2017-10-10 17:54:17', '6fd434d6-a674-462c-a9cf-1f995f952756'),
 ('182', '14', '7', '1', 'en_us', '14', '', '{\"typeId\":\"7\",\"authorId\":null,\"title\":\"Directions\",\"slug\":\"directions\",\"postDate\":1488213299,\"expiryDate\":null,\"enabled\":1,\"parentId\":null,\"fields\":{\"8\":\"152 Franklin Ave. Kent, Ohio 44240\",\"7\":[\"61\"],\"32\":\"https:\\/\\/www.google.com\\/maps\\/embed?pb=!1m18!1m12!1m3!1d3004.131777930494!2d-81.35954584821805!3d41.15347577918477!2m3!1f0!2f0!3f0!3m2!1i1024!2i768!4f13.1!3m3!1m2!1s0x883125213bb987bb%3A0x25ce1992d4aa5850!2sIdeaBase!5e0!3m2!1sen!2sus!4v1488213388847\",\"41\":[\"73\"],\"56\":{\"seoMainEntityCategory\":\"CreativeWork\",\"seoMainEntityOfPage\":\"WebPage\",\"seoTitleSource\":\"field\",\"seoTitleSourceField\":\"title\",\"seoTitleUnparsed\":\"\",\"seoDescriptionSource\":\"custom\",\"seoDescriptionSourceField\":\"title\",\"seoDescriptionUnparsed\":\"\",\"seoKeywordsSource\":\"custom\",\"seoKeywordsSourceField\":\"title\",\"seoKeywordsUnparsed\":\"\",\"seoImageIdSource\":\"custom\",\"seoImageIdSourceField\":\"featureImage\",\"seoImageId\":\"\",\"seoImageTransform\":\"\",\"twitterCardType\":\"\",\"seoTwitterImageIdSource\":\"custom\",\"seoTwitterImageIdSourceField\":\"featureImage\",\"seoTwitterImageId\":\"\",\"seoTwitterImageTransform\":\"\",\"openGraphType\":\"\",\"seoFacebookImageIdSource\":\"custom\",\"seoFacebookImageIdSourceField\":\"featureImage\",\"seoFacebookImageId\":\"\",\"seoFacebookImageTransform\":\"\",\"robots\":\"\"},\"42\":\"Lorem ipsum dolor sit amet, consectetuer adipiscing elit. Aenean commodo ligula eget dolor. Aenean massa. Cum sociis natoque penatibus et magnis dis parturient montes,\",\"43\":\"Lorem ipsum dolor sit amet, consectetuer adipiscing elit. Aenean commodo ligula eget dolor. Aenean massa. Cum sociis natoque penatibus et magnis dis parturient montes,\",\"44\":\"Lorem ipsum dolor sit amet, consectetuer adipiscing elit. Aenean commodo ligula eget dolor. Aenean massa. Cum sociis natoque penatibus et magnis dis parturient montes,\",\"46\":\"Free Valet Parking Will Be Available to Patrons of Treno Ristorante\",\"45\":\"$5\"}}', '2017-10-10 17:59:10', '2017-10-10 17:59:10', 'f7925258-a3d5-4551-ab9b-9bd449fc3ed9'),
 ('183', '2', '1', '1', 'en_us', '18', '', '{\"typeId\":null,\"authorId\":null,\"title\":\"Home\",\"slug\":\"homepage\",\"postDate\":1485229871,\"expiryDate\":null,\"enabled\":1,\"parentId\":null,\"fields\":{\"1\":\"<p>Treno Ristorante is an upscale Italian restaurant located in the historical train depot overlooking the Cuyahoga River in Downtown Kent, Ohio. Formerly the Pufferbelly Restaurant, the depot recently underwent a transformative renovation of its space, and is now open for lunch and dinner.\\r\\n  <\\/p>\\r\\n<p>Treno lends a cultural charm where past meets present and classic meets contemporary; where patrons will feel included and part of the dining experience; and where exquisite service is not a welcome change, but always the standard.   <\\/p>\\r\\n<p>Treno\\u2019s menu is focused on classic Italian cuisine with dishes prepared in house from scratch with fresh, flavorful ingredients including locally sourced products as available. We invite you to enjoy a delicious lunch or memorable evening out featuring exquisitely prepared authentic Italian fare complemented by a thoughtful wine list and full bar selection.&nbsp;   <\\/p>\\r\\n<h3>Spero di Vederti!<\\/h3>\",\"7\":[\"77\"],\"47\":\"\",\"48\":\"\",\"35\":\"Welcome\",\"36\":\"to Kents\",\"37\":\"Ristorante\",\"34\":[\"79\"],\"29\":[\"76\"],\"38\":[\"66\"]}}', '2017-10-17 19:47:30', '2017-10-17 19:47:30', '765c26c5-6d7d-4944-bcb1-c80594324b31'),
 ('184', '2', '1', '1', 'en_us', '19', '', '{\"typeId\":null,\"authorId\":null,\"title\":\"Home\",\"slug\":\"homepage\",\"postDate\":1485229871,\"expiryDate\":null,\"enabled\":1,\"parentId\":null,\"fields\":{\"1\":\"<p>Treno Ristorante is an upscale Italian restaurant located in the historical train depot overlooking the Cuyahoga River in Downtown Kent, Ohio. Formerly the Pufferbelly Restaurant, the depot recently underwent a transformative renovation of its space, and is now open for lunch and dinner.\\r\\n  <\\/p>\\r\\n<p>Treno lends a cultural charm where past meets present and classic meets contemporary; where patrons will feel included and part of the dining experience; and where exquisite service is not a welcome change, but always the standard.   <\\/p>\\r\\n<p>Treno\\u2019s menu is focused on classic Italian cuisine with dishes prepared in house from scratch with fresh, flavorful ingredients including locally sourced products as available. We invite you to enjoy a delicious lunch or memorable evening out featuring exquisitely prepared authentic Italian fare complemented by a thoughtful wine list and full bar selection.&nbsp;   <\\/p>\\r\\n<h3>Spero di Vederti!<\\/h3>\",\"7\":[\"77\"],\"47\":[\"79\"],\"48\":\"\",\"35\":\"Welcome\",\"36\":\"to Kents\",\"37\":\"Ristorante\",\"34\":[\"79\"],\"29\":[\"76\"],\"38\":[\"66\"]}}', '2017-10-17 19:47:50', '2017-10-17 19:47:50', 'b987cfdf-5b03-44a4-9dd8-f42749721306'),
 ('185', '14', '7', '1', 'en_us', '15', '', '{\"typeId\":\"7\",\"authorId\":null,\"title\":\"Directions\",\"slug\":\"directions\",\"postDate\":1488213299,\"expiryDate\":null,\"enabled\":1,\"parentId\":null,\"fields\":{\"8\":\"152 Franklin Ave. Kent, Ohio 44240\",\"7\":[\"61\"],\"32\":\"https:\\/\\/www.google.com\\/maps\\/embed?pb=!1m18!1m12!1m3!1d3004.131777930494!2d-81.35954584821805!3d41.15347577918477!2m3!1f0!2f0!3f0!3m2!1i1024!2i768!4f13.1!3m3!1m2!1s0x883125213bb987bb%3A0x25ce1992d4aa5850!2sIdeaBase!5e0!3m2!1sen!2sus!4v1488213388847\",\"41\":[\"73\"],\"56\":{\"seoMainEntityCategory\":\"CreativeWork\",\"seoMainEntityOfPage\":\"WebPage\",\"seoTitleSource\":\"field\",\"seoTitleSourceField\":\"title\",\"seoTitleUnparsed\":\"Directions\",\"seoDescriptionSource\":\"custom\",\"seoDescriptionSourceField\":\"title\",\"seoDescriptionUnparsed\":\"\",\"seoKeywordsSource\":\"custom\",\"seoKeywordsSourceField\":\"title\",\"seoKeywordsUnparsed\":\"\",\"seoImageIdSource\":\"custom\",\"seoImageIdSourceField\":\"featureImage\",\"seoImageId\":\"\",\"seoImageTransform\":\"\",\"canonicalUrlOverride\":\"\",\"twitterCardType\":\"\",\"seoTwitterImageIdSource\":\"custom\",\"seoTwitterImageIdSourceField\":\"featureImage\",\"seoTwitterImageId\":\"\",\"seoTwitterImageTransform\":\"\",\"openGraphType\":\"\",\"seoFacebookImageIdSource\":\"custom\",\"seoFacebookImageIdSourceField\":\"featureImage\",\"seoFacebookImageId\":\"\",\"seoFacebookImageTransform\":\"\",\"robots\":\"\"},\"42\":\"Lorem ipsum dolor sit amet, consectetuer adipiscing elit. Aenean commodo ligula eget dolor. Aenean massa. Cum sociis natoque penatibus et magnis dis parturient montes,\",\"43\":\"Lorem ipsum dolor sit amet, consectetuer adipiscing elit. Aenean commodo ligula eget dolor. Aenean massa. Cum sociis natoque penatibus et magnis dis parturient montes,\",\"44\":\"Lorem ipsum dolor sit amet, consectetuer adipiscing elit. Aenean commodo ligula eget dolor. Aenean massa. Cum sociis natoque penatibus et magnis dis parturient montes,\",\"46\":\"Free Valet Parking Will Be Available to Patrons of Treno Ristorante\",\"45\":\"$5\"}}', '2017-10-17 19:54:43', '2017-10-17 19:54:43', '95b0bfaa-bc0b-4664-b138-b28f1d7ddacd'),
 ('186', '14', '7', '1', 'en_us', '16', '', '{\"typeId\":\"7\",\"authorId\":null,\"title\":\"Directions\",\"slug\":\"directions\",\"postDate\":1488213299,\"expiryDate\":null,\"enabled\":1,\"parentId\":null,\"fields\":{\"8\":\"152 Franklin Ave. Kent, Ohio 44240\",\"7\":[\"61\"],\"32\":\"https:\\/\\/www.google.com\\/maps\\/embed?pb=!1m18!1m12!1m3!1d3004.131777930494!2d-81.35954584821805!3d41.15347577918477!2m3!1f0!2f0!3f0!3m2!1i1024!2i768!4f13.1!3m3!1m2!1s0x883125213bb987bb%3A0x25ce1992d4aa5850!2sIdeaBase!5e0!3m2!1sen!2sus!4v1488213388847\",\"41\":[\"73\"],\"56\":{\"seoMainEntityCategory\":\"CreativeWork\",\"seoMainEntityOfPage\":\"WebPage\",\"seoTitleSource\":\"field\",\"seoTitleSourceField\":\"title\",\"seoTitleUnparsed\":\"Directions\",\"seoDescriptionSource\":\"custom\",\"seoDescriptionSourceField\":\"title\",\"seoDescriptionUnparsed\":\"\",\"seoKeywordsSource\":\"custom\",\"seoKeywordsSourceField\":\"title\",\"seoKeywordsUnparsed\":\"\",\"seoImageIdSource\":\"custom\",\"seoImageIdSourceField\":\"featureImage\",\"seoImageId\":\"\",\"seoImageTransform\":\"\",\"canonicalUrlOverride\":\"\",\"twitterCardType\":\"\",\"seoTwitterImageIdSource\":\"custom\",\"seoTwitterImageIdSourceField\":\"featureImage\",\"seoTwitterImageId\":\"\",\"seoTwitterImageTransform\":\"\",\"openGraphType\":\"\",\"seoFacebookImageIdSource\":\"custom\",\"seoFacebookImageIdSourceField\":\"featureImage\",\"seoFacebookImageId\":\"\",\"seoFacebookImageTransform\":\"\",\"robots\":\"\"},\"42\":\"Lorem ipsum dolor sit amet, consectetuer adipiscing elit. Aenean commodo ligula eget dolor. Aenean massa. Cum sociis natoque penatibus et magnis dis parturient montes,\",\"43\":\"Lorem ipsum dolor sit amet, consectetuer adipiscing elit. Aenean commodo ligula eget dolor. Aenean massa. Cum sociis natoque penatibus et magnis dis parturient montes,\",\"44\":\"Lorem ipsum dolor sit amet, consectetuer adipiscing elit. Aenean commodo ligula eget dolor. Aenean massa. Cum sociis natoque penatibus et magnis dis parturient montes,\",\"46\":\"\",\"45\":\"$5\"}}', '2017-10-17 19:54:46', '2017-10-17 19:54:46', '50b65f77-59b7-4bc0-8493-c53014681b2e'),
 ('187', '14', '7', '1', 'en_us', '17', '', '{\"typeId\":\"7\",\"authorId\":null,\"title\":\"Directions\",\"slug\":\"directions\",\"postDate\":1488213299,\"expiryDate\":null,\"enabled\":1,\"parentId\":null,\"fields\":{\"8\":\"152 Franklin Ave. Kent, Ohio 44240\",\"7\":[\"61\"],\"32\":\"https:\\/\\/www.google.com\\/maps\\/embed?pb=!1m18!1m12!1m3!1d3004.131777930494!2d-81.35954584821805!3d41.15347577918477!2m3!1f0!2f0!3f0!3m2!1i1024!2i768!4f13.1!3m3!1m2!1s0x883125213bb987bb%3A0x25ce1992d4aa5850!2sIdeaBase!5e0!3m2!1sen!2sus!4v1488213388847\",\"41\":[\"73\"],\"56\":{\"seoMainEntityCategory\":\"CreativeWork\",\"seoMainEntityOfPage\":\"WebPage\",\"seoTitleSource\":\"field\",\"seoTitleSourceField\":\"title\",\"seoTitleUnparsed\":\"Directions\",\"seoDescriptionSource\":\"custom\",\"seoDescriptionSourceField\":\"title\",\"seoDescriptionUnparsed\":\"\",\"seoKeywordsSource\":\"custom\",\"seoKeywordsSourceField\":\"title\",\"seoKeywordsUnparsed\":\"\",\"seoImageIdSource\":\"custom\",\"seoImageIdSourceField\":\"featureImage\",\"seoImageId\":\"\",\"seoImageTransform\":\"\",\"canonicalUrlOverride\":\"\",\"twitterCardType\":\"\",\"seoTwitterImageIdSource\":\"custom\",\"seoTwitterImageIdSourceField\":\"featureImage\",\"seoTwitterImageId\":\"\",\"seoTwitterImageTransform\":\"\",\"openGraphType\":\"\",\"seoFacebookImageIdSource\":\"custom\",\"seoFacebookImageIdSourceField\":\"featureImage\",\"seoFacebookImageId\":\"\",\"seoFacebookImageTransform\":\"\",\"robots\":\"\"},\"42\":\"Lorem ipsum dolor sit amet, consectetuer adipiscing elit. Aenean commodo ligula eget dolor. Aenean massa. Cum sociis natoque penatibus et magnis dis parturient montes,\",\"43\":\"Lorem ipsum dolor sit amet, consectetuer adipiscing elit. Aenean commodo ligula eget dolor. Aenean massa. Cum sociis natoque penatibus et magnis dis parturient montes,\",\"44\":\"Lorem ipsum dolor sit amet, consectetuer adipiscing elit. Aenean commodo ligula eget dolor. Aenean massa. Cum sociis natoque penatibus et magnis dis parturient montes,\",\"46\":\"Here is info regarding valet\",\"45\":\"$5\"}}', '2017-10-17 19:55:18', '2017-10-17 19:55:18', '00d58e43-33e7-4fc1-a07b-dd967dae09f9'),
 ('188', '14', '7', '1', 'en_us', '18', '', '{\"typeId\":\"7\",\"authorId\":null,\"title\":\"Directions\",\"slug\":\"directions\",\"postDate\":1488213299,\"expiryDate\":null,\"enabled\":1,\"parentId\":null,\"fields\":{\"8\":\"152 Franklin Ave. Kent, Ohio 44240\",\"7\":[\"61\"],\"57\":\"https:\\/\\/goo.gl\\/maps\\/25zxrWujTdy\",\"32\":\"https:\\/\\/www.google.com\\/maps\\/embed?pb=!1m18!1m12!1m3!1d3004.131777930494!2d-81.35954584821805!3d41.15347577918477!2m3!1f0!2f0!3f0!3m2!1i1024!2i768!4f13.1!3m3!1m2!1s0x883125213bb987bb%3A0x25ce1992d4aa5850!2sIdeaBase!5e0!3m2!1sen!2sus!4v1488213388847\",\"41\":[\"73\"],\"56\":{\"seoMainEntityCategory\":\"CreativeWork\",\"seoMainEntityOfPage\":\"WebPage\",\"seoTitleSource\":\"field\",\"seoTitleSourceField\":\"title\",\"seoTitleUnparsed\":\"Directions\",\"seoDescriptionSource\":\"custom\",\"seoDescriptionSourceField\":\"title\",\"seoDescriptionUnparsed\":\"\",\"seoKeywordsSource\":\"custom\",\"seoKeywordsSourceField\":\"title\",\"seoKeywordsUnparsed\":\"\",\"seoImageIdSource\":\"custom\",\"seoImageIdSourceField\":\"featureImage\",\"seoImageId\":\"\",\"seoImageTransform\":\"\",\"canonicalUrlOverride\":\"\",\"twitterCardType\":\"\",\"seoTwitterImageIdSource\":\"custom\",\"seoTwitterImageIdSourceField\":\"featureImage\",\"seoTwitterImageId\":\"\",\"seoTwitterImageTransform\":\"\",\"openGraphType\":\"\",\"seoFacebookImageIdSource\":\"custom\",\"seoFacebookImageIdSourceField\":\"featureImage\",\"seoFacebookImageId\":\"\",\"seoFacebookImageTransform\":\"\",\"robots\":\"\"},\"42\":\"Lorem ipsum dolor sit amet, consectetuer adipiscing elit. Aenean commodo ligula eget dolor. Aenean massa. Cum sociis natoque penatibus et magnis dis parturient montes,\",\"43\":\"Lorem ipsum dolor sit amet, consectetuer adipiscing elit. Aenean commodo ligula eget dolor. Aenean massa. Cum sociis natoque penatibus et magnis dis parturient montes,\",\"44\":\"Lorem ipsum dolor sit amet, consectetuer adipiscing elit. Aenean commodo ligula eget dolor. Aenean massa. Cum sociis natoque penatibus et magnis dis parturient montes,\",\"46\":\"Here is info regarding valet\",\"45\":\"$5\"}}', '2017-10-17 20:51:54', '2017-10-17 20:51:54', 'e09d707a-926a-4fcf-940e-7434de56a22b'),
 ('189', '82', '3', '1', 'en_us', '3', '', '{\"typeId\":\"3\",\"authorId\":\"1\",\"title\":\"Special\",\"slug\":\"special\",\"postDate\":1492694580,\"expiryDate\":null,\"enabled\":1,\"parentId\":null,\"fields\":{\"6\":[\"25\"],\"3\":\"<p>Description of the food<\\/p>\",\"4\":\"\",\"5\":\"5\",\"49\":\"\",\"16\":\"\",\"19\":[\"40\"]}}', '2017-10-19 17:57:38', '2017-10-19 17:57:38', 'f317d52a-b4ba-4e58-aaaf-647edaab647c'),
 ('190', '8', '4', '1', 'en_us', '15', '', '{\"typeId\":\"4\",\"authorId\":null,\"title\":\"About Treno\",\"slug\":\"about-treno\",\"postDate\":1488208186,\"expiryDate\":null,\"enabled\":1,\"parentId\":null,\"fields\":{\"30\":\"<p>Treno Ristorante, an upscale Italian restaurant, will be located in the historical train depot overlooking the Cuyahoga River in Downtown Kent, Ohio. Formerly the Pufferbelly Restaurant, the depot is currently undergoing a transformative renovation of its space, and the restaurant will be opening this summer 2017.<\\/p>\\r\\n<p><br>Treno will lend a cultural charm where patrons will feel included and part of the dining experience. With a menu focused on Northern Italian cuisine, our dishes will be prepared in house from scratch with fresh, flavorful ingredients including locally sourced products as available. We invite you to enjoy a memorable evening out or delicious lunch featuring exquisitely-prepared authentic Italian fare complemented by a thoughtful wine list and full bar selection.<\\/p>\",\"8\":\"History\",\"1\":\"<p>Treno is a new website that is opening in Kent Ohio in May of 2017<\\/p>\",\"7\":[\"74\"],\"56\":{\"seoMainEntityCategory\":\"CreativeWork\",\"seoMainEntityOfPage\":\"WebPage\",\"seoTitleSource\":\"field\",\"seoTitleSourceField\":\"title\",\"seoTitleUnparsed\":\"About Treno\",\"seoDescriptionSource\":\"custom\",\"seoDescriptionSourceField\":\"title\",\"seoDescriptionUnparsed\":\"\",\"seoKeywordsSource\":\"custom\",\"seoKeywordsSourceField\":\"title\",\"seoKeywordsUnparsed\":\"\",\"seoImageIdSource\":\"custom\",\"seoImageIdSourceField\":\"featureImage\",\"seoImageId\":\"\",\"seoImageTransform\":\"\",\"canonicalUrlOverride\":\"\",\"twitterCardType\":\"\",\"seoTwitterImageIdSource\":\"custom\",\"seoTwitterImageIdSourceField\":\"featureImage\",\"seoTwitterImageId\":\"\",\"seoTwitterImageTransform\":\"\",\"openGraphType\":\"\",\"seoFacebookImageIdSource\":\"custom\",\"seoFacebookImageIdSourceField\":\"featureImage\",\"seoFacebookImageId\":\"\",\"seoFacebookImageTransform\":\"\",\"robots\":\"\"},\"29\":[\"76\"]}}', '2017-11-02 19:59:09', '2017-11-02 19:59:09', '521f6a0c-70b6-4416-a19f-f71091420369'),
 ('191', '14', '7', '1', 'en_us', '19', '', '{\"typeId\":\"7\",\"authorId\":null,\"title\":\"Directions\",\"slug\":\"directions\",\"postDate\":1488213299,\"expiryDate\":null,\"enabled\":1,\"parentId\":null,\"fields\":{\"8\":\"152 Franklin Ave. Kent, Ohio 44240\",\"7\":[\"61\"],\"57\":\"https:\\/\\/goo.gl\\/maps\\/25zxrWujTdy\",\"32\":\"https:\\/\\/www.google.com\\/maps\\/embed?pb=!1m18!1m12!1m3!1d3004.131777930494!2d-81.35954584821805!3d41.15347577918477!2m3!1f0!2f0!3f0!3m2!1i1024!2i768!4f13.1!3m3!1m2!1s0x883125213bb987bb%3A0x25ce1992d4aa5850!2sIdeaBase!5e0!3m2!1sen!2sus!4v1488213388847\",\"41\":[\"73\"],\"56\":{\"seoMainEntityCategory\":\"CreativeWork\",\"seoMainEntityOfPage\":\"WebPage\",\"seoTitleSource\":\"field\",\"seoTitleSourceField\":\"title\",\"seoTitleUnparsed\":\"Directions\",\"seoDescriptionSource\":\"custom\",\"seoDescriptionSourceField\":\"title\",\"seoDescriptionUnparsed\":\"\",\"seoKeywordsSource\":\"custom\",\"seoKeywordsSourceField\":\"title\",\"seoKeywordsUnparsed\":\"\",\"seoImageIdSource\":\"custom\",\"seoImageIdSourceField\":\"featureImage\",\"seoImageId\":\"\",\"seoImageTransform\":\"\",\"canonicalUrlOverride\":\"\",\"twitterCardType\":\"\",\"seoTwitterImageIdSource\":\"custom\",\"seoTwitterImageIdSourceField\":\"featureImage\",\"seoTwitterImageId\":\"\",\"seoTwitterImageTransform\":\"\",\"openGraphType\":\"\",\"seoFacebookImageIdSource\":\"custom\",\"seoFacebookImageIdSourceField\":\"featureImage\",\"seoFacebookImageId\":\"\",\"seoFacebookImageTransform\":\"\",\"robots\":\"\"},\"42\":\"Lorem ipsum dolor sit amet, consectetuer adipiscing elit. Aenean commodo ligula eget dolor. Aenean massa. Cum sociis natoque penatibus et magnis dis parturient montes,\",\"43\":\"Lorem ipsum dolor sit amet, consectetuer adipiscing elit. Aenean commodo ligula eget dolor. Aenean massa. Cum sociis natoque penatibus et magnis dis parturient montes,\",\"44\":\"\",\"46\":\"Here is info regarding valet\",\"45\":\"$5\"}}', '2017-11-07 19:42:43', '2017-11-07 19:42:43', '05dec8bc-fc67-48c9-a83f-e4d086cece5b'),
 ('192', '2', '1', '1', 'en_us', '20', '', '{\"typeId\":null,\"authorId\":null,\"title\":\"Home\",\"slug\":\"homepage\",\"postDate\":1485229871,\"expiryDate\":null,\"enabled\":1,\"parentId\":null,\"fields\":{\"1\":\"<p>Treno Ristorante is an upscale Italian restaurant located in the historical train depot overlooking the Cuyahoga River in Downtown Kent, Ohio. Formerly the Pufferbelly Restaurant, the depot recently underwent a transformative renovation of its space, and is now open for lunch and dinner.\\r\\n  <\\/p>\\r\\n<p>Treno lends a cultural charm where past meets present and classic meets contemporary; where patrons will feel included and part of the dining experience; and where exquisite service is not a welcome change, but always the standard.   <\\/p>\\r\\n<p>Treno\\u2019s menu is focused on classic Italian cuisine with dishes prepared in house from scratch with fresh, flavorful ingredients including locally sourced products as available. We invite you to enjoy a delicious lunch or memorable evening out featuring exquisitely prepared authentic Italian fare complemented by a thoughtful wine list and full bar selection.&nbsp;   <\\/p>\\r\\n<h3>Spero di Vederti!<\\/h3>\",\"7\":[\"77\"],\"47\":[\"79\"],\"48\":\"\",\"35\":\"Welcome\",\"36\":\"to Kents\",\"37\":\"Ristorante\",\"34\":[\"75\"],\"29\":[\"76\"],\"38\":[\"66\"]}}', '2017-11-09 19:12:32', '2017-11-09 19:12:32', 'b80d2f55-dbc3-47a0-8d1b-7e7df53f9fe2');



DROP TABLE IF EXISTS `craft_fieldgroups`;


--
-- Schema for table `craft_fieldgroups`
--
CREATE TABLE `craft_fieldgroups` (
  `id` int(11) NOT NULL AUTO_INCREMENT,
  `name` varchar(255) COLLATE utf8_unicode_ci NOT NULL,
  `dateCreated` datetime NOT NULL,
  `dateUpdated` datetime NOT NULL,
  `uid` char(36) COLLATE utf8_unicode_ci NOT NULL DEFAULT '0',
  PRIMARY KEY (`id`),
  UNIQUE KEY `craft_fieldgroups_name_unq_idx` (`name`)
) ENGINE=InnoDB AUTO_INCREMENT=4 DEFAULT CHARSET=utf8 COLLATE=utf8_unicode_ci;

--
-- Data for table `craft_fieldgroups`
--

INSERT INTO `craft_fieldgroups` (`id`, `name`, `dateCreated`, `dateUpdated`, `uid`) VALUES
 ('1', 'Default', '2017-01-24 03:51:11', '2017-01-24 03:51:11', '8893de67-7dd4-4df8-b879-c708831c5816'),
 ('2', 'Menu', '2017-03-21 15:31:46', '2017-03-21 15:31:46', 'ffb7b532-0fc4-413b-b47c-5dbefcba5579'),
 ('3', 'Homepage', '2017-03-21 15:33:13', '2017-03-21 15:33:13', '3fe6e08d-0025-4365-a4a5-a27a33477411');



DROP TABLE IF EXISTS `craft_fieldlayoutfields`;


--
-- Schema for table `craft_fieldlayoutfields`
--
CREATE TABLE `craft_fieldlayoutfields` (
  `id` int(11) NOT NULL AUTO_INCREMENT,
  `layoutId` int(11) NOT NULL,
  `tabId` int(11) NOT NULL,
  `fieldId` int(11) NOT NULL,
  `required` tinyint(1) unsigned NOT NULL DEFAULT '0',
  `sortOrder` smallint(6) unsigned DEFAULT NULL,
  `dateCreated` datetime NOT NULL,
  `dateUpdated` datetime NOT NULL,
  `uid` char(36) COLLATE utf8_unicode_ci NOT NULL DEFAULT '0',
  PRIMARY KEY (`id`),
  UNIQUE KEY `craft_fieldlayoutfields_layoutId_fieldId_unq_idx` (`layoutId`,`fieldId`),
  KEY `craft_fieldlayoutfields_sortOrder_idx` (`sortOrder`),
  KEY `craft_fieldlayoutfields_tabId_fk` (`tabId`),
  KEY `craft_fieldlayoutfields_fieldId_fk` (`fieldId`)
) ENGINE=InnoDB AUTO_INCREMENT=298 DEFAULT CHARSET=utf8 COLLATE=utf8_unicode_ci;

--
-- Data for table `craft_fieldlayoutfields`
--

INSERT INTO `craft_fieldlayoutfields` (`id`, `layoutId`, `tabId`, `fieldId`, `required`, `sortOrder`, `dateCreated`, `dateUpdated`, `uid`) VALUES
 ('15', '20', '8', '9', '0', '1', '2017-01-24 16:32:41', '2017-01-24 16:32:41', 'a05ed768-e1f4-43e2-8181-849eaf2f03e8'),
 ('49', '43', '24', '13', '0', '1', '2017-02-02 17:36:12', '2017-02-02 17:36:12', 'c8fa066e-8935-47c1-9655-323fcbaa96d7'),
 ('50', '44', '25', '14', '0', '1', '2017-02-02 17:36:12', '2017-02-02 17:36:12', 'b90bf933-4b0a-4982-b71e-3066cc5bf8ac'),
 ('109', '75', '44', '26', '0', '1', '2017-02-14 16:27:16', '2017-02-14 16:27:16', '3c0648ba-1cb6-4ce7-9ae3-30dad37e46e1'),
 ('110', '75', '44', '27', '0', '2', '2017-02-14 16:27:16', '2017-02-14 16:27:16', '7e4ea312-f076-4b38-b937-c42cfe1ec3d5'),
 ('186', '95', '63', '1', '1', '1', '2017-04-14 14:01:41', '2017-04-14 14:01:41', '751d137a-e63b-4a70-88e8-9c8a75aaa402'),
 ('187', '95', '63', '7', '0', '2', '2017-04-14 14:01:41', '2017-04-14 14:01:41', '1aa4a766-a5d3-477a-9cf5-9b2185b37c00'),
 ('188', '95', '63', '29', '0', '3', '2017-04-14 14:01:41', '2017-04-14 14:01:41', '5822924c-f3dd-4c53-92aa-0b199704e676'),
 ('189', '95', '63', '34', '0', '4', '2017-04-14 14:01:41', '2017-04-14 14:01:41', '610875f7-745b-467b-928e-4a8fdda9238c'),
 ('190', '95', '63', '35', '0', '5', '2017-04-14 14:01:41', '2017-04-14 14:01:41', '8dd72ac1-fe2d-49ba-8a7b-3a2806fa9870'),
 ('191', '95', '63', '36', '0', '6', '2017-04-14 14:01:41', '2017-04-14 14:01:41', '905d0c2e-6889-45e0-b3d4-0aa29c5eabeb'),
 ('192', '95', '63', '37', '0', '7', '2017-04-14 14:01:41', '2017-04-14 14:01:41', '7f5c0ad1-dea2-4fd1-acb7-8e00b6113c29'),
 ('193', '95', '63', '38', '0', '8', '2017-04-14 14:01:41', '2017-04-14 14:01:41', 'a00e6b8a-d451-4fd8-a466-7039c4f4dea8'),
 ('194', '95', '63', '47', '0', '9', '2017-04-14 14:01:41', '2017-04-14 14:01:41', '2cc8763f-888e-4319-844b-37feda0c4e2f'),
 ('195', '95', '63', '48', '0', '10', '2017-04-14 14:01:41', '2017-04-14 14:01:41', '9ce8bda0-153f-4ee3-a71a-21387a0a95b2'),
 ('222', '101', '69', '24', '0', '1', '2017-05-12 16:00:50', '2017-05-12 16:00:50', 'e42a0678-7921-44a4-8658-45ca18790e48'),
 ('223', '101', '69', '23', '0', '2', '2017-05-12 16:00:50', '2017-05-12 16:00:50', '3f4cbf44-86e6-4be1-af1d-de08329b7187'),
 ('224', '101', '69', '25', '0', '3', '2017-05-12 16:00:50', '2017-05-12 16:00:50', '86d1664c-d3f9-458f-9d28-dae45a1e291c'),
 ('225', '101', '69', '7', '0', '4', '2017-05-12 16:00:50', '2017-05-12 16:00:50', '586714b8-7de6-4271-bef2-b557aa443636'),
 ('233', '104', '72', '6', '0', '1', '2017-09-26 19:53:08', '2017-09-26 19:53:08', '870e314f-c1ef-48f9-a06d-34aaa60e2046'),
 ('234', '104', '72', '3', '0', '2', '2017-09-26 19:53:08', '2017-09-26 19:53:08', '64a35e2b-0e69-4248-bbf0-8793e561686a'),
 ('235', '104', '72', '5', '0', '3', '2017-09-26 19:53:08', '2017-09-26 19:53:08', 'f82066ff-eecb-4c00-9249-bb9af66378b3'),
 ('236', '104', '72', '4', '0', '4', '2017-09-26 19:53:08', '2017-09-26 19:53:08', '32b9456f-3cf0-4adc-a693-85773b3ca86a'),
 ('237', '104', '72', '16', '0', '5', '2017-09-26 19:53:08', '2017-09-26 19:53:08', '5c964f19-580b-422c-85d8-50e91c61ed8d'),
 ('238', '104', '72', '19', '0', '6', '2017-09-26 19:53:08', '2017-09-26 19:53:08', 'f479387c-dd9f-4caf-88d3-d870a71814d7'),
 ('239', '104', '72', '49', '0', '7', '2017-09-26 19:53:08', '2017-09-26 19:53:08', '593ee37c-8e07-42d7-a212-9f126b4a4136'),
 ('240', '105', '73', '50', '0', '1', '2017-09-26 20:17:24', '2017-09-26 20:17:24', '22d15926-5fa2-445c-bf0f-81f98ef9aa1d'),
 ('241', '105', '73', '33', '0', '2', '2017-09-26 20:17:24', '2017-09-26 20:17:24', '1ea31be2-66a5-468d-ad6b-0a1cb16290aa'),
 ('243', '107', '75', '1', '0', '1', '2017-09-28 18:39:30', '2017-09-28 18:39:30', '131c8520-76f2-4323-8569-b29eefa9e905'),
 ('244', '107', '75', '7', '0', '2', '2017-09-28 18:39:30', '2017-09-28 18:39:30', 'a7a38946-0609-4c55-ae00-923b21e19e09'),
 ('245', '107', '75', '51', '0', '3', '2017-09-28 18:39:30', '2017-09-28 18:39:30', '1d996d0d-48fc-4e39-b022-cc37eab5a595'),
 ('246', '108', '76', '53', '0', '1', '2017-09-28 19:02:25', '2017-09-28 19:02:25', '920928d0-07e1-494e-aa79-355a2fec818c'),
 ('247', '108', '76', '54', '0', '2', '2017-09-28 19:02:25', '2017-09-28 19:02:25', '04717ca5-290b-4fc2-8f09-cf8a73767c02'),
 ('254', '110', '78', '50', '0', '1', '2017-09-28 19:17:52', '2017-09-28 19:17:52', 'f110afff-e807-4c55-b1c1-cfde1d9613f6'),
 ('255', '110', '78', '55', '0', '2', '2017-09-28 19:17:52', '2017-09-28 19:17:52', '8f3b5019-872d-453d-aea3-0205e079c421'),
 ('256', '111', '79', '1', '1', '1', '2017-10-04 20:41:33', '2017-10-04 20:41:33', '362b0089-df73-4243-a52b-7eb29e41816a'),
 ('257', '111', '79', '2', '0', '2', '2017-10-04 20:41:33', '2017-10-04 20:41:33', '20903c2a-197c-402b-a76b-4d57b078c5b2'),
 ('258', '111', '79', '31', '0', '3', '2017-10-04 20:41:33', '2017-10-04 20:41:33', '66a406a1-74be-4018-a10b-6f6530701899'),
 ('259', '111', '79', '39', '0', '4', '2017-10-04 20:41:33', '2017-10-04 20:41:33', '59239abf-e823-47a0-a802-3fef376844cd'),
 ('260', '111', '79', '7', '0', '5', '2017-10-04 20:41:33', '2017-10-04 20:41:33', '2f1c164b-1d15-4cf8-adcd-7ab4b2e42bca'),
 ('261', '112', '80', '8', '0', '1', '2017-10-10 17:54:07', '2017-10-10 17:54:07', 'aec559a1-042a-45b7-be02-ffd1bd070edb'),
 ('262', '112', '80', '1', '0', '2', '2017-10-10 17:54:07', '2017-10-10 17:54:07', 'c85748e6-c1f9-40cb-968c-94ebf76ca2e1'),
 ('263', '112', '80', '7', '0', '3', '2017-10-10 17:54:07', '2017-10-10 17:54:07', 'b637f07b-965a-4954-87f3-1c8ab12786c9'),
 ('264', '112', '80', '29', '0', '4', '2017-10-10 17:54:07', '2017-10-10 17:54:07', 'f51760dc-8d28-4f03-ac8f-225fb55e1b98'),
 ('265', '112', '80', '30', '0', '5', '2017-10-10 17:54:07', '2017-10-10 17:54:07', 'dd23a2c7-99e2-486c-a55b-60c30e59821a'),
 ('266', '112', '81', '56', '0', '1', '2017-10-10 17:54:07', '2017-10-10 17:54:07', '385ddc60-c3b2-4153-a4c2-45d271a93da8'),
 ('277', '114', '84', '41', '0', '1', '2017-10-17 19:15:45', '2017-10-17 19:15:45', 'c3df84b6-57af-42a1-b25f-21b539439dd4'),
 ('278', '114', '84', '47', '0', '2', '2017-10-17 19:15:45', '2017-10-17 19:15:45', '2bb87db2-1519-4d17-a566-24604ad88153'),
 ('279', '114', '84', '48', '0', '3', '2017-10-17 19:15:45', '2017-10-17 19:15:45', '7bcb9207-bb88-479a-a1b2-bd6c0ba19094'),
 ('280', '115', '85', '23', '0', '1', '2017-10-17 20:30:02', '2017-10-17 20:30:02', '44e18fe8-e48d-41b5-a103-f2c2d07d7550'),
 ('281', '115', '85', '21', '0', '2', '2017-10-17 20:30:02', '2017-10-17 20:30:02', '9d6ea9f2-bf6c-4cf0-a4d8-77280e6392c7'),
 ('282', '115', '85', '22', '0', '3', '2017-10-17 20:30:02', '2017-10-17 20:30:02', '804b2d27-2a96-48e8-b211-d755b40b4cd4'),
 ('283', '115', '85', '8', '0', '4', '2017-10-17 20:30:02', '2017-10-17 20:30:02', '1451dce5-07f0-42d5-99c5-f6827329d0cf'),
 ('284', '115', '85', '40', '0', '5', '2017-10-17 20:30:02', '2017-10-17 20:30:02', '7e89ab90-4dff-4218-a2b6-60a88f5af0a6'),
 ('285', '115', '85', '52', '0', '6', '2017-10-17 20:30:02', '2017-10-17 20:30:02', 'fc5c7e46-9177-49ed-b439-4da402a81bda'),
 ('286', '115', '85', '51', '0', '7', '2017-10-17 20:30:02', '2017-10-17 20:30:02', 'bd5cbfc5-caac-4131-bc6b-5416dbad1c5b'),
 ('287', '116', '86', '8', '0', '1', '2017-10-17 20:51:21', '2017-10-17 20:51:21', '58fe1ba8-3d93-4697-a670-fe72f0e6f2a9'),
 ('288', '116', '86', '7', '0', '2', '2017-10-17 20:51:21', '2017-10-17 20:51:21', '39b073f3-5b6a-4ef3-858a-6558abfa6700'),
 ('289', '116', '86', '32', '0', '3', '2017-10-17 20:51:21', '2017-10-17 20:51:21', '84bb3e16-e58f-452d-92e6-c792dba62d56'),
 ('290', '116', '86', '57', '0', '4', '2017-10-17 20:51:21', '2017-10-17 20:51:21', 'edb5fb54-8336-4c00-85bd-01dd0f6cddf3'),
 ('291', '116', '86', '41', '0', '5', '2017-10-17 20:51:21', '2017-10-17 20:51:21', '3ccd7770-6443-40a3-a399-889feed0c03b'),
 ('292', '116', '86', '42', '0', '6', '2017-10-17 20:51:21', '2017-10-17 20:51:21', 'b53af040-2711-4d9d-bf1c-c704400e9471'),
 ('293', '116', '86', '43', '0', '7', '2017-10-17 20:51:21', '2017-10-17 20:51:21', '1236f8ee-66f5-464b-88d0-265806f5485b'),
 ('294', '116', '86', '44', '0', '8', '2017-10-17 20:51:21', '2017-10-17 20:51:21', 'f9099815-be15-4698-b1d8-710d2717c748'),
 ('295', '116', '86', '46', '0', '9', '2017-10-17 20:51:21', '2017-10-17 20:51:21', 'a2c5a3dd-4a18-46f1-b82e-106be92a32fe'),
 ('296', '116', '86', '45', '0', '10', '2017-10-17 20:51:21', '2017-10-17 20:51:21', '8c998216-6b04-4767-9284-e47505cb1df9'),
 ('297', '116', '87', '56', '0', '1', '2017-10-17 20:51:21', '2017-10-17 20:51:21', '02c646cb-8626-49d6-a4e2-92630e6fc99b');



DROP TABLE IF EXISTS `craft_fieldlayouts`;


--
-- Schema for table `craft_fieldlayouts`
--
CREATE TABLE `craft_fieldlayouts` (
  `id` int(11) NOT NULL AUTO_INCREMENT,
  `type` varchar(150) COLLATE utf8_unicode_ci NOT NULL,
  `dateCreated` datetime NOT NULL,
  `dateUpdated` datetime NOT NULL,
  `uid` char(36) COLLATE utf8_unicode_ci NOT NULL DEFAULT '0',
  PRIMARY KEY (`id`),
  KEY `craft_fieldlayouts_type_idx` (`type`)
) ENGINE=InnoDB AUTO_INCREMENT=117 DEFAULT CHARSET=utf8 COLLATE=utf8_unicode_ci;

--
-- Data for table `craft_fieldlayouts`
--

INSERT INTO `craft_fieldlayouts` (`id`, `type`, `dateCreated`, `dateUpdated`, `uid`) VALUES
 ('1', 'Tag', '2017-01-24 03:51:11', '2017-01-24 03:51:11', '7ba0c133-2f49-418e-8f01-055b85b4fb6c'),
 ('20', 'GlobalSet', '2017-01-24 16:32:41', '2017-01-24 16:32:41', 'df3c2f82-86af-4b9b-9151-1276f92ab749'),
 ('21', 'Asset', '2017-01-24 16:41:40', '2017-01-24 16:41:40', 'ffc60805-2ac4-4af4-94fa-26bbb6cbaa23'),
 ('34', 'Category', '2017-01-31 16:39:09', '2017-01-31 16:39:09', '2af99af7-d7ad-4a82-9cc4-56785b656996'),
 ('43', 'MatrixBlock', '2017-02-02 17:36:12', '2017-02-02 17:36:12', '4ddca364-fa76-4023-8b90-ac3019c1d5b6'),
 ('44', 'MatrixBlock', '2017-02-02 17:36:12', '2017-02-02 17:36:12', 'ddac4f54-c481-4876-a944-bf4678ce1112'),
 ('46', 'Category', '2017-02-02 17:36:56', '2017-02-02 17:36:56', 'bebd0d1c-64ec-4106-8381-dbb6f86aab25'),
 ('58', 'Category', '2017-02-09 17:10:03', '2017-02-09 17:10:03', '29e96098-ac77-4563-8232-ad5103dc6f82'),
 ('75', 'Entry', '2017-02-14 16:27:16', '2017-02-14 16:27:16', 'e38f44e3-1a2d-4ea6-92a9-808ffbaa1c2c'),
 ('95', 'Entry', '2017-04-14 14:01:41', '2017-04-14 14:01:41', 'be566bbb-0524-49d0-bd41-d6004ca1f986'),
 ('101', 'Entry', '2017-05-12 16:00:50', '2017-05-12 16:00:50', 'cfa3ab82-ecb0-42e8-b079-f2cee3ae1ce7'),
 ('104', 'Entry', '2017-09-26 19:53:08', '2017-09-26 19:53:08', 'e3d39121-6a86-4e90-8a65-26af36cc2c55'),
 ('105', 'Category', '2017-09-26 20:17:24', '2017-09-26 20:17:24', 'cfaa3742-5265-42a7-85f4-5a80d3a8ce28'),
 ('107', 'Entry', '2017-09-28 18:39:30', '2017-09-28 18:39:30', '78d30ccd-b8bd-40da-afc2-585cb63db18d'),
 ('108', 'MatrixBlock', '2017-09-28 19:02:25', '2017-09-28 19:02:25', '5d21e321-dd9a-4b1f-9094-d2d265f965ae'),
 ('110', 'Category', '2017-09-28 19:17:52', '2017-09-28 19:17:52', '88ab3997-a65c-4cfe-82b6-d4b567cf628e'),
 ('111', 'Entry', '2017-10-04 20:41:33', '2017-10-04 20:41:33', 'b78945b7-3644-476a-866f-40313b2aabab'),
 ('112', 'Entry', '2017-10-10 17:54:07', '2017-10-10 17:54:07', 'dff8ec79-58fb-45b6-aea5-c35980f3ced0'),
 ('114', 'GlobalSet', '2017-10-17 19:15:45', '2017-10-17 19:15:45', '6d4659ee-bb19-45e0-bfc9-cabbf7a4f4a3'),
 ('115', 'GlobalSet', '2017-10-17 20:30:02', '2017-10-17 20:30:02', '985400b3-6ca1-47a2-b22d-6f0cc001874c'),
 ('116', 'Entry', '2017-10-17 20:51:21', '2017-10-17 20:51:21', '13eb68dc-f1aa-4aa9-9aca-8ef170184558');



DROP TABLE IF EXISTS `craft_fieldlayouttabs`;


--
-- Schema for table `craft_fieldlayouttabs`
--
CREATE TABLE `craft_fieldlayouttabs` (
  `id` int(11) NOT NULL AUTO_INCREMENT,
  `layoutId` int(11) NOT NULL,
  `name` varchar(255) COLLATE utf8_unicode_ci NOT NULL,
  `sortOrder` smallint(6) unsigned DEFAULT NULL,
  `dateCreated` datetime NOT NULL,
  `dateUpdated` datetime NOT NULL,
  `uid` char(36) COLLATE utf8_unicode_ci NOT NULL DEFAULT '0',
  PRIMARY KEY (`id`),
  KEY `craft_fieldlayouttabs_sortOrder_idx` (`sortOrder`),
  KEY `craft_fieldlayouttabs_layoutId_fk` (`layoutId`)
) ENGINE=InnoDB AUTO_INCREMENT=88 DEFAULT CHARSET=utf8 COLLATE=utf8_unicode_ci;

--
-- Data for table `craft_fieldlayouttabs`
--

INSERT INTO `craft_fieldlayouttabs` (`id`, `layoutId`, `name`, `sortOrder`, `dateCreated`, `dateUpdated`, `uid`) VALUES
 ('8', '20', 'Content', '1', '2017-01-24 16:32:41', '2017-01-24 16:32:41', '5665ebe0-dfac-43a2-950e-1ca0aac9e918'),
 ('24', '43', 'Content', '1', '2017-02-02 17:36:12', '2017-02-02 17:36:12', '0467fe49-531b-4b01-94b0-ebd49cd81c8d'),
 ('25', '44', 'Content', '1', '2017-02-02 17:36:12', '2017-02-02 17:36:12', '45548723-a916-4413-bf40-99de30ed2cd8'),
 ('44', '75', 'Tab 1', '1', '2017-02-14 16:27:16', '2017-02-14 16:27:16', '712fc72e-d02e-4023-95a5-e8e96ddf7545'),
 ('63', '95', 'Content', '1', '2017-04-14 14:01:41', '2017-04-14 14:01:41', '46ff9fc4-89d0-4e63-ba10-e7b5e4fd06ea'),
 ('69', '101', 'Tab 1', '1', '2017-05-12 16:00:50', '2017-05-12 16:00:50', '60a73a58-862e-4b48-8a9d-76073664c441'),
 ('72', '104', 'Tab 1', '1', '2017-09-26 19:53:08', '2017-09-26 19:53:08', '7821a0d3-a38a-4a4e-8d07-dc9bac4af3b1'),
 ('73', '105', 'Tab 1', '1', '2017-09-26 20:17:24', '2017-09-26 20:17:24', 'b215a626-9eb9-421a-aaa9-585e62e0fa70'),
 ('75', '107', 'Tab 1', '1', '2017-09-28 18:39:30', '2017-09-28 18:39:30', 'b9e2762b-80c2-44ef-9c1c-c9731c375ef3'),
 ('76', '108', 'Content', '1', '2017-09-28 19:02:25', '2017-09-28 19:02:25', '165e8895-94c5-43df-8de0-0f14e373395f'),
 ('78', '110', 'Tab 1', '1', '2017-09-28 19:17:52', '2017-09-28 19:17:52', 'fec9574f-0f65-4103-9a8a-2c64d069611d'),
 ('79', '111', 'Content', '1', '2017-10-04 20:41:33', '2017-10-04 20:41:33', '60f80fbe-0500-4248-9bd4-6a84b2f60101'),
 ('80', '112', 'Tab 1', '1', '2017-10-10 17:54:07', '2017-10-10 17:54:07', '4aa83644-a73b-4443-a737-e4afffd95c3a'),
 ('81', '112', 'Tab 2', '2', '2017-10-10 17:54:07', '2017-10-10 17:54:07', '2dd9dd69-1b03-41bb-800f-4915de04c494'),
 ('84', '114', 'Content', '1', '2017-10-17 19:15:45', '2017-10-17 19:15:45', '3243be09-4430-4d29-8457-4a50816d30b6'),
 ('85', '115', 'Content', '1', '2017-10-17 20:30:02', '2017-10-17 20:30:02', '63ee4c57-e092-4511-a38a-2ca43fc889e7'),
 ('86', '116', 'Tab 1', '1', '2017-10-17 20:51:21', '2017-10-17 20:51:21', '89614fe2-1c3d-456c-ac10-ae1b7024678f'),
 ('87', '116', 'Metadata', '2', '2017-10-17 20:51:21', '2017-10-17 20:51:21', 'e3d912f9-b066-4db3-81cb-2d7d4b6a13df');



DROP TABLE IF EXISTS `craft_fields`;


--
-- Schema for table `craft_fields`
--
CREATE TABLE `craft_fields` (
  `id` int(11) NOT NULL AUTO_INCREMENT,
  `groupId` int(11) DEFAULT NULL,
  `name` varchar(255) COLLATE utf8_unicode_ci NOT NULL,
  `handle` varchar(58) COLLATE utf8_unicode_ci NOT NULL,
  `context` varchar(255) COLLATE utf8_unicode_ci NOT NULL DEFAULT 'global',
  `instructions` text COLLATE utf8_unicode_ci,
  `translatable` tinyint(1) unsigned NOT NULL DEFAULT '0',
  `type` varchar(150) COLLATE utf8_unicode_ci NOT NULL,
  `settings` text COLLATE utf8_unicode_ci,
  `dateCreated` datetime NOT NULL,
  `dateUpdated` datetime NOT NULL,
  `uid` char(36) COLLATE utf8_unicode_ci NOT NULL DEFAULT '0',
  PRIMARY KEY (`id`),
  UNIQUE KEY `craft_fields_handle_context_unq_idx` (`handle`,`context`),
  KEY `craft_fields_context_idx` (`context`),
  KEY `craft_fields_groupId_fk` (`groupId`)
) ENGINE=InnoDB AUTO_INCREMENT=58 DEFAULT CHARSET=utf8 COLLATE=utf8_unicode_ci;

--
-- Data for table `craft_fields`
--

INSERT INTO `craft_fields` (`id`, `groupId`, `name`, `handle`, `context`, `instructions`, `translatable`, `type`, `settings`, `dateCreated`, `dateUpdated`, `uid`) VALUES
 ('1', '1', 'Body', 'body', 'global', NULL, '1', 'RichText', '{\"configFile\":\"Standard.json\",\"columnType\":\"text\"}', '2017-01-24 03:51:11', '2017-01-24 03:51:11', '31dbf5d1-3032-447f-b95a-eea41f31b854'),
 ('2', '1', 'Tags', 'tags', 'global', NULL, '0', 'Tags', '{\"source\":\"taggroup:1\"}', '2017-01-24 03:51:11', '2017-01-24 03:51:11', '068215aa-1988-4a9e-bc64-a2aa6576e9d8'),
 ('3', '2', 'Food Description', 'foodDescription', 'global', '', '0', 'RichText', '{\"configFile\":\"\",\"availableAssetSources\":\"*\",\"availableTransforms\":\"*\",\"cleanupHtml\":\"1\",\"purifyHtml\":\"1\",\"purifierConfig\":\"\",\"columnType\":\"text\"}', '2017-01-24 15:28:40', '2017-09-28 18:38:41', '8be5fbdf-49a5-45bc-aec5-c741b1c092bd'),
 ('4', '2', 'Food Picture', 'foodPicture', 'global', '', '0', 'Assets', '{\"useSingleFolder\":\"\",\"sources\":\"*\",\"defaultUploadLocationSource\":\"1\",\"defaultUploadLocationSubpath\":\"\",\"singleUploadLocationSource\":\"1\",\"singleUploadLocationSubpath\":\"\",\"restrictFiles\":\"\",\"limit\":\"\",\"viewMode\":\"list\",\"selectionLabel\":\"\"}', '2017-01-24 15:29:13', '2017-03-21 15:32:30', 'ef17cbd7-5bed-447a-a1c7-b59650dcab6a'),
 ('5', '2', 'Food Price', 'foodPrice', 'global', '', '0', 'Number', '{\"min\":\"0\",\"max\":\"\",\"decimals\":\"2\"}', '2017-01-24 15:29:42', '2017-03-21 15:32:39', 'a02b41a5-851e-43e3-84d3-6a7f403ad91c'),
 ('6', '2', 'Food Category', 'foodCategory', 'global', '', '0', 'Categories', '{\"source\":\"group:1\",\"limit\":\"\",\"selectionLabel\":\"\"}', '2017-01-24 15:32:06', '2017-03-21 15:32:10', '945c71c2-7119-4434-a6e0-518ca2265cdb'),
 ('7', '1', 'Feature Image', 'featureImage', 'global', '', '0', 'Assets', '{\"useSingleFolder\":\"\",\"sources\":\"*\",\"defaultUploadLocationSource\":\"1\",\"defaultUploadLocationSubpath\":\"\",\"singleUploadLocationSource\":\"1\",\"singleUploadLocationSubpath\":\"\",\"restrictFiles\":\"\",\"limit\":\"\",\"viewMode\":\"list\",\"selectionLabel\":\"\"}', '2017-01-24 16:05:21', '2017-01-24 16:05:21', 'd5727815-3603-4009-a9a5-2a5e4141a207'),
 ('8', '1', 'Basic Text', 'basicText', 'global', '', '0', 'PlainText', '{\"placeholder\":\"\",\"maxLength\":\"\",\"multiline\":\"\",\"initialRows\":\"4\"}', '2017-01-24 16:30:40', '2017-01-24 16:30:40', 'f40924e3-c7a8-4f1f-a060-63b66074a0ed'),
 ('9', '1', 'Logo', 'logo', 'global', '', '0', 'Assets', '{\"useSingleFolder\":\"\",\"sources\":\"*\",\"defaultUploadLocationSource\":\"1\",\"defaultUploadLocationSubpath\":\"\",\"singleUploadLocationSource\":\"1\",\"singleUploadLocationSubpath\":\"\",\"restrictFiles\":\"\",\"limit\":\"\",\"viewMode\":\"list\",\"selectionLabel\":\"\"}', '2017-01-24 16:32:02', '2017-01-24 16:32:02', '0ad04739-00e1-4585-9510-a97fe34c07d9'),
 ('10', '1', 'Special Description', 'specialDescription', 'global', 'This Field should only be filled out for the first entry in each special category ', '0', 'RichText', '{\"configFile\":\"\",\"availableAssetSources\":\"*\",\"availableTransforms\":\"*\",\"cleanupHtml\":\"1\",\"purifyHtml\":\"1\",\"columnType\":\"text\"}', '2017-01-31 15:50:54', '2017-01-31 15:50:54', 'be675f47-9890-4ea7-98b4-48c470d8876b'),
 ('11', '1', 'Special Category', 'specialCategory', 'global', '', '0', 'Categories', '{\"source\":\"group:2\",\"limit\":\"\",\"selectionLabel\":\"\"}', '2017-01-31 16:39:36', '2017-01-31 16:39:36', '1c3c2560-1323-48f3-9573-db80a5519cd4'),
 ('12', '1', 'Content Blocks', 'contentBlocks', 'global', '', '0', 'Matrix', '{\"maxBlocks\":null}', '2017-02-02 17:36:12', '2017-02-02 17:36:12', 'cec53cbf-abb9-4a00-b159-a4fe63ec751d'),
 ('13', NULL, 'Text Block', 'textBlock', 'matrixBlockType:1', '', '0', 'RichText', '{\"configFile\":\"\",\"availableAssetSources\":\"*\",\"availableTransforms\":\"*\",\"cleanupHtml\":\"1\",\"purifyHtml\":\"1\",\"columnType\":\"text\"}', '2017-02-02 17:36:12', '2017-02-02 17:36:12', '0fa810ef-b0e9-446a-a6f5-458e7285c62b'),
 ('14', NULL, 'Image File', 'imageFile', 'matrixBlockType:2', '', '0', 'Assets', '{\"useSingleFolder\":\"\",\"sources\":\"*\",\"defaultUploadLocationSource\":\"1\",\"defaultUploadLocationSubpath\":\"\",\"singleUploadLocationSource\":\"1\",\"singleUploadLocationSubpath\":\"\",\"restrictFiles\":\"\",\"limit\":\"\",\"viewMode\":\"list\",\"selectionLabel\":\"\"}', '2017-02-02 17:36:12', '2017-02-02 17:36:12', '173bb0b2-765a-4b92-8b1b-4285c895761a'),
 ('15', '2', 'Drink Category', 'drinkCategory', 'global', '', '0', 'Categories', '{\"source\":\"group:4\",\"limit\":\"\",\"selectionLabel\":\"\"}', '2017-02-02 17:38:13', '2017-03-21 15:32:01', '6634c1c5-2aa9-4459-8bc1-c791467c7925'),
 ('16', '2', 'Menu Category', 'menuCategory', 'global', '', '0', 'Categories', '{\"source\":\"group:3\",\"limit\":\"\",\"selectionLabel\":\"\"}', '2017-02-02 17:40:07', '2017-03-21 15:32:54', '50682230-99ed-48b0-a21d-cb285a7241db'),
 ('17', '1', 'Menu Items', 'menuItems', 'global', '', '0', 'Entries', '{\"sources\":[\"section:3\"],\"limit\":\"\",\"selectionLabel\":\"\"}', '2017-02-02 17:41:20', '2017-02-02 17:41:20', '024e2cf7-652f-4251-853a-9ccd8be3b786'),
 ('18', '1', 'Drink Items', 'drinkItems', 'global', '', '0', 'Entries', '{\"sources\":[\"section:10\"],\"limit\":\"\",\"selectionLabel\":\"\"}', '2017-02-02 17:41:36', '2017-02-02 17:41:36', '571a165d-5651-4896-90e2-d1e387a1ff17'),
 ('19', '1', 'Special Date', 'specialDate', 'global', 'Choose a day of the week when this menu item will be a special.', '0', 'Categories', '{\"source\":\"group:5\",\"limit\":\"\",\"selectionLabel\":\"\"}', '2017-02-07 17:43:49', '2017-05-24 16:15:17', '146fbfd4-58ff-43c3-ac47-2d95a1a8911e'),
 ('20', '1', 'Special Light Switch', 'specialLightSwitch', 'global', '', '0', 'Lightswitch', '{\"default\":\"1\"}', '2017-02-13 14:45:24', '2017-02-13 14:45:24', '7eb30f40-a58c-42ae-8648-e1569c413111'),
 ('21', '1', 'email', 'email', 'global', '', '0', 'PlainText', '{\"placeholder\":\"\",\"maxLength\":\"\",\"multiline\":\"\",\"initialRows\":\"4\"}', '2017-02-13 14:45:41', '2017-02-13 14:45:41', '6f6a4e16-833c-4ab4-9beb-2b908891fbb3'),
 ('22', '1', 'Hours', 'hours', 'global', '', '0', 'Table', '{\"columns\":{\"col1\":{\"heading\":\"Day of Week\",\"handle\":\"dayOfWeek\",\"width\":\"\",\"type\":\"singleline\"},\"col2\":{\"heading\":\"Hours\",\"handle\":\"hours\",\"width\":\"\",\"type\":\"singleline\"}},\"defaults\":{\"row1\":{\"col1\":\"\",\"col2\":\"\"}}}', '2017-02-13 14:46:33', '2017-02-13 14:46:33', '6b49f53b-7686-4323-87aa-360bd1678631'),
 ('23', '1', 'Phone Number', 'phoneNumber', 'global', '', '0', 'PlainText', '{\"placeholder\":\"\",\"maxLength\":\"\",\"multiline\":\"\",\"initialRows\":\"4\"}', '2017-02-13 14:47:12', '2017-02-13 14:47:12', 'c1a2a2f9-9bf3-429d-a98a-bf67bb5c04d1'),
 ('24', '1', 'Reservation Info', 'reservationInfo', 'global', '', '0', 'PlainText', '{\"placeholder\":\"\",\"maxLength\":\"\",\"multiline\":\"\",\"initialRows\":\"4\"}', '2017-02-13 14:47:51', '2017-02-13 14:47:51', '791d2bc9-745a-464d-9b97-e0c50dbe0a37'),
 ('25', '1', 'Private Party/Event', 'privateParty', 'global', '', '0', 'RichText', '{\"configFile\":\"\",\"availableAssetSources\":\"*\",\"availableTransforms\":\"*\",\"cleanupHtml\":\"1\",\"purifyHtml\":\"1\",\"columnType\":\"text\"}', '2017-02-13 14:48:23', '2017-02-13 14:48:23', 'be0adf19-afc2-4784-be8d-b10bd0add51d'),
 ('26', '1', 'Team Member Bio', 'teamMemberBio', 'global', '', '0', 'RichText', '{\"configFile\":\"\",\"availableAssetSources\":\"*\",\"availableTransforms\":\"*\",\"cleanupHtml\":\"1\",\"purifyHtml\":\"1\",\"columnType\":\"text\"}', '2017-02-14 15:23:25', '2017-02-14 15:23:34', '060d531a-8476-4cc6-aea5-7b3c3523c0b2'),
 ('27', '1', 'Team Member Photo', 'teamMemberPhoto', 'global', '', '0', 'Assets', '{\"useSingleFolder\":\"\",\"sources\":\"*\",\"defaultUploadLocationSource\":\"1\",\"defaultUploadLocationSubpath\":\"\",\"singleUploadLocationSource\":\"1\",\"singleUploadLocationSubpath\":\"\",\"restrictFiles\":\"\",\"limit\":\"\",\"viewMode\":\"list\",\"selectionLabel\":\"\"}', '2017-02-14 15:23:40', '2017-02-14 15:24:12', 'afe4abf6-09f2-41d5-8fae-a3f23a5034bc'),
 ('28', '1', 'map', 'map', 'global', '', '0', 'Assets', '{\"useSingleFolder\":\"\",\"sources\":\"*\",\"defaultUploadLocationSource\":\"1\",\"defaultUploadLocationSubpath\":\"\",\"singleUploadLocationSource\":\"1\",\"singleUploadLocationSubpath\":\"\",\"restrictFiles\":\"\",\"limit\":\"\",\"viewMode\":\"list\",\"selectionLabel\":\"\"}', '2017-02-14 15:24:27', '2017-02-14 15:24:27', 'bb5708bb-be31-410f-8f16-ce70d3ec4a49'),
 ('29', '1', 'Photo Gallery', 'photoGallery', 'global', '', '0', 'Assets', '{\"useSingleFolder\":\"\",\"sources\":\"*\",\"defaultUploadLocationSource\":\"1\",\"defaultUploadLocationSubpath\":\"\",\"singleUploadLocationSource\":\"1\",\"singleUploadLocationSubpath\":\"\",\"restrictFiles\":\"\",\"limit\":\"\",\"viewMode\":\"list\",\"selectionLabel\":\"\"}', '2017-02-14 15:27:46', '2017-02-14 15:30:55', 'e1e41dce-a4a5-4078-a88a-6bf619a91b28'),
 ('30', '1', 'About for Homepage', 'aboutForHomepage', 'global', '', '0', 'RichText', '{\"configFile\":\"\",\"availableAssetSources\":\"*\",\"availableTransforms\":\"*\",\"cleanupHtml\":\"1\",\"purifyHtml\":\"1\",\"columnType\":\"text\"}', '2017-02-21 14:22:23', '2017-02-21 14:22:23', '81fe6819-bb63-43cf-ba14-0193b007fa39'),
 ('31', '1', 'Current Lightswitch', 'currentLightswitch', 'global', '', '0', 'Lightswitch', '{\"default\":\"1\"}', '2017-02-27 15:03:38', '2017-02-27 15:03:38', 'a0ae30f8-f790-45d5-8695-efdaa388d6f2'),
 ('32', '1', 'Interactive Map', 'interactiveMap', 'global', '', '0', 'PlainText', '{\"placeholder\":\"\",\"maxLength\":\"\",\"multiline\":\"\",\"initialRows\":\"4\"}', '2017-02-27 16:30:53', '2017-02-27 16:30:53', 'a07ea0f4-d6b9-43b4-9bdd-b985bfc4f6e5'),
 ('33', '2', 'Menu Download', 'menuDownload', 'global', '', '0', 'Assets', '{\"useSingleFolder\":\"\",\"sources\":\"*\",\"defaultUploadLocationSource\":\"1\",\"defaultUploadLocationSubpath\":\"\",\"singleUploadLocationSource\":\"1\",\"singleUploadLocationSubpath\":\"\",\"restrictFiles\":\"\",\"limit\":\"\",\"viewMode\":\"list\",\"selectionLabel\":\"\"}', '2017-03-06 15:32:14', '2017-03-21 15:33:03', '4bf45d35-662c-443f-a68b-0a464544c723'),
 ('34', '3', 'illustration', 'illustration', 'global', '', '0', 'Assets', '{\"useSingleFolder\":\"\",\"sources\":\"*\",\"defaultUploadLocationSource\":\"1\",\"defaultUploadLocationSubpath\":\"\",\"singleUploadLocationSource\":\"1\",\"singleUploadLocationSubpath\":\"\",\"restrictFiles\":\"\",\"limit\":\"\",\"viewMode\":\"list\",\"selectionLabel\":\"\"}', '2017-03-09 15:04:58', '2017-03-21 15:33:48', '402a3505-1b71-4050-8b0b-5dfd6bd90e71'),
 ('35', '3', 'Header Title 1', 'headerTitle1', 'global', '', '0', 'PlainText', '{\"placeholder\":\"\",\"maxLength\":\"\",\"multiline\":\"\",\"initialRows\":\"4\"}', '2017-03-14 16:25:21', '2017-03-21 15:33:21', '1113611a-9a8b-4f09-976f-69d12289ed8e'),
 ('36', '3', 'Header Title 2', 'headerTitle2', 'global', '', '0', 'PlainText', '{\"placeholder\":\"\",\"maxLength\":\"\",\"multiline\":\"\",\"initialRows\":\"4\"}', '2017-03-14 16:25:29', '2017-03-21 15:33:29', 'd8eafdd7-8145-4386-ac34-7017d57bfd96'),
 ('37', '3', 'Header Title 3', 'headerTitle3', 'global', '', '0', 'PlainText', '{\"placeholder\":\"\",\"maxLength\":\"\",\"multiline\":\"\",\"initialRows\":\"4\"}', '2017-03-14 16:25:36', '2017-03-21 15:33:39', '747b9ed0-d931-444f-9c32-091a3b873cd0'),
 ('38', '1', 'Slide Show Link', 'slideShowLink', 'global', '', '0', 'Entries', '{\"sources\":\"*\",\"limit\":\"\",\"selectionLabel\":\"\"}', '2017-03-14 16:26:40', '2017-03-14 16:26:40', '120b9f0e-74fb-40d8-8b0d-ebf98d1ada87'),
 ('39', '1', 'Event Date', 'eventDate', 'global', '', '0', 'Date', '{\"minuteIncrement\":\"30\",\"showDate\":1,\"showTime\":0}', '2017-03-14 16:27:38', '2017-03-14 16:27:38', '9be6de1d-3bf4-47a9-ae8c-454c0328cab4'),
 ('40', '1', 'Copy Right Text', 'copyRightText', 'global', '', '0', 'PlainText', '{\"placeholder\":\"\",\"maxLength\":\"\",\"multiline\":\"\",\"initialRows\":\"4\"}', '2017-03-14 16:28:31', '2017-03-14 16:28:31', '9f098f85-5ad1-48b4-ae8b-343d5a5d5f60'),
 ('41', '1', 'Map Circle', 'mapCircle', 'global', '', '0', 'Assets', '{\"useSingleFolder\":\"\",\"sources\":\"*\",\"defaultUploadLocationSource\":\"1\",\"defaultUploadLocationSubpath\":\"\",\"singleUploadLocationSource\":\"1\",\"singleUploadLocationSubpath\":\"\",\"restrictFiles\":\"\",\"limit\":\"\",\"viewMode\":\"list\",\"selectionLabel\":\"\"}', '2017-03-21 15:21:03', '2017-03-21 15:21:03', '2a2f04e1-6690-48a0-ab27-d3a96e21b4d1'),
 ('42', '1', 'parking Information', 'parkingInformation', 'global', '', '0', 'PlainText', '{\"placeholder\":\"\",\"maxLength\":\"\",\"multiline\":\"\",\"initialRows\":\"4\"}', '2017-03-21 15:48:07', '2017-03-21 15:48:07', 'ca92fe2f-91c3-4ea3-8a45-432c28593fb2'),
 ('43', '1', 'Parking Information2', 'parkingInformation2', 'global', '', '0', 'PlainText', '{\"placeholder\":\"\",\"maxLength\":\"\",\"multiline\":\"\",\"initialRows\":\"4\"}', '2017-03-21 15:48:15', '2017-03-21 15:48:15', '610fed35-f39b-4c2c-b245-61461a0dd675'),
 ('44', '1', 'Parking Information3', 'parkingInformation3', 'global', '', '0', 'PlainText', '{\"placeholder\":\"\",\"maxLength\":\"\",\"multiline\":\"\",\"initialRows\":\"4\"}', '2017-03-21 15:48:24', '2017-03-21 15:48:24', 'ca736ea3-c1ef-4d0b-87c1-02ca9678755e'),
 ('45', '1', 'Valet Price', 'valetPrice', 'global', '', '0', 'PlainText', '{\"placeholder\":\"\",\"maxLength\":\"\",\"multiline\":\"\",\"initialRows\":\"4\"}', '2017-03-21 15:48:35', '2017-03-21 15:48:35', '9138c627-bee6-4360-bc89-a325a546ebb2'),
 ('46', '1', 'Valet Information', 'valetInformation', 'global', '', '0', 'PlainText', '{\"placeholder\":\"\",\"maxLength\":\"\",\"multiline\":\"\",\"initialRows\":\"4\"}', '2017-03-21 15:48:39', '2017-03-21 15:48:39', 'be418969-bc8f-41a9-96fa-b07ffcd67716'),
 ('47', '1', 'Gallery Arrow', 'galleryArrow', 'global', '', '0', 'Assets', '{\"useSingleFolder\":\"\",\"sources\":\"*\",\"defaultUploadLocationSource\":\"1\",\"defaultUploadLocationSubpath\":\"\",\"singleUploadLocationSource\":\"1\",\"singleUploadLocationSubpath\":\"\",\"restrictFiles\":\"\",\"limit\":\"\",\"viewMode\":\"list\",\"selectionLabel\":\"\"}', '2017-04-14 14:00:51', '2017-04-14 14:00:51', '1d71a94c-6a6f-4122-ba58-41c0d3d47db4'),
 ('48', '1', 'Gallery Arrow2', 'galleryArrow2', 'global', '', '0', 'Assets', '{\"useSingleFolder\":\"\",\"sources\":\"*\",\"defaultUploadLocationSource\":\"1\",\"defaultUploadLocationSubpath\":\"\",\"singleUploadLocationSource\":\"1\",\"singleUploadLocationSubpath\":\"\",\"restrictFiles\":\"\",\"limit\":\"\",\"viewMode\":\"list\",\"selectionLabel\":\"\"}', '2017-04-14 14:01:08', '2017-04-14 14:01:08', 'ee3cf7f0-2aed-451a-aec9-ff3029b28d2a'),
 ('49', '2', 'Food Specifications', 'foodSpecifications', 'global', '', '0', 'Checkboxes', '{\"options\":[{\"label\":\"Vegetarian\",\"value\":\"vegetarian\",\"default\":\"\"},{\"label\":\"Gluten Free\",\"value\":\"glutenFree\",\"default\":\"\"},{\"label\":\"Gluten Free Available Upon Request\",\"value\":\"glutenFreeAvailableUponRequest\",\"default\":\"\"},{\"label\":\"Raw\\/Undercooked\",\"value\":\"rawUndercooked\",\"default\":\"\"}]}', '2017-09-26 19:52:44', '2017-09-26 20:12:36', 'ee3b8694-731d-4e25-9eb3-3580d57eb7bb'),
 ('50', '2', 'English Translation', 'englishTranslation', 'global', '', '0', 'PlainText', '{\"placeholder\":\"\",\"maxLength\":\"\",\"multiline\":\"\",\"initialRows\":\"4\"}', '2017-09-26 20:14:14', '2017-09-26 20:14:14', 'a7947ee9-bfbd-4e5e-93f9-02854b790c40'),
 ('51', '2', 'Menu Disclaimer', 'menuDisclaimer', 'global', '', '0', 'RichText', '{\"configFile\":\"\",\"availableAssetSources\":\"*\",\"availableTransforms\":\"*\",\"cleanupHtml\":\"1\",\"purifyHtml\":\"1\",\"purifierConfig\":\"\",\"columnType\":\"text\"}', '2017-09-28 18:39:20', '2017-09-28 18:39:20', 'fed102f2-065c-4384-ad07-708c0e3fc508'),
 ('52', '1', 'Social Media', 'socialMedia', 'global', '', '0', 'Matrix', '{\"maxBlocks\":null}', '2017-09-28 19:02:25', '2017-09-28 19:02:25', '63dd54a9-d7e4-418b-ba46-687376241d75'),
 ('53', NULL, 'Social Name', 'socialName', 'matrixBlockType:3', '', '0', 'PlainText', '{\"placeholder\":\"\",\"maxLength\":\"\",\"multiline\":\"\",\"initialRows\":\"4\"}', '2017-09-28 19:02:25', '2017-09-28 19:02:25', '9a2a86a8-ce8e-4f3a-ae00-c648bc054106'),
 ('54', NULL, 'Address', 'address', 'matrixBlockType:3', '', '0', 'PlainText', '{\"placeholder\":\"\",\"maxLength\":\"\",\"multiline\":\"\",\"initialRows\":\"4\"}', '2017-09-28 19:02:25', '2017-09-28 19:02:25', '2c6e316a-7348-4f54-9c97-e96b8eaafe22'),
 ('55', '2', 'Description Blurb', 'descriptionBlurb', 'global', '', '0', 'RichText', '{\"configFile\":\"\",\"availableAssetSources\":\"*\",\"availableTransforms\":\"*\",\"cleanupHtml\":\"1\",\"purifyHtml\":\"1\",\"purifierConfig\":\"\",\"columnType\":\"text\"}', '2017-09-28 19:17:02', '2017-09-28 19:17:02', 'cc827826-28a6-42e1-a8c4-b2c12243671a'),
 ('56', '1', 'Metadata', 'metadata', 'global', '', '0', 'Seomatic_Meta', '{\"assetSources\":\"*\",\"seoMainEntityCategory\":\"CreativeWork\",\"seoMainEntityOfPage\":\"WebPage\",\"seoTitleSource\":\"field\",\"seoTitleSourceField\":\"title\",\"seoTitle\":\"\",\"seoTitleSourceChangeable\":\"1\",\"seoDescriptionSource\":\"custom\",\"seoDescriptionSourceField\":\"title\",\"seoDescription\":\"\",\"seoDescriptionSourceChangeable\":\"1\",\"seoKeywordsSource\":\"custom\",\"seoKeywordsSourceField\":\"title\",\"seoKeywords\":\"\",\"seoKeywordsSourceChangeable\":\"1\",\"seoImageIdSource\":\"custom\",\"seoImageIdSourceField\":\"featureImage\",\"seoImageIdSourceChangeable\":\"1\",\"seoImageTransform\":\"\",\"twitterCardType\":\"\",\"twitterCardTypeChangeable\":\"1\",\"seoTwitterImageIdSource\":\"custom\",\"seoTwitterImageIdSourceField\":\"featureImage\",\"seoTwitterImageIdSourceChangeable\":\"1\",\"seoTwitterImageTransform\":\"\",\"openGraphType\":\"\",\"openGraphTypeChangeable\":\"1\",\"seoFacebookImageIdSource\":\"custom\",\"seoFacebookImageIdSourceField\":\"featureImage\",\"seoFacebookImageIdSourceChangeable\":\"1\",\"seoFacebookImageTransform\":\"\",\"robots\":\"\",\"robotsChangeable\":\"1\"}', '2017-10-10 17:53:35', '2017-10-10 18:07:02', 'eefbd117-0754-4fd5-8ec2-8f5e56a2a86b'),
 ('57', '1', 'Google URL', 'googleUrl', 'global', '', '0', 'PlainText', '{\"placeholder\":\"\",\"maxLength\":\"\",\"multiline\":\"\",\"initialRows\":\"4\"}', '2017-10-17 20:50:56', '2017-10-17 20:50:56', '29070397-9070-4bf4-96f5-fb229052007d');



DROP TABLE IF EXISTS `craft_globalsets`;


--
-- Schema for table `craft_globalsets`
--
CREATE TABLE `craft_globalsets` (
  `id` int(11) NOT NULL,
  `name` varchar(255) COLLATE utf8_unicode_ci NOT NULL,
  `handle` varchar(255) COLLATE utf8_unicode_ci NOT NULL,
  `fieldLayoutId` int(10) DEFAULT NULL,
  `dateCreated` datetime NOT NULL,
  `dateUpdated` datetime NOT NULL,
  `uid` char(36) COLLATE utf8_unicode_ci NOT NULL DEFAULT '0',
  PRIMARY KEY (`id`),
  UNIQUE KEY `craft_globalsets_name_unq_idx` (`name`),
  UNIQUE KEY `craft_globalsets_handle_unq_idx` (`handle`),
  KEY `craft_globalsets_fieldLayoutId_fk` (`fieldLayoutId`)
) ENGINE=InnoDB DEFAULT CHARSET=utf8 COLLATE=utf8_unicode_ci;

--
-- Data for table `craft_globalsets`
--

INSERT INTO `craft_globalsets` (`id`, `name`, `handle`, `fieldLayoutId`, `dateCreated`, `dateUpdated`, `uid`) VALUES
 ('10', 'Footer', 'footer', '115', '2017-01-24 16:31:35', '2017-10-17 20:30:02', '06d0c9ff-7c97-42d8-922c-baee26b2ad18'),
 ('11', 'Header', 'header', '20', '2017-01-24 16:31:51', '2017-01-24 16:32:41', '4048044e-d207-4922-b6e8-943e12656ac7'),
 ('109', 'UI', 'ui', '114', '2017-10-17 19:15:45', '2017-10-17 19:15:45', '3415600b-ee01-44d9-8280-2e736dc93086');



DROP TABLE IF EXISTS `craft_info`;


--
-- Schema for table `craft_info`
--
CREATE TABLE `craft_info` (
  `id` int(11) NOT NULL AUTO_INCREMENT,
  `version` varchar(50) COLLATE utf8_unicode_ci NOT NULL,
  `schemaVersion` varchar(15) COLLATE utf8_unicode_ci NOT NULL,
  `edition` tinyint(1) unsigned NOT NULL DEFAULT '0',
  `siteName` varchar(100) COLLATE utf8_unicode_ci NOT NULL,
  `siteUrl` varchar(255) COLLATE utf8_unicode_ci NOT NULL,
  `timezone` varchar(30) COLLATE utf8_unicode_ci DEFAULT NULL,
  `on` tinyint(1) unsigned NOT NULL DEFAULT '0',
  `maintenance` tinyint(1) unsigned NOT NULL DEFAULT '0',
  `dateCreated` datetime NOT NULL,
  `dateUpdated` datetime NOT NULL,
  `uid` char(36) COLLATE utf8_unicode_ci NOT NULL DEFAULT '0',
  PRIMARY KEY (`id`)
) ENGINE=InnoDB AUTO_INCREMENT=2 DEFAULT CHARSET=utf8 COLLATE=utf8_unicode_ci;

--
-- Data for table `craft_info`
--

INSERT INTO `craft_info` (`id`, `version`, `schemaVersion`, `edition`, `siteName`, `siteUrl`, `timezone`, `on`, `maintenance`, `dateCreated`, `dateUpdated`, `uid`) VALUES
 ('1', '2.6.2991', '2.6.10', '0', 'Treno Kent', 'http://trenokent.com/production', 'America/New_York', '1', '1', '2017-01-24 03:51:09', '2017-11-09 19:34:30', 'f8104a9e-a6ee-43dd-a6ac-d34eadd95dbf');



DROP TABLE IF EXISTS `craft_locales`;


--
-- Schema for table `craft_locales`
--
CREATE TABLE `craft_locales` (
  `locale` char(12) COLLATE utf8_unicode_ci NOT NULL,
  `sortOrder` smallint(6) unsigned DEFAULT NULL,
  `dateCreated` datetime NOT NULL,
  `dateUpdated` datetime NOT NULL,
  `uid` char(36) COLLATE utf8_unicode_ci NOT NULL DEFAULT '0',
  PRIMARY KEY (`locale`),
  KEY `craft_locales_sortOrder_idx` (`sortOrder`)
) ENGINE=InnoDB DEFAULT CHARSET=utf8 COLLATE=utf8_unicode_ci;

--
-- Data for table `craft_locales`
--

INSERT INTO `craft_locales` (`locale`, `sortOrder`, `dateCreated`, `dateUpdated`, `uid`) VALUES
 ('en_us', '1', '2017-01-24 03:51:09', '2017-01-24 03:51:09', '800cf736-4ffc-4016-9bad-6b02226731de');



DROP TABLE IF EXISTS `craft_matrixblocks`;


--
-- Schema for table `craft_matrixblocks`
--
CREATE TABLE `craft_matrixblocks` (
  `id` int(11) NOT NULL,
  `ownerId` int(11) NOT NULL,
  `fieldId` int(11) NOT NULL,
  `typeId` int(11) DEFAULT NULL,
  `sortOrder` smallint(6) unsigned DEFAULT NULL,
  `ownerLocale` char(12) COLLATE utf8_unicode_ci DEFAULT NULL,
  `dateCreated` datetime NOT NULL,
  `dateUpdated` datetime NOT NULL,
  `uid` char(36) COLLATE utf8_unicode_ci NOT NULL DEFAULT '0',
  PRIMARY KEY (`id`),
  KEY `craft_matrixblocks_ownerId_idx` (`ownerId`),
  KEY `craft_matrixblocks_fieldId_idx` (`fieldId`),
  KEY `craft_matrixblocks_typeId_idx` (`typeId`),
  KEY `craft_matrixblocks_sortOrder_idx` (`sortOrder`),
  KEY `craft_matrixblocks_ownerLocale_fk` (`ownerLocale`)
) ENGINE=InnoDB DEFAULT CHARSET=utf8 COLLATE=utf8_unicode_ci;

--
-- Data for table `craft_matrixblocks`
--

INSERT INTO `craft_matrixblocks` (`id`, `ownerId`, `fieldId`, `typeId`, `sortOrder`, `ownerLocale`, `dateCreated`, `dateUpdated`, `uid`) VALUES
 ('34', '8', '12', '1', '1', NULL, '2017-02-02 17:43:02', '2017-03-21 15:35:06', '9898f839-48d1-46d7-9966-aa2dd74c0802'),
 ('35', '8', '12', '2', '2', NULL, '2017-02-02 17:43:02', '2017-03-21 15:35:06', '1eb51572-b751-43e2-8442-7adc5de3489e'),
 ('106', '10', '52', '3', '1', NULL, '2017-09-28 19:03:10', '2017-10-17 20:30:46', '11e7a451-b4d7-47ab-866e-018eadd72fdd'),
 ('107', '10', '52', '3', '2', NULL, '2017-09-28 19:03:10', '2017-10-17 20:30:46', '490a8e51-9634-489f-810a-55e4efc1f0be');



DROP TABLE IF EXISTS `craft_matrixblocktypes`;


--
-- Schema for table `craft_matrixblocktypes`
--
CREATE TABLE `craft_matrixblocktypes` (
  `id` int(11) NOT NULL AUTO_INCREMENT,
  `fieldId` int(11) NOT NULL,
  `fieldLayoutId` int(11) DEFAULT NULL,
  `name` varchar(255) COLLATE utf8_unicode_ci NOT NULL,
  `handle` varchar(255) COLLATE utf8_unicode_ci NOT NULL,
  `sortOrder` smallint(6) unsigned DEFAULT NULL,
  `dateCreated` datetime NOT NULL,
  `dateUpdated` datetime NOT NULL,
  `uid` char(36) COLLATE utf8_unicode_ci NOT NULL DEFAULT '0',
  PRIMARY KEY (`id`),
  UNIQUE KEY `craft_matrixblocktypes_name_fieldId_unq_idx` (`name`,`fieldId`),
  UNIQUE KEY `craft_matrixblocktypes_handle_fieldId_unq_idx` (`handle`,`fieldId`),
  KEY `craft_matrixblocktypes_fieldId_fk` (`fieldId`),
  KEY `craft_matrixblocktypes_fieldLayoutId_fk` (`fieldLayoutId`)
) ENGINE=InnoDB AUTO_INCREMENT=4 DEFAULT CHARSET=utf8 COLLATE=utf8_unicode_ci;

--
-- Data for table `craft_matrixblocktypes`
--

INSERT INTO `craft_matrixblocktypes` (`id`, `fieldId`, `fieldLayoutId`, `name`, `handle`, `sortOrder`, `dateCreated`, `dateUpdated`, `uid`) VALUES
 ('1', '12', '43', 'Text', 'text', '1', '2017-02-02 17:36:12', '2017-02-02 17:36:12', '4a01d84f-1df3-43ce-beeb-d1fb57ba2be7'),
 ('2', '12', '44', 'Image', 'image', '2', '2017-02-02 17:36:12', '2017-02-02 17:36:12', 'f2e8bcbd-6257-4710-83d5-2076d7625b4a'),
 ('3', '52', '108', 'Social Media', 'socialMedia', '1', '2017-09-28 19:02:25', '2017-09-28 19:02:25', 'a4482d3b-3c74-4824-ac1c-f8f3b2d6d4b5');



DROP TABLE IF EXISTS `craft_matrixcontent_contentblocks`;


--
-- Schema for table `craft_matrixcontent_contentblocks`
--
CREATE TABLE `craft_matrixcontent_contentblocks` (
  `id` int(11) NOT NULL AUTO_INCREMENT,
  `elementId` int(11) NOT NULL,
  `locale` char(12) COLLATE utf8_unicode_ci NOT NULL,
  `field_text_textBlock` text COLLATE utf8_unicode_ci,
  `dateCreated` datetime NOT NULL,
  `dateUpdated` datetime NOT NULL,
  `uid` char(36) COLLATE utf8_unicode_ci NOT NULL DEFAULT '0',
  PRIMARY KEY (`id`),
  UNIQUE KEY `craft_matrixcontent_contentblocks_elementId_locale_unq_idx` (`elementId`,`locale`),
  KEY `craft_matrixcontent_contentblocks_locale_fk` (`locale`)
) ENGINE=InnoDB AUTO_INCREMENT=3 DEFAULT CHARSET=utf8 COLLATE=utf8_unicode_ci;

--
-- Data for table `craft_matrixcontent_contentblocks`
--

INSERT INTO `craft_matrixcontent_contentblocks` (`id`, `elementId`, `locale`, `field_text_textBlock`, `dateCreated`, `dateUpdated`, `uid`) VALUES
 ('1', '34', 'en_us', '<p>Testing information for the matrix field</p>', '2017-02-02 17:43:02', '2017-03-21 15:35:06', '981cb0f4-65de-45ce-a035-a8f7b9a8ab2a'),
 ('2', '35', 'en_us', NULL, '2017-02-02 17:43:02', '2017-03-21 15:35:06', '14eca3dd-2b0b-4d0b-8dcb-32536a027553');



DROP TABLE IF EXISTS `craft_matrixcontent_socialmedia`;


--
-- Schema for table `craft_matrixcontent_socialmedia`
--
CREATE TABLE `craft_matrixcontent_socialmedia` (
  `id` int(11) NOT NULL AUTO_INCREMENT,
  `elementId` int(11) NOT NULL,
  `locale` char(12) COLLATE utf8_unicode_ci NOT NULL,
  `field_socialMedia_socialName` text COLLATE utf8_unicode_ci,
  `field_socialMedia_address` text COLLATE utf8_unicode_ci,
  `dateCreated` datetime NOT NULL,
  `dateUpdated` datetime NOT NULL,
  `uid` char(36) COLLATE utf8_unicode_ci NOT NULL DEFAULT '0',
  PRIMARY KEY (`id`),
  UNIQUE KEY `craft_matrixcontent_socialmedia_elementId_locale_unq_idx` (`elementId`,`locale`),
  KEY `craft_matrixcontent_socialmedia_locale_fk` (`locale`)
) ENGINE=InnoDB AUTO_INCREMENT=3 DEFAULT CHARSET=utf8 COLLATE=utf8_unicode_ci;

--
-- Data for table `craft_matrixcontent_socialmedia`
--

INSERT INTO `craft_matrixcontent_socialmedia` (`id`, `elementId`, `locale`, `field_socialMedia_socialName`, `field_socialMedia_address`, `dateCreated`, `dateUpdated`, `uid`) VALUES
 ('1', '106', 'en_us', 'Twitter', 'http://www.twitter.com', '2017-09-28 19:03:10', '2017-10-17 20:30:46', 'e36be676-5536-4a86-b5c8-b387cb4184e5'),
 ('2', '107', 'en_us', 'Facebook', 'http://www.facebook.com', '2017-09-28 19:03:10', '2017-10-17 20:30:46', 'a348c909-b775-4709-8ee7-e7af6c562d42');



DROP TABLE IF EXISTS `craft_migrations`;


--
-- Schema for table `craft_migrations`
--
CREATE TABLE `craft_migrations` (
  `id` int(11) NOT NULL AUTO_INCREMENT,
  `pluginId` int(11) DEFAULT NULL,
  `version` varchar(255) COLLATE utf8_unicode_ci NOT NULL,
  `applyTime` datetime NOT NULL,
  `dateCreated` datetime NOT NULL,
  `dateUpdated` datetime NOT NULL,
  `uid` char(36) COLLATE utf8_unicode_ci NOT NULL DEFAULT '0',
  PRIMARY KEY (`id`),
  UNIQUE KEY `craft_migrations_version_unq_idx` (`version`),
  KEY `craft_migrations_pluginId_fk` (`pluginId`)
) ENGINE=InnoDB AUTO_INCREMENT=69 DEFAULT CHARSET=utf8 COLLATE=utf8_unicode_ci;

--
-- Data for table `craft_migrations`
--

INSERT INTO `craft_migrations` (`id`, `pluginId`, `version`, `applyTime`, `dateCreated`, `dateUpdated`, `uid`) VALUES
 ('1', NULL, 'm000000_000000_base', '2017-01-24 03:51:09', '2017-01-24 03:51:09', '2017-01-24 03:51:09', '1f110924-8875-40d6-b9b8-8f3c79b0698e'),
 ('2', NULL, 'm140730_000001_add_filename_and_format_to_transformindex', '2017-01-24 03:51:09', '2017-01-24 03:51:09', '2017-01-24 03:51:09', 'd90bddcf-2d40-456a-9b9f-6b2c705d5892'),
 ('3', NULL, 'm140815_000001_add_format_to_transforms', '2017-01-24 03:51:09', '2017-01-24 03:51:09', '2017-01-24 03:51:09', '1346a499-a20a-44e4-9249-22848b4cc2cb'),
 ('4', NULL, 'm140822_000001_allow_more_than_128_items_per_field', '2017-01-24 03:51:09', '2017-01-24 03:51:09', '2017-01-24 03:51:09', '8fa13b03-c121-4c6c-87b7-93ad2b05f93e'),
 ('5', NULL, 'm140829_000001_single_title_formats', '2017-01-24 03:51:09', '2017-01-24 03:51:09', '2017-01-24 03:51:09', '2530a034-0f49-43a4-946b-4f24a73b1d43'),
 ('6', NULL, 'm140831_000001_extended_cache_keys', '2017-01-24 03:51:09', '2017-01-24 03:51:09', '2017-01-24 03:51:09', '5e19bfff-3edd-4099-8f16-3e8b77b4a99e'),
 ('7', NULL, 'm140922_000001_delete_orphaned_matrix_blocks', '2017-01-24 03:51:09', '2017-01-24 03:51:09', '2017-01-24 03:51:09', 'aecb5562-c485-4ccc-8183-32c1a0f77327'),
 ('8', NULL, 'm141008_000001_elements_index_tune', '2017-01-24 03:51:09', '2017-01-24 03:51:09', '2017-01-24 03:51:09', '4362a32d-adc4-463e-b79c-5a1bb23a22f0'),
 ('9', NULL, 'm141009_000001_assets_source_handle', '2017-01-24 03:51:09', '2017-01-24 03:51:09', '2017-01-24 03:51:09', 'c9a8f4e1-315b-4a26-a90e-5e934fb2fca3'),
 ('10', NULL, 'm141024_000001_field_layout_tabs', '2017-01-24 03:51:09', '2017-01-24 03:51:09', '2017-01-24 03:51:09', '089f566a-8667-4aaa-adc9-af4219579b46'),
 ('11', NULL, 'm141030_000000_plugin_schema_versions', '2017-01-24 03:51:09', '2017-01-24 03:51:09', '2017-01-24 03:51:09', 'af78472d-d7d0-4da9-8f84-af01cf037034'),
 ('12', NULL, 'm141030_000001_drop_structure_move_permission', '2017-01-24 03:51:09', '2017-01-24 03:51:09', '2017-01-24 03:51:09', '02c77709-b7ed-4d43-8ae9-f1b06f6127f5'),
 ('13', NULL, 'm141103_000001_tag_titles', '2017-01-24 03:51:09', '2017-01-24 03:51:09', '2017-01-24 03:51:09', 'f1f1745f-c9cf-4149-b913-daaf38c6090c'),
 ('14', NULL, 'm141109_000001_user_status_shuffle', '2017-01-24 03:51:09', '2017-01-24 03:51:09', '2017-01-24 03:51:09', '85f84711-948b-4d6c-9af6-794dcb5bf869'),
 ('15', NULL, 'm141126_000001_user_week_start_day', '2017-01-24 03:51:09', '2017-01-24 03:51:09', '2017-01-24 03:51:09', '629b0b90-a345-44f2-958f-3899a35af336'),
 ('16', NULL, 'm150210_000001_adjust_user_photo_size', '2017-01-24 03:51:09', '2017-01-24 03:51:09', '2017-01-24 03:51:09', '03e858fc-2a22-45ee-973a-58be4133d948'),
 ('17', NULL, 'm150724_000001_adjust_quality_settings', '2017-01-24 03:51:09', '2017-01-24 03:51:09', '2017-01-24 03:51:09', '24dd6869-a61a-467f-b355-2f35bda4746f'),
 ('18', NULL, 'm150827_000000_element_index_settings', '2017-01-24 03:51:09', '2017-01-24 03:51:09', '2017-01-24 03:51:09', '60f981be-69fd-4760-9d74-6220ebdb7810'),
 ('19', NULL, 'm150918_000001_add_colspan_to_widgets', '2017-01-24 03:51:09', '2017-01-24 03:51:09', '2017-01-24 03:51:09', '3a8f9d12-5cac-4717-b6cd-4c3ad91302da'),
 ('20', NULL, 'm151007_000000_clear_asset_caches', '2017-01-24 03:51:09', '2017-01-24 03:51:09', '2017-01-24 03:51:09', '7d066f0c-7dc6-4233-a04a-422401681986'),
 ('21', NULL, 'm151109_000000_text_url_formats', '2017-01-24 03:51:09', '2017-01-24 03:51:09', '2017-01-24 03:51:09', 'c5ca397d-8944-4ce1-84d7-86399e76a3bb'),
 ('22', NULL, 'm151110_000000_move_logo', '2017-01-24 03:51:09', '2017-01-24 03:51:09', '2017-01-24 03:51:09', 'b7e679c5-3539-49c4-ad1a-82e72f5a348d'),
 ('23', NULL, 'm151117_000000_adjust_image_widthheight', '2017-01-24 03:51:09', '2017-01-24 03:51:09', '2017-01-24 03:51:09', 'a3eae875-0c3f-46e0-b82b-c63750f605a5'),
 ('24', NULL, 'm151127_000000_clear_license_key_status', '2017-01-24 03:51:09', '2017-01-24 03:51:09', '2017-01-24 03:51:09', '08e391e4-60f4-4cb4-b60d-60f969e7b6a4'),
 ('25', NULL, 'm151127_000000_plugin_license_keys', '2017-01-24 03:51:09', '2017-01-24 03:51:09', '2017-01-24 03:51:09', 'f1bb9fe4-ddb1-4960-895a-4bb1967f54c9'),
 ('26', NULL, 'm151130_000000_update_pt_widget_feeds', '2017-01-24 03:51:09', '2017-01-24 03:51:09', '2017-01-24 03:51:09', 'dc886c6f-647e-46e3-800e-0be08a3b2e43'),
 ('27', NULL, 'm160114_000000_asset_sources_public_url_default_true', '2017-01-24 03:51:09', '2017-01-24 03:51:09', '2017-01-24 03:51:09', 'ecb8eca2-643e-463b-9aae-7cd028401a9c'),
 ('28', NULL, 'm160223_000000_sortorder_to_smallint', '2017-01-24 03:51:09', '2017-01-24 03:51:09', '2017-01-24 03:51:09', '14c8ccae-6cea-42c0-9a73-4aa722a5cf5d'),
 ('29', NULL, 'm160229_000000_set_default_entry_statuses', '2017-01-24 03:51:09', '2017-01-24 03:51:09', '2017-01-24 03:51:09', 'ccd5451c-b22d-4285-92e0-188aa22fd56e'),
 ('30', NULL, 'm160304_000000_client_permissions', '2017-01-24 03:51:09', '2017-01-24 03:51:09', '2017-01-24 03:51:09', '91e60924-8aa3-42d8-b7ae-621408eb493b'),
 ('31', NULL, 'm160322_000000_asset_filesize', '2017-01-24 03:51:09', '2017-01-24 03:51:09', '2017-01-24 03:51:09', '599c9089-1b93-4ea9-8a72-5af250c735ea'),
 ('32', NULL, 'm160503_000000_orphaned_fieldlayouts', '2017-01-24 03:51:09', '2017-01-24 03:51:09', '2017-01-24 03:51:09', 'eb34a5fd-6d06-47b4-a406-b838dc8ccfe0'),
 ('33', NULL, 'm160510_000000_tasksettings', '2017-01-24 03:51:09', '2017-01-24 03:51:09', '2017-01-24 03:51:09', '12fbacec-deb8-48a8-a961-5e925984be67'),
 ('34', NULL, 'm160829_000000_pending_user_content_cleanup', '2017-01-24 03:51:09', '2017-01-24 03:51:09', '2017-01-24 03:51:09', 'f7ecc74b-c95a-4f0b-a3f2-0187f2560000'),
 ('35', NULL, 'm160830_000000_asset_index_uri_increase', '2017-01-24 03:51:09', '2017-01-24 03:51:09', '2017-01-24 03:51:09', '407b7ea7-c36c-4711-8961-649bf0ba4bf8'),
 ('36', NULL, 'm160919_000000_usergroup_handle_title_unique', '2017-01-24 03:51:09', '2017-01-24 03:51:09', '2017-01-24 03:51:09', '717486be-b856-4f64-8939-b7eda8422d39'),
 ('37', NULL, 'm161108_000000_new_version_format', '2017-01-24 03:51:09', '2017-01-24 03:51:09', '2017-01-24 03:51:09', 'cc658f15-9a8c-4f2c-82e4-f5c103c1051a'),
 ('38', NULL, 'm161109_000000_index_shuffle', '2017-01-24 03:51:09', '2017-01-24 03:51:09', '2017-01-24 03:51:09', '57a2ed4c-90f3-412b-9266-c44edfaaee58'),
 ('39', '1', 'm151225_000000_seomatic_addHumansField', '2017-02-21 17:07:11', '2017-02-21 17:07:11', '2017-02-21 17:07:11', '50f908ac-939e-44cc-989f-2ffa0c2f89b0'),
 ('40', '1', 'm151226_000000_seomatic_addTwitterFacebookFields', '2017-02-21 17:07:11', '2017-02-21 17:07:11', '2017-02-21 17:07:11', 'eb08cf9b-d0ee-45a8-900e-b185fac04a69'),
 ('41', '1', 'm160101_000000_seomatic_addRobotsFields', '2017-02-21 17:07:11', '2017-02-21 17:07:11', '2017-02-21 17:07:11', '49364be3-cf2d-4b1f-8945-0d087b27194b'),
 ('42', '1', 'm160111_000000_seomatic_addTitleFields', '2017-02-21 17:07:11', '2017-02-21 17:07:11', '2017-02-21 17:07:11', '4dda3200-0c0c-4d6f-9e65-e3c030a0c2a3'),
 ('43', '1', 'm160122_000000_seomatic_addTypeFields', '2017-02-21 17:07:11', '2017-02-21 17:07:11', '2017-02-21 17:07:11', '2768d535-c125-48b2-8fe2-7f3ce07b7e2d'),
 ('44', '1', 'm160123_000000_seomatic_addOpeningHours', '2017-02-21 17:07:11', '2017-02-21 17:07:11', '2017-02-21 17:07:11', '1c21cb4b-f504-4cb1-ad69-34a7702799e3'),
 ('45', '1', 'm160202_000000_seomatic_addSocialHandles', '2017-02-21 17:07:11', '2017-02-21 17:07:11', '2017-02-21 17:07:11', 'e3c44bbd-ba8e-44b3-a405-601d4cb8a20a'),
 ('46', '1', 'm160204_000000_seomatic_addGoogleAnalytics', '2017-02-21 17:07:11', '2017-02-21 17:07:11', '2017-02-21 17:07:11', '61adcf1f-9b42-4626-81fe-8e2167418fda'),
 ('47', '1', 'm160205_000000_seomatic_addResturantMenu', '2017-02-21 17:07:11', '2017-02-21 17:07:11', '2017-02-21 17:07:11', '8f780d3e-ddc8-41ff-8542-ec5e64cc220f'),
 ('48', '1', 'm160206_000000_seomatic_addGoogleAnalyticsPlugins', '2017-02-21 17:07:11', '2017-02-21 17:07:11', '2017-02-21 17:07:11', '4fc13bf9-32f2-4fd8-a3e2-23ff923ee95d'),
 ('49', '1', 'm160206_000000_seomatic_addGoogleAnalyticsSendPageView', '2017-02-21 17:07:11', '2017-02-21 17:07:11', '2017-02-21 17:07:11', '9b9984c4-15e7-40e3-84ae-7661bfb69525'),
 ('50', '1', 'm160209_000000_seomatic_alterDescriptionsColumns', '2017-02-21 17:07:11', '2017-02-21 17:07:11', '2017-02-21 17:07:11', '6c61b671-7ad6-4e10-9a1b-b04b54b499ca'),
 ('51', '1', 'm160209_000001_seomatic_addRobotsTxt', '2017-02-21 17:07:11', '2017-02-21 17:07:11', '2017-02-21 17:07:11', 'a3602ca9-a3a8-44cf-82c8-c3bd73cc3c62'),
 ('52', '1', 'm160227_000000_seomatic_addFacebookAppId', '2017-02-21 17:07:11', '2017-02-21 17:07:11', '2017-02-21 17:07:11', '2b1960b0-006d-4593-9f7d-5027be239ad5'),
 ('53', '1', 'm160416_000000_seomatic_addContactPoints', '2017-02-21 17:07:11', '2017-02-21 17:07:11', '2017-02-21 17:07:11', '83dff77e-3ce4-47b3-ab9c-ed0756f08c16'),
 ('54', '1', 'm160509_000000_seomatic_addSiteLinksBing', '2017-02-21 17:07:11', '2017-02-21 17:07:12', '2017-02-21 17:07:12', '739bec6e-e5cc-45b2-bb88-251fc08f313c'),
 ('55', '1', 'm160707_000000_seomatic_addGoogleTagManager', '2017-02-21 17:07:11', '2017-02-21 17:07:12', '2017-02-21 17:07:12', 'a6ea5bca-4494-40df-81be-27184e228ecf'),
 ('56', '1', 'm160715_000000_seomatic_addSeoImageTransforms', '2017-02-21 17:07:11', '2017-02-21 17:07:12', '2017-02-21 17:07:12', '301e2136-ab66-42dc-ab30-64fa063c2342'),
 ('57', '1', 'm160723_000000_seomatic_addSeoMainEntityOfPage', '2017-02-21 17:07:11', '2017-02-21 17:07:12', '2017-02-21 17:07:12', 'ae5417f0-fcfa-4a96-a1ac-17ebb96f9a0e'),
 ('58', '1', 'm160724_000000_seomatic_addSeoMainEntityCategory', '2017-02-21 17:07:11', '2017-02-21 17:07:12', '2017-02-21 17:07:12', '18db2586-fc3a-4939-a995-e3454c36bb92'),
 ('59', '1', 'm160811_000000_seomatic_addVimeo', '2017-02-21 17:07:11', '2017-02-21 17:07:12', '2017-02-21 17:07:12', 'c21073c1-750a-4ac9-adf2-2247d9e1c512'),
 ('60', '1', 'm160904_000000_seomatic_addTwitterFacebookImages', '2017-02-21 17:07:11', '2017-02-21 17:07:12', '2017-02-21 17:07:12', 'c6540654-4a1f-4f04-b37a-1e4762dc3205'),
 ('61', '1', 'm161220_000000_seomatic_addPriceRange', '2017-02-21 17:07:11', '2017-02-21 17:07:12', '2017-02-21 17:07:12', '99989390-839a-49c0-b384-bebd3547530c'),
 ('62', '1', 'm170212_000000_seomatic_addGoogleAnalyticsAnonymizeIp', '2017-02-21 17:07:11', '2017-02-21 17:07:12', '2017-02-21 17:07:12', '5f3a16d3-1519-4302-81d2-95a09d85ddd1'),
 ('63', '1', 'm170212_000000_seomatic_addWikipedia', '2017-02-21 17:07:11', '2017-02-21 17:07:12', '2017-02-21 17:07:12', 'c47c7e36-2711-4615-81e3-a5f689dba844'),
 ('64', '2', 'm150212_145000_AmNav_renamePagesToNodes', '2017-02-27 16:27:10', '2017-02-27 16:27:10', '2017-02-27 16:27:10', '9231b6fa-1de4-4ece-9bd8-7d2c338180fa'),
 ('65', '2', 'm150217_112800_AmNav_expandPageData', '2017-02-27 16:27:10', '2017-02-27 16:27:10', '2017-02-27 16:27:10', '4a249099-4944-4db9-95c8-6ac964cde09d'),
 ('66', '2', 'm150403_093000_AmNav_nodesWithElements', '2017-02-27 16:27:10', '2017-02-27 16:27:10', '2017-02-27 16:27:10', '9929fc63-b894-4476-8d79-977fd5ae59d9'),
 ('67', '2', 'm150512_105600_AmNav_addOptionalClass', '2017-02-27 16:27:10', '2017-02-27 16:27:10', '2017-02-27 16:27:10', '8f1ed96b-05b7-4c09-8ce2-df203be0b081'),
 ('68', NULL, 'm170612_000000_route_index_shuffle', '2017-10-04 21:50:02', '2017-10-04 21:50:02', '2017-10-04 21:50:02', '4b1b512d-9827-490d-af53-81129797f0b4');



DROP TABLE IF EXISTS `craft_plugins`;


--
-- Schema for table `craft_plugins`
--
CREATE TABLE `craft_plugins` (
  `id` int(11) NOT NULL AUTO_INCREMENT,
  `class` varchar(150) COLLATE utf8_unicode_ci NOT NULL,
  `version` varchar(15) COLLATE utf8_unicode_ci NOT NULL,
  `schemaVersion` varchar(15) COLLATE utf8_unicode_ci DEFAULT NULL,
  `licenseKey` char(24) COLLATE utf8_unicode_ci DEFAULT NULL,
  `licenseKeyStatus` enum('valid','invalid','mismatched','unknown') COLLATE utf8_unicode_ci NOT NULL DEFAULT 'unknown',
  `enabled` tinyint(1) unsigned NOT NULL DEFAULT '0',
  `settings` text COLLATE utf8_unicode_ci,
  `installDate` datetime NOT NULL,
  `dateCreated` datetime NOT NULL,
  `dateUpdated` datetime NOT NULL,
  `uid` char(36) COLLATE utf8_unicode_ci NOT NULL DEFAULT '0',
  PRIMARY KEY (`id`)
) ENGINE=InnoDB AUTO_INCREMENT=6 DEFAULT CHARSET=utf8 COLLATE=utf8_unicode_ci;

--
-- Data for table `craft_plugins`
--

INSERT INTO `craft_plugins` (`id`, `class`, `version`, `schemaVersion`, `licenseKey`, `licenseKeyStatus`, `enabled`, `settings`, `installDate`, `dateCreated`, `dateUpdated`, `uid`) VALUES
 ('1', 'Seomatic', '1.1.51', '1.1.25', NULL, 'unknown', '1', NULL, '2017-02-21 17:07:11', '2017-02-21 17:07:11', '2017-11-09 19:34:29', 'ae6b1bda-539f-41b4-aea0-e7f67a2b8e7f'),
 ('2', 'AmNav', '1.8.0', '1.7.4', NULL, 'unknown', '1', '{\"pluginName\":\"Navigation\",\"canDoActions\":\"\",\"quietErrors\":\"\"}', '2017-02-27 16:27:10', '2017-02-27 16:27:10', '2017-11-09 19:34:29', '901a3427-edba-44fb-b2d6-1dc0212d9bbe'),
 ('3', 'Adminbar', '2.1.2', '2.0.0', NULL, 'unknown', '1', NULL, '2017-09-26 18:22:36', '2017-09-26 18:22:36', '2017-11-09 19:34:29', 'bb0e8d45-2941-4b8d-a3b1-a4fe786ce440'),
 ('4', 'CpFieldLinks', '1.2.2', '1.0', NULL, 'unknown', '1', NULL, '2017-09-26 18:22:44', '2017-09-26 18:22:44', '2017-11-09 19:34:29', '6c42e9d0-9840-4df0-aff9-0c83bfb56765'),
 ('5', 'MNBreakAndContinue', '1.1.2', NULL, NULL, 'unknown', '1', NULL, '2017-09-26 19:44:58', '2017-09-26 19:44:58', '2017-11-09 19:34:29', 'aeb1a56d-130f-4084-8f26-dc08970dba76');



DROP TABLE IF EXISTS `craft_rackspaceaccess`;


--
-- Schema for table `craft_rackspaceaccess`
--
CREATE TABLE `craft_rackspaceaccess` (
  `id` int(11) NOT NULL AUTO_INCREMENT,
  `connectionKey` varchar(255) COLLATE utf8_unicode_ci NOT NULL,
  `token` varchar(255) COLLATE utf8_unicode_ci NOT NULL,
  `storageUrl` varchar(255) COLLATE utf8_unicode_ci NOT NULL,
  `cdnUrl` varchar(255) COLLATE utf8_unicode_ci NOT NULL,
  `dateCreated` datetime NOT NULL,
  `dateUpdated` datetime NOT NULL,
  `uid` char(36) COLLATE utf8_unicode_ci NOT NULL DEFAULT '0',
  PRIMARY KEY (`id`),
  UNIQUE KEY `craft_rackspaceaccess_connectionKey_unq_idx` (`connectionKey`)
) ENGINE=InnoDB DEFAULT CHARSET=utf8 COLLATE=utf8_unicode_ci;

DROP TABLE IF EXISTS `craft_relations`;


--
-- Schema for table `craft_relations`
--
CREATE TABLE `craft_relations` (
  `id` int(11) NOT NULL AUTO_INCREMENT,
  `fieldId` int(11) NOT NULL,
  `sourceId` int(11) NOT NULL,
  `sourceLocale` char(12) COLLATE utf8_unicode_ci DEFAULT NULL,
  `targetId` int(11) NOT NULL,
  `sortOrder` smallint(6) DEFAULT NULL,
  `dateCreated` datetime NOT NULL,
  `dateUpdated` datetime NOT NULL,
  `uid` char(36) COLLATE utf8_unicode_ci NOT NULL DEFAULT '0',
  PRIMARY KEY (`id`),
  UNIQUE KEY `craft_relations_fieldId_sourceId_sourceLocale_targetId_unq_idx` (`fieldId`,`sourceId`,`sourceLocale`,`targetId`),
  KEY `craft_relations_sourceId_fk` (`sourceId`),
  KEY `craft_relations_sourceLocale_fk` (`sourceLocale`),
  KEY `craft_relations_targetId_fk` (`targetId`)
) ENGINE=InnoDB AUTO_INCREMENT=426 DEFAULT CHARSET=utf8 COLLATE=utf8_unicode_ci;

--
-- Data for table `craft_relations`
--

INSERT INTO `craft_relations` (`id`, `fieldId`, `sourceId`, `sourceLocale`, `targetId`, `sortOrder`, `dateCreated`, `dateUpdated`, `uid`) VALUES
 ('22', '6', '24', NULL, '5', '1', '2017-01-31 17:05:35', '2017-01-31 17:05:35', '25fd85bb-fc46-4f6d-8d84-8a21f6d41ce7'),
 ('23', '11', '24', NULL, '23', '1', '2017-01-31 17:05:35', '2017-01-31 17:05:35', '91e94f0b-fc8c-47f6-af7a-82bea58c2fb5'),
 ('43', '6', '26', NULL, '25', '1', '2017-02-09 17:07:04', '2017-02-09 17:07:04', 'c6559191-356c-4c3d-ba72-0166f2ee79c5'),
 ('44', '11', '26', NULL, '23', '1', '2017-02-09 17:07:04', '2017-02-09 17:07:04', 'dbe7bf73-9d4a-4cd8-97b1-9698933471b2'),
 ('45', '16', '26', NULL, '28', '1', '2017-02-09 17:07:04', '2017-02-09 17:07:04', '444efcf9-d609-4fd2-aac9-f41f20e98e16'),
 ('46', '16', '26', NULL, '29', '2', '2017-02-09 17:07:04', '2017-02-09 17:07:04', 'b8834c9d-e265-4912-8e11-5b85360bfb0f'),
 ('79', '28', '14', NULL, '51', '1', '2017-02-14 16:26:31', '2017-02-14 16:26:31', '276d3134-9190-4a6d-bd6c-41962aca48f1'),
 ('111', '33', '28', NULL, '56', '1', '2017-03-06 15:32:58', '2017-03-06 15:32:58', '75e6c4bd-d194-4429-8894-25b59428c3d5'),
 ('121', '9', '11', NULL, '77', '1', '2017-03-09 15:07:41', '2017-03-09 15:07:41', '74faec78-f7d3-49cc-86a9-384d3c76a8e6'),
 ('139', '14', '35', NULL, '13', '1', '2017-03-21 15:35:06', '2017-03-21 15:35:06', 'dcabb0d1-8f70-464e-9680-26f12451173a'),
 ('164', '6', '83', NULL, '85', '1', '2017-04-20 13:24:49', '2017-04-20 13:24:49', '603fac55-0d20-4cd1-a5d9-ef021f50ce65'),
 ('165', '16', '83', NULL, '81', '1', '2017-04-20 13:24:49', '2017-04-20 13:24:49', '8107b94b-2c2c-4ec7-8b10-cee5758a14af'),
 ('166', '27', '50', NULL, '49', '1', '2017-05-12 15:59:43', '2017-05-12 15:59:43', 'eeb0e1e5-9592-495e-88b0-5f8ac5150672'),
 ('174', '6', '88', NULL, '25', '1', '2017-06-06 15:10:07', '2017-06-06 15:10:07', '2ca047fe-31a1-40cc-997c-81371d5a3241'),
 ('175', '16', '88', NULL, '28', '1', '2017-06-06 15:10:07', '2017-06-06 15:10:07', '575b8638-5aea-4454-94ee-ba6f1357cc17'),
 ('176', '16', '88', NULL, '29', '2', '2017-06-06 15:10:07', '2017-06-06 15:10:07', 'eea16126-c11c-4f39-a3e9-33ef4ace4e77'),
 ('177', '19', '88', NULL, '46', '1', '2017-06-06 15:10:07', '2017-06-06 15:10:07', 'd1ce8967-3c78-4808-9f08-1994f4661fab'),
 ('178', '6', '89', NULL, '25', '1', '2017-06-06 15:10:49', '2017-06-06 15:10:49', '7722aa3e-85e7-4675-8846-5f1b9ec2ff6b'),
 ('179', '16', '89', NULL, '28', '1', '2017-06-06 15:10:49', '2017-06-06 15:10:49', 'b758a5da-7355-4cfd-ac33-8c25c8a0d157'),
 ('180', '16', '89', NULL, '29', '2', '2017-06-06 15:10:49', '2017-06-06 15:10:49', '909bda6d-2ea5-49d4-b32a-cf7ae4d572ce'),
 ('181', '19', '89', NULL, '45', '1', '2017-06-06 15:10:49', '2017-06-06 15:10:49', '5533b8a2-3917-431c-8bb9-23cb5a467bd5'),
 ('192', '6', '93', NULL, '5', '1', '2017-06-06 15:14:36', '2017-06-06 15:14:36', '9f8bffa4-7a2c-430d-a960-d4694f447934'),
 ('193', '16', '93', NULL, '63', '1', '2017-06-06 15:14:36', '2017-06-06 15:14:36', '952e8871-ba32-4b07-a71c-4452d461c21f'),
 ('194', '16', '93', NULL, '28', '2', '2017-06-06 15:14:36', '2017-06-06 15:14:36', 'f841cf90-5506-4959-9655-ec0d51bfecd5'),
 ('195', '16', '93', NULL, '29', '3', '2017-06-06 15:14:36', '2017-06-06 15:14:36', 'c830ff7c-c83f-4b19-b4ff-401d350ba032'),
 ('200', '6', '95', NULL, '5', '1', '2017-06-06 15:17:19', '2017-06-06 15:17:19', 'a5058fd7-409c-40df-b474-56b4753ef46d'),
 ('201', '6', '95', NULL, '84', '2', '2017-06-06 15:17:19', '2017-06-06 15:17:19', '397af9f8-2d0e-45f5-9ff6-bdea830fe9fd'),
 ('202', '16', '95', NULL, '63', '1', '2017-06-06 15:17:19', '2017-06-06 15:17:19', '9ff9027c-3eff-4f16-b351-7d59e4a0761c'),
 ('203', '16', '95', NULL, '28', '2', '2017-06-06 15:17:19', '2017-06-06 15:17:19', '529a4b27-a14e-4edb-b8a9-b46bcb034881'),
 ('204', '16', '95', NULL, '29', '3', '2017-06-06 15:17:19', '2017-06-06 15:17:19', '26ce7161-c71b-4d58-a771-592f8d556504'),
 ('209', '6', '97', NULL, '84', '1', '2017-06-06 15:20:49', '2017-06-06 15:20:49', '23d3303d-05fd-4529-a618-282eed3ee535'),
 ('210', '16', '97', NULL, '63', '1', '2017-06-06 15:20:49', '2017-06-06 15:20:49', 'ab7b633b-c5f5-4c41-b96e-1c894db4c07f'),
 ('211', '16', '97', NULL, '28', '2', '2017-06-06 15:20:49', '2017-06-06 15:20:49', '03ea3aa5-48fa-4c0e-9113-8caf6e2687de'),
 ('212', '16', '97', NULL, '29', '3', '2017-06-06 15:20:49', '2017-06-06 15:20:49', '40bf08fc-fbfa-4f60-a42b-b900d28305cd'),
 ('213', '6', '98', NULL, '85', '1', '2017-06-06 15:24:11', '2017-06-06 15:24:11', '3c8617a3-899b-4dd7-9d34-2834961a3784'),
 ('214', '16', '98', NULL, '81', '1', '2017-06-06 15:24:11', '2017-06-06 15:24:11', 'ba5312bb-0aa4-4155-a146-10005ca1f23f'),
 ('215', '6', '99', NULL, '85', '1', '2017-06-06 15:24:40', '2017-06-06 15:24:40', '4254f931-63c0-4f8a-85b9-0f0621cf04f5'),
 ('216', '16', '99', NULL, '81', '1', '2017-06-06 15:24:40', '2017-06-06 15:24:40', '522a6b67-4548-45bc-bec9-bcd8ccbb7634'),
 ('217', '6', '100', NULL, '85', '1', '2017-06-06 15:25:11', '2017-06-06 15:25:11', 'bb16779d-7a10-4d12-8d52-8a53918d0b82'),
 ('218', '16', '100', NULL, '81', '1', '2017-06-06 15:25:11', '2017-06-06 15:25:11', '481b3f92-2a36-49b8-9e34-4ceaf69a84d8'),
 ('219', '6', '101', NULL, '86', '1', '2017-06-06 15:26:06', '2017-06-06 15:26:06', 'f2d33572-66c3-463f-8f97-ba599a0c7ed1'),
 ('220', '16', '101', NULL, '63', '1', '2017-06-06 15:26:06', '2017-06-06 15:26:06', '3197dc16-8be6-4bc8-94ba-9138ff3a8eb8'),
 ('221', '16', '101', NULL, '28', '2', '2017-06-06 15:26:06', '2017-06-06 15:26:06', '7cbced7d-ae60-4d69-808e-f302d24e3db3'),
 ('222', '16', '101', NULL, '29', '3', '2017-06-06 15:26:06', '2017-06-06 15:26:06', 'f8278619-00fb-4236-be75-9e098f227e7b'),
 ('265', '7', '55', NULL, '56', '1', '2017-07-10 16:55:05', '2017-07-10 16:55:05', 'ec7fad49-dd14-4633-a00b-5750e31520a8'),
 ('336', '6', '96', NULL, '5', '1', '2017-09-26 20:08:09', '2017-09-26 20:08:09', '0edb1b93-6e2a-4c36-9477-b53856039ada'),
 ('337', '16', '96', NULL, '63', '1', '2017-09-26 20:08:09', '2017-09-26 20:08:09', 'feb81911-e9f5-49bc-974e-aa12c7afdacc'),
 ('338', '16', '96', NULL, '28', '2', '2017-09-26 20:08:09', '2017-09-26 20:08:09', '8f4290f2-6cab-43e7-b237-99685e7a6949'),
 ('339', '16', '96', NULL, '29', '3', '2017-09-26 20:08:09', '2017-09-26 20:08:09', '75fd4824-09f0-4e56-8648-335e572a95c4'),
 ('340', '6', '90', NULL, '25', '1', '2017-09-26 20:10:59', '2017-09-26 20:10:59', '819e4cfb-b057-4c2b-891e-f7f811e3639e'),
 ('341', '16', '90', NULL, '29', '1', '2017-09-26 20:10:59', '2017-09-26 20:10:59', '4f248ef2-eea2-40c1-acc1-2d1305f55881'),
 ('349', '6', '6', NULL, '5', '1', '2017-09-26 20:39:41', '2017-09-26 20:39:41', 'ff7185ca-4fb6-4521-a55c-12bc59d566a8'),
 ('350', '4', '6', NULL, '7', '1', '2017-09-26 20:39:41', '2017-09-26 20:39:41', 'f81d7802-1242-4164-ab0f-2d4966b31e75'),
 ('355', '6', '91', NULL, '5', '1', '2017-09-28 18:32:39', '2017-09-28 18:32:39', 'e3f52f3f-9f26-47f1-af95-3a3b0e9d5487'),
 ('356', '16', '91', NULL, '63', '1', '2017-09-28 18:32:39', '2017-09-28 18:32:39', '19a87908-5fc4-4ef1-bdd3-481b6aca8414'),
 ('357', '16', '91', NULL, '28', '2', '2017-09-28 18:32:39', '2017-09-28 18:32:39', 'ff3c1a1c-fe29-4fc8-9d93-cab36a17e726'),
 ('358', '16', '91', NULL, '29', '3', '2017-09-28 18:32:39', '2017-09-28 18:32:39', '6eb46b30-9ea0-450e-a64f-506b04580493'),
 ('359', '19', '91', NULL, '43', '1', '2017-09-28 18:32:39', '2017-09-28 18:32:39', '691a9d8b-abd8-4e67-9c14-d8108c9f4ae3'),
 ('365', '6', '94', NULL, '5', '1', '2017-09-28 18:34:09', '2017-09-28 18:34:09', 'fffe03ba-f88b-4db3-83af-cc7649e705c3'),
 ('366', '16', '94', NULL, '63', '1', '2017-09-28 18:34:09', '2017-09-28 18:34:09', '9dfa92b0-49ec-4d8e-8d76-b115a4f99b98'),
 ('367', '16', '94', NULL, '28', '2', '2017-09-28 18:34:09', '2017-09-28 18:34:09', '1ee31ef8-f9d7-4176-b307-6f9b7180bc7a'),
 ('368', '16', '94', NULL, '29', '3', '2017-09-28 18:34:09', '2017-09-28 18:34:09', 'e9b54700-a826-4d33-a02d-82782237c60f'),
 ('369', '19', '94', NULL, '43', '1', '2017-09-28 18:34:09', '2017-09-28 18:34:09', 'fb6f5f29-ed24-4a70-92cc-e6659fbf6910'),
 ('370', '7', '66', NULL, '56', '1', '2017-09-28 18:41:27', '2017-09-28 18:41:27', 'fdb9f49e-3d7b-4abf-af6b-98f2ca1e687e'),
 ('371', '6', '92', NULL, '25', '1', '2017-10-04 20:15:20', '2017-10-04 20:15:20', '422ec952-1928-4a70-ae9b-6d17090522ed'),
 ('372', '16', '92', NULL, '28', '1', '2017-10-04 20:15:20', '2017-10-04 20:15:20', '7624713d-8e29-4b6f-b297-90157053effd'),
 ('373', '16', '92', NULL, '29', '2', '2017-10-04 20:15:20', '2017-10-04 20:15:20', '92ba2065-b79a-4a0e-bceb-21a944ce2eb6'),
 ('374', '6', '64', NULL, '25', '1', '2017-10-04 20:15:30', '2017-10-04 20:15:30', 'bdf4534c-08a7-4227-971c-fd94bebbdfa0'),
 ('375', '16', '64', NULL, '63', '1', '2017-10-04 20:15:30', '2017-10-04 20:15:30', 'd3ae1dce-5868-43fc-b0a4-689e67847d23'),
 ('381', '6', '102', NULL, '86', '1', '2017-10-04 20:25:46', '2017-10-04 20:25:46', '1bf34ad8-65b7-45d6-9b7c-286764976216'),
 ('382', '16', '102', NULL, '63', '1', '2017-10-04 20:25:46', '2017-10-04 20:25:46', '60549b73-8d4e-4e0c-82dd-d22bf84545f4'),
 ('383', '16', '102', NULL, '28', '2', '2017-10-04 20:25:46', '2017-10-04 20:25:46', 'a3e26670-29f8-47bb-858e-6c00da041e6e'),
 ('384', '16', '102', NULL, '29', '3', '2017-10-04 20:25:46', '2017-10-04 20:25:46', 'fcebf471-bdda-4bb7-82d4-95da765a1a00'),
 ('385', '7', '105', NULL, '74', '1', '2017-10-04 20:41:47', '2017-10-04 20:41:47', '981e2408-8607-49de-8f6b-34c9fa442e81'),
 ('395', '41', '109', NULL, '73', '1', '2017-10-17 19:19:22', '2017-10-17 19:19:22', '0db26eb7-18ae-4598-ba4d-8ff7e3e316b9'),
 ('396', '47', '109', NULL, '68', '1', '2017-10-17 19:19:22', '2017-10-17 19:19:22', '172ba18a-8c2b-48ef-bdcf-5245fae7ab57'),
 ('397', '48', '109', NULL, '70', '1', '2017-10-17 19:19:22', '2017-10-17 19:19:22', 'e967089e-ad61-4ceb-bb09-423481b01076'),
 ('415', '6', '82', NULL, '25', '1', '2017-10-19 17:57:38', '2017-10-19 17:57:38', '82c0ed37-e52d-4961-a48c-8fb2fb98c00b'),
 ('416', '19', '82', NULL, '40', '1', '2017-10-19 17:57:38', '2017-10-19 17:57:38', '0bddc73a-794d-4bf4-afe0-05e5aa97e368'),
 ('417', '7', '8', NULL, '74', '1', '2017-11-02 19:59:09', '2017-11-02 19:59:09', '40f52a2c-b0c2-4663-82a8-26a80366da8e'),
 ('418', '29', '8', NULL, '76', '1', '2017-11-02 19:59:09', '2017-11-02 19:59:09', '5ead3038-2993-4e16-983b-458e9a09e2a8'),
 ('419', '7', '14', NULL, '61', '1', '2017-11-07 19:42:43', '2017-11-07 19:42:43', 'd23d9e6a-8bd7-4bf9-8dff-3d546d9df1df'),
 ('420', '41', '14', NULL, '73', '1', '2017-11-07 19:42:43', '2017-11-07 19:42:43', '122a43a7-52d8-4654-b186-11e5edb6d7fe'),
 ('421', '7', '2', NULL, '77', '1', '2017-11-09 19:12:32', '2017-11-09 19:12:32', '33ab220f-02cb-4bef-ac7c-01fa6f873078'),
 ('422', '29', '2', NULL, '76', '1', '2017-11-09 19:12:32', '2017-11-09 19:12:32', '32332680-288a-433c-83e7-48bae27d2977'),
 ('423', '34', '2', NULL, '75', '1', '2017-11-09 19:12:32', '2017-11-09 19:12:32', 'ff321aa1-e38b-4cce-932a-bbe614ce000c'),
 ('424', '38', '2', NULL, '66', '1', '2017-11-09 19:12:32', '2017-11-09 19:12:32', 'aa2c3780-9dc8-4127-ad3f-39dfc98668e3'),
 ('425', '47', '2', NULL, '79', '1', '2017-11-09 19:12:32', '2017-11-09 19:12:32', 'e571b23d-1b1c-4feb-ab1f-422c15577d00');



DROP TABLE IF EXISTS `craft_routes`;


--
-- Schema for table `craft_routes`
--
CREATE TABLE `craft_routes` (
  `id` int(11) NOT NULL AUTO_INCREMENT,
  `locale` char(12) COLLATE utf8_unicode_ci DEFAULT NULL,
  `urlParts` varchar(255) COLLATE utf8_unicode_ci NOT NULL,
  `urlPattern` varchar(255) COLLATE utf8_unicode_ci NOT NULL,
  `template` varchar(255) COLLATE utf8_unicode_ci NOT NULL,
  `sortOrder` smallint(6) unsigned DEFAULT NULL,
  `dateCreated` datetime NOT NULL,
  `dateUpdated` datetime NOT NULL,
  `uid` char(36) COLLATE utf8_unicode_ci NOT NULL DEFAULT '0',
  PRIMARY KEY (`id`),
  KEY `craft_routes_locale_idx` (`locale`),
  KEY `craft_routes_urlPattern_idx` (`urlPattern`)
) ENGINE=InnoDB DEFAULT CHARSET=utf8 COLLATE=utf8_unicode_ci;

DROP TABLE IF EXISTS `craft_searchindex`;


--
-- Schema for table `craft_searchindex`
--
CREATE TABLE `craft_searchindex` (
  `elementId` int(11) NOT NULL,
  `attribute` varchar(25) COLLATE utf8_unicode_ci NOT NULL,
  `fieldId` int(11) NOT NULL,
  `locale` char(12) COLLATE utf8_unicode_ci NOT NULL,
  `keywords` text COLLATE utf8_unicode_ci NOT NULL,
  PRIMARY KEY (`elementId`,`attribute`,`fieldId`,`locale`),
  FULLTEXT KEY `craft_searchindex_keywords_idx` (`keywords`)
) ENGINE=MyISAM DEFAULT CHARSET=utf8 COLLATE=utf8_unicode_ci;

--
-- Data for table `craft_searchindex`
--

INSERT INTO `craft_searchindex` (`elementId`, `attribute`, `fieldId`, `locale`, `keywords`) VALUES
 ('2', 'slug', '0', 'en_us', ' homepage '),
 ('2', 'title', '0', 'en_us', ' home '),
 ('2', 'field', '1', 'en_us', ' treno ristorante is an upscale italian restaurant located in the historical train depot overlooking the cuyahoga river in downtown kent ohio formerly the pufferbelly restaurant the depot recently underwent a transformative renovation of its space and is now open for lunch and dinner treno lends a cultural charm where past meets present and classic meets contemporary where patrons will feel included and part of the dining experience and where exquisite service is not a welcome change but always the standard treno s menu is focused on classic italian cuisine with dishes prepared in house from scratch with fresh flavorful ingredients including locally sourced products as available we invite you to enjoy a delicious lunch or memorable evening out featuring exquisitely prepared authentic italian fare complemented by a thoughtful wine list and full bar selection spero di vederti '),
 ('105', 'field', '39', 'en_us', ' 2017 09 28 '),
 ('105', 'field', '31', 'en_us', ' 1 '),
 ('105', 'field', '2', 'en_us', ''),
 ('105', 'field', '1', 'en_us', ' here is news '),
 ('102', 'field', '49', 'en_us', ''),
 ('25', 'field', '50', 'en_us', ' salads '),
 ('94', 'field', '49', 'en_us', ''),
 ('66', 'field', '51', 'en_us', ' a 20% gratuity will be added to parties of ten or more to our guests with good sensitivities or allergies please consider when ordering that trend cannot fully ensure that all menu items do not contain ingredients that might cause a reaction these items may be served raw or undercooked or may contain raw or undercooked ingredients consuming raw or undercooked meats poultry seafood shellfish or eggs may increase your risk of food borne illness '),
 ('1', 'username', '0', 'en_us', ' ideabase '),
 ('1', 'firstname', '0', 'en_us', ' ideabase '),
 ('1', 'lastname', '0', 'en_us', ''),
 ('1', 'fullname', '0', 'en_us', ' ideabase '),
 ('1', 'email', '0', 'en_us', ' challahan ideabasekent com '),
 ('1', 'slug', '0', 'en_us', ''),
 ('56', 'extension', '0', 'en_us', ' jpg '),
 ('56', 'filename', '0', 'en_us', ' dscf2212_2_170214_113443 jpg '),
 ('5', 'slug', '0', 'en_us', ' appetizer '),
 ('5', 'title', '0', 'en_us', ' antipasti '),
 ('6', 'field', '6', 'en_us', ' antipasti '),
 ('6', 'field', '3', 'en_us', ' description of the food '),
 ('6', 'field', '5', 'en_us', ' 20 '),
 ('6', 'field', '4', 'en_us', ' idea base logo horizontal color '),
 ('6', 'slug', '0', 'en_us', ' steak '),
 ('6', 'title', '0', 'en_us', ' steak '),
 ('7', 'filename', '0', 'en_us', ' ideabase_logo_horizontalcolor png '),
 ('7', 'extension', '0', 'en_us', ' png '),
 ('7', 'kind', '0', 'en_us', ' image '),
 ('7', 'slug', '0', 'en_us', ' idea base logo horizontal color '),
 ('7', 'title', '0', 'en_us', ' idea base logo horizontal color '),
 ('8', 'slug', '0', 'en_us', ' about treno '),
 ('8', 'title', '0', 'en_us', ' about treno '),
 ('8', 'field', '1', 'en_us', ' treno is a new website that is opening in kent ohio in may of 2017 '),
 ('8', 'field', '7', 'en_us', ' pasta '),
 ('14', 'field', '7', 'en_us', ' kent bw pufferbelly '),
 ('10', 'slug', '0', 'en_us', ''),
 ('11', 'slug', '0', 'en_us', ''),
 ('11', 'field', '9', 'en_us', ' treno logo 01 '),
 ('14', 'slug', '0', 'en_us', ' directions '),
 ('14', 'title', '0', 'en_us', ' directions '),
 ('14', 'field', '8', 'en_us', ' 152 franklin ave kent ohio 44240 '),
 ('13', 'filename', '0', 'en_us', ' ideabase_logo_horizontalcolor_170127_153106 png '),
 ('13', 'extension', '0', 'en_us', ' png '),
 ('13', 'kind', '0', 'en_us', ' image '),
 ('13', 'slug', '0', 'en_us', ' idea base logo horizontal color '),
 ('13', 'title', '0', 'en_us', ' idea base logo horizontal color '),
 ('14', 'field', '41', 'en_us', ' location ring '),
 ('26', 'title', '0', 'en_us', ' prime rib '),
 ('24', 'field', '11', 'en_us', ' specials '),
 ('24', 'field', '5', 'en_us', ' 15 00 '),
 ('24', 'field', '4', 'en_us', ''),
 ('24', 'field', '3', 'en_us', ' description of the food '),
 ('23', 'slug', '0', 'en_us', ' specials '),
 ('23', 'title', '0', 'en_us', ' specials '),
 ('24', 'field', '6', 'en_us', ' appetizer '),
 ('26', 'field', '5', 'en_us', ' 20 '),
 ('26', 'field', '4', 'en_us', ''),
 ('26', 'field', '3', 'en_us', ' description of the food '),
 ('26', 'field', '6', 'en_us', ' entree '),
 ('24', 'slug', '0', 'en_us', ' fish sandwich '),
 ('24', 'title', '0', 'en_us', ' fish sandwich '),
 ('25', 'slug', '0', 'en_us', ' entree '),
 ('25', 'title', '0', 'en_us', ' insalata '),
 ('26', 'slug', '0', 'en_us', ' prime rib '),
 ('26', 'field', '11', 'en_us', ' specials '),
 ('28', 'slug', '0', 'en_us', ' lunch '),
 ('28', 'title', '0', 'en_us', ' lunch '),
 ('29', 'slug', '0', 'en_us', ' dinner '),
 ('29', 'title', '0', 'en_us', ' dinner '),
 ('30', 'slug', '0', 'en_us', ' soda '),
 ('30', 'title', '0', 'en_us', ' soda '),
 ('31', 'slug', '0', 'en_us', ' beer '),
 ('31', 'title', '0', 'en_us', ' beer '),
 ('32', 'slug', '0', 'en_us', ' wine '),
 ('32', 'title', '0', 'en_us', ' wine '),
 ('6', 'field', '11', 'en_us', ''),
 ('24', 'field', '16', 'en_us', ''),
 ('6', 'field', '16', 'en_us', ''),
 ('8', 'field', '12', 'en_us', ' testing information for the matrix field idea base logo horizontal color '),
 ('34', 'field', '13', 'en_us', ' testing information for the matrix field '),
 ('34', 'slug', '0', 'en_us', ''),
 ('35', 'field', '14', 'en_us', ' idea base logo horizontal color '),
 ('35', 'slug', '0', 'en_us', ''),
 ('88', 'title', '0', 'en_us', ' alfredo chicken '),
 ('89', 'field', '6', 'en_us', ' entree '),
 ('89', 'field', '3', 'en_us', ' lorem ipsum dolor sit amet consectetur adipiscing elit cras aliquet aliquet venenatis sed eu lacinia nisl ut pretium velit sed id justo tortor ut posuere lectus felis non facilisis lorem luctus et aliquam quis gravida leo vivamus dictum felis at quam faucibus varius proin eget imperdiet tortor integer et dui maximus accumsan odio efficitur scelerisque dolor integer ultricies pharetra nibh in rutrum purus imperdiet sed '),
 ('89', 'field', '5', 'en_us', ' 15 '),
 ('26', 'field', '16', 'en_us', ' lunch dinner '),
 ('88', 'slug', '0', 'en_us', ' alfredo chicken '),
 ('88', 'field', '19', 'en_us', ' sunday '),
 ('88', 'field', '5', 'en_us', ' 11 '),
 ('88', 'field', '4', 'en_us', ''),
 ('88', 'field', '16', 'en_us', ' lunch dinner '),
 ('40', 'slug', '0', 'en_us', ' monday '),
 ('40', 'title', '0', 'en_us', ' monday '),
 ('41', 'slug', '0', 'en_us', ' tuesday '),
 ('41', 'title', '0', 'en_us', ' tuesday '),
 ('42', 'slug', '0', 'en_us', ' wednesday ');
INSERT INTO `craft_searchindex` (`elementId`, `attribute`, `fieldId`, `locale`, `keywords`) VALUES
 ('42', 'title', '0', 'en_us', ' wednesday '),
 ('43', 'slug', '0', 'en_us', ' thursday '),
 ('43', 'title', '0', 'en_us', ' thursday '),
 ('44', 'slug', '0', 'en_us', ' friday '),
 ('44', 'title', '0', 'en_us', ' friday '),
 ('45', 'slug', '0', 'en_us', ' saturday '),
 ('45', 'title', '0', 'en_us', ' saturday '),
 ('46', 'slug', '0', 'en_us', ' sunday '),
 ('46', 'title', '0', 'en_us', ' sunday '),
 ('10', 'field', '23', 'en_us', ''),
 ('10', 'field', '21', 'en_us', ' hello trenokent com '),
 ('10', 'field', '22', 'en_us', ' mon thurs 11a m 10p m mon thurs 11a m 10p m friday 11a m 11p m friday 11a m 11p m saturday noon 11pm saturday noon 11pm sunday closed sunday closed '),
 ('80', 'field', '33', 'en_us', ''),
 ('88', 'field', '3', 'en_us', ' lorem ipsum dolor sit amet consectetur adipiscing elit cras aliquet aliquet venenatis sed eu lacinia nisl ut pretium velit sed id justo tortor ut posuere lectus felis non facilisis lorem luctus et aliquam quis gravida leo vivamus dictum felis at quam faucibus varius proin eget imperdiet tortor integer et dui maximus accumsan odio efficitur scelerisque dolor integer ultricies pharetra nibh in rutrum purus imperdiet sed '),
 ('88', 'field', '6', 'en_us', ' entree '),
 ('49', 'filename', '0', 'en_us', ' heatshot_170214_102649 svg '),
 ('49', 'extension', '0', 'en_us', ' svg '),
 ('49', 'kind', '0', 'en_us', ' image '),
 ('49', 'slug', '0', 'en_us', ' heatshot '),
 ('49', 'title', '0', 'en_us', ' heatshot '),
 ('50', 'field', '26', 'en_us', ' jon is an excited new member of our team who is looking forward to seeing the website finished '),
 ('50', 'field', '27', 'en_us', ' heatshot '),
 ('50', 'slug', '0', 'en_us', ' jon smith '),
 ('50', 'title', '0', 'en_us', ' jon smith '),
 ('51', 'filename', '0', 'en_us', ' map_170214_103003 jpg '),
 ('51', 'extension', '0', 'en_us', ' jpg '),
 ('51', 'kind', '0', 'en_us', ' image '),
 ('51', 'slug', '0', 'en_us', ' map '),
 ('51', 'title', '0', 'en_us', ' map '),
 ('14', 'field', '28', 'en_us', ' map '),
 ('52', 'filename', '0', 'en_us', ' ideabase_logo_horizontalcolor_170214_103143 png '),
 ('52', 'extension', '0', 'en_us', ' png '),
 ('52', 'kind', '0', 'en_us', ' image '),
 ('52', 'slug', '0', 'en_us', ' idea base logo horizontal color '),
 ('52', 'title', '0', 'en_us', ' idea base logo horizontal color '),
 ('8', 'field', '29', 'en_us', ' tomatoes '),
 ('54', 'extension', '0', 'en_us', ' png '),
 ('54', 'filename', '0', 'en_us', ' 5ffa85b58a16a432_170214_112822 png '),
 ('54', 'kind', '0', 'en_us', ' image '),
 ('54', 'slug', '0', 'en_us', ' 5 ffa85 b58 a16 a432 '),
 ('54', 'title', '0', 'en_us', ' 5 ffa85 b58 a16 a432 '),
 ('55', 'field', '24', 'en_us', ' here is some information about how to make a reservation '),
 ('55', 'field', '23', 'en_us', ''),
 ('55', 'field', '25', 'en_us', ' here is some information about how to schedule a private party or an event '),
 ('55', 'slug', '0', 'en_us', ' test '),
 ('55', 'title', '0', 'en_us', ' reservations '),
 ('56', 'kind', '0', 'en_us', ' image '),
 ('56', 'slug', '0', 'en_us', ' dscf2212 2 '),
 ('56', 'title', '0', 'en_us', ' dscf2212 2 '),
 ('66', 'field', '1', 'en_us', ' lorem ipsum dolor sit amet consectetuer adipiscing elit aenean commodo ligula eget dolor aenean massa cum sociis natoque penatibus et magnis dis parturient montes '),
 ('64', 'field', '19', 'en_us', ''),
 ('82', 'field', '19', 'en_us', ' monday '),
 ('8', 'field', '30', 'en_us', ' treno ristorante an upscale italian restaurant will be located in the historical train depot overlooking the cuyahoga river in downtown kent ohio formerly the pufferbelly restaurant the depot is currently undergoing a transformative renovation of its space and the restaurant will be opening this summer 2017 treno will lend a cultural charm where patrons will feel included and part of the dining experience with a menu focused on northern italian cuisine our dishes will be prepared in house from scratch with fresh flavorful ingredients including locally sourced products as available we invite you to enjoy a memorable evening out or delicious lunch featuring exquisitely prepared authentic italian fare complemented by a thoughtful wine list and full bar selection '),
 ('10', 'field', '8', 'en_us', ' 152 franklin ave kent ohio 44240 '),
 ('62', 'title', '0', 'en_us', ' low angle pufferbelly '),
 ('62', 'kind', '0', 'en_us', ' image '),
 ('62', 'slug', '0', 'en_us', ' low angle pufferbelly '),
 ('62', 'extension', '0', 'en_us', ' jpg '),
 ('62', 'filename', '0', 'en_us', ' low angle pufferbelly_170224_100709 jpg '),
 ('61', 'title', '0', 'en_us', ' kent bw pufferbelly '),
 ('61', 'kind', '0', 'en_us', ' image '),
 ('61', 'slug', '0', 'en_us', ' kent bw pufferbelly '),
 ('61', 'extension', '0', 'en_us', ' jpg '),
 ('61', 'filename', '0', 'en_us', ' kent bw pufferbelly_170224_100658 jpg '),
 ('63', 'slug', '0', 'en_us', ' brunch '),
 ('63', 'title', '0', 'en_us', ' brunch '),
 ('8', 'field', '8', 'en_us', ' history '),
 ('64', 'field', '6', 'en_us', ' insalata '),
 ('64', 'field', '3', 'en_us', ' description of the food '),
 ('64', 'field', '5', 'en_us', ' 15 '),
 ('64', 'field', '4', 'en_us', ''),
 ('64', 'field', '11', 'en_us', ''),
 ('64', 'field', '16', 'en_us', ' brunch '),
 ('64', 'slug', '0', 'en_us', ' brunch item '),
 ('64', 'title', '0', 'en_us', ' brunch item '),
 ('14', 'field', '32', 'en_us', ' https www google com maps embed pb= 1m18 1m12 1m3 1d3004 131777930494 2d 81 35954584821805 3d41 15347577918477 2m3 1f0 2f0 3f0 3m2 1i1024 2i768 4f13 1 3m3 1m2 1s0x883125213bb987bb%3a0x25ce1992d4aa5850 2sideabase 5e0 3m2 1sen 2sus 4v1488213388847 '),
 ('2', 'field', '7', 'en_us', ' treno logo 01 '),
 ('2', 'field', '29', 'en_us', ' tomatoes '),
 ('65', 'filename', '0', 'en_us', ' czek 1 pdf '),
 ('65', 'extension', '0', 'en_us', ' pdf '),
 ('65', 'kind', '0', 'en_us', ' pdf '),
 ('65', 'slug', '0', 'en_us', ' czek 1 '),
 ('65', 'title', '0', 'en_us', ' czek 1 '),
 ('28', 'field', '33', 'en_us', ' dscf2212 2 '),
 ('66', 'slug', '0', 'en_us', ' menu landing page '),
 ('66', 'title', '0', 'en_us', ' menu '),
 ('55', 'field', '7', 'en_us', ' dscf2212 2 '),
 ('66', 'field', '7', 'en_us', ' dscf2212 2 '),
 ('67', 'filename', '0', 'en_us', ' arrow left gold svg '),
 ('67', 'extension', '0', 'en_us', ' svg '),
 ('67', 'kind', '0', 'en_us', ' image '),
 ('67', 'slug', '0', 'en_us', ' arrow left gold '),
 ('67', 'title', '0', 'en_us', ' arrow left gold '),
 ('68', 'filename', '0', 'en_us', ' arrow left white svg '),
 ('68', 'extension', '0', 'en_us', ' svg '),
 ('68', 'kind', '0', 'en_us', ' image '),
 ('68', 'slug', '0', 'en_us', ' arrow left white '),
 ('68', 'title', '0', 'en_us', ' arrow left white '),
 ('69', 'filename', '0', 'en_us', ' arrow right gold svg '),
 ('69', 'extension', '0', 'en_us', ' svg ');
INSERT INTO `craft_searchindex` (`elementId`, `attribute`, `fieldId`, `locale`, `keywords`) VALUES
 ('69', 'kind', '0', 'en_us', ' image '),
 ('69', 'slug', '0', 'en_us', ' arrow right gold '),
 ('69', 'title', '0', 'en_us', ' arrow right gold '),
 ('70', 'filename', '0', 'en_us', ' arrow right white svg '),
 ('70', 'extension', '0', 'en_us', ' svg '),
 ('70', 'kind', '0', 'en_us', ' image '),
 ('70', 'slug', '0', 'en_us', ' arrow right white '),
 ('70', 'title', '0', 'en_us', ' arrow right white '),
 ('71', 'filename', '0', 'en_us', ' face circles svg '),
 ('71', 'extension', '0', 'en_us', ' svg '),
 ('71', 'kind', '0', 'en_us', ' image '),
 ('71', 'slug', '0', 'en_us', ' face circles '),
 ('71', 'title', '0', 'en_us', ' face circles '),
 ('72', 'filename', '0', 'en_us', ' history building svg '),
 ('72', 'extension', '0', 'en_us', ' svg '),
 ('72', 'kind', '0', 'en_us', ' image '),
 ('72', 'slug', '0', 'en_us', ' history building '),
 ('72', 'title', '0', 'en_us', ' history building '),
 ('73', 'filename', '0', 'en_us', ' location ring svg '),
 ('73', 'extension', '0', 'en_us', ' svg '),
 ('73', 'kind', '0', 'en_us', ' image '),
 ('73', 'slug', '0', 'en_us', ' location ring '),
 ('73', 'title', '0', 'en_us', ' location ring '),
 ('74', 'filename', '0', 'en_us', ' pasta svg '),
 ('74', 'extension', '0', 'en_us', ' svg '),
 ('74', 'kind', '0', 'en_us', ' image '),
 ('74', 'slug', '0', 'en_us', ' pasta '),
 ('74', 'title', '0', 'en_us', ' pasta '),
 ('75', 'filename', '0', 'en_us', ' tomato plant graphic svg '),
 ('75', 'extension', '0', 'en_us', ' svg '),
 ('75', 'kind', '0', 'en_us', ' image '),
 ('75', 'slug', '0', 'en_us', ' tomato plant graphic '),
 ('75', 'title', '0', 'en_us', ' tomato plant graphic '),
 ('76', 'filename', '0', 'en_us', ' tomatoes svg '),
 ('76', 'extension', '0', 'en_us', ' svg '),
 ('76', 'kind', '0', 'en_us', ' image '),
 ('76', 'slug', '0', 'en_us', ' tomatoes '),
 ('76', 'title', '0', 'en_us', ' tomatoes '),
 ('77', 'filename', '0', 'en_us', ' treno logo 01 svg '),
 ('77', 'extension', '0', 'en_us', ' svg '),
 ('77', 'kind', '0', 'en_us', ' image '),
 ('77', 'slug', '0', 'en_us', ' treno logo 01 '),
 ('77', 'title', '0', 'en_us', ' treno logo 01 '),
 ('78', 'filename', '0', 'en_us', ' treno logomark 02 svg '),
 ('78', 'extension', '0', 'en_us', ' svg '),
 ('78', 'kind', '0', 'en_us', ' image '),
 ('78', 'slug', '0', 'en_us', ' treno logomark 02 '),
 ('78', 'title', '0', 'en_us', ' treno logomark 02 '),
 ('79', 'filename', '0', 'en_us', ' welcome building svg '),
 ('79', 'extension', '0', 'en_us', ' svg '),
 ('79', 'kind', '0', 'en_us', ' image '),
 ('79', 'slug', '0', 'en_us', ' welcome building '),
 ('79', 'title', '0', 'en_us', ' welcome building '),
 ('2', 'field', '34', 'en_us', ' tomato plant graphic '),
 ('2', 'field', '35', 'en_us', ' welcome '),
 ('2', 'field', '36', 'en_us', ' to kents '),
 ('2', 'field', '37', 'en_us', ' ristorante '),
 ('2', 'field', '38', 'en_us', ' menu '),
 ('10', 'field', '40', 'en_us', ' treno ristorante all rights reserved '),
 ('14', 'field', '42', 'en_us', ' lorem ipsum dolor sit amet consectetuer adipiscing elit aenean commodo ligula eget dolor aenean massa cum sociis natoque penatibus et magnis dis parturient montes '),
 ('14', 'field', '43', 'en_us', ' lorem ipsum dolor sit amet consectetuer adipiscing elit aenean commodo ligula eget dolor aenean massa cum sociis natoque penatibus et magnis dis parturient montes '),
 ('14', 'field', '44', 'en_us', ''),
 ('14', 'field', '46', 'en_us', ' here is info regarding valet '),
 ('14', 'field', '45', 'en_us', ' $5 '),
 ('2', 'field', '47', 'en_us', ' welcome building '),
 ('2', 'field', '48', 'en_us', ''),
 ('80', 'slug', '0', 'en_us', ' specials '),
 ('80', 'title', '0', 'en_us', ' specials '),
 ('81', 'field', '33', 'en_us', ''),
 ('81', 'slug', '0', 'en_us', ' drinks '),
 ('81', 'title', '0', 'en_us', ' bar drinks '),
 ('82', 'field', '6', 'en_us', ' insalata '),
 ('82', 'field', '3', 'en_us', ' description of the food '),
 ('82', 'field', '5', 'en_us', ' 5 '),
 ('82', 'field', '4', 'en_us', ''),
 ('82', 'field', '11', 'en_us', ''),
 ('82', 'field', '16', 'en_us', ''),
 ('82', 'slug', '0', 'en_us', ' special '),
 ('82', 'title', '0', 'en_us', ' special '),
 ('83', 'field', '6', 'en_us', ' soda '),
 ('83', 'field', '3', 'en_us', ' description of the drink '),
 ('83', 'field', '5', 'en_us', ' 3 '),
 ('83', 'field', '4', 'en_us', ''),
 ('83', 'field', '11', 'en_us', ''),
 ('83', 'field', '16', 'en_us', ' drinks '),
 ('83', 'slug', '0', 'en_us', ' drink '),
 ('83', 'title', '0', 'en_us', ' drink '),
 ('84', 'slug', '0', 'en_us', ' sides '),
 ('84', 'title', '0', 'en_us', ' sides '),
 ('85', 'slug', '0', 'en_us', ' soda '),
 ('85', 'title', '0', 'en_us', ' soda '),
 ('86', 'slug', '0', 'en_us', ' desserts '),
 ('86', 'title', '0', 'en_us', ' desserts '),
 ('5', 'field', '50', 'en_us', ' appetizers '),
 ('6', 'field', '49', 'en_us', ' rawundercooked '),
 ('90', 'field', '49', 'en_us', ' glutenfree '),
 ('105', 'slug', '0', 'en_us', ' news entry '),
 ('105', 'title', '0', 'en_us', ' news entry '),
 ('91', 'field', '49', 'en_us', ''),
 ('96', 'field', '49', 'en_us', ' vegetarian glutenfree ');
INSERT INTO `craft_searchindex` (`elementId`, `attribute`, `fieldId`, `locale`, `keywords`) VALUES
 ('89', 'field', '4', 'en_us', ''),
 ('89', 'field', '16', 'en_us', ' lunch dinner '),
 ('89', 'field', '19', 'en_us', ' saturday '),
 ('89', 'slug', '0', 'en_us', ' alfredo shrimp '),
 ('89', 'title', '0', 'en_us', ' alfredo shrimp '),
 ('90', 'field', '6', 'en_us', ' entree '),
 ('90', 'field', '3', 'en_us', ' lorem ipsum dolor sit amet consectetur adipiscing elit cras aliquet aliquet venenatis sed eu lacinia nisl ut pretium velit sed id justo tortor ut posuere lectus felis non facilisis lorem luctus et aliquam quis gravida leo vivamus dictum felis at quam faucibus varius proin eget imperdiet tortor integer et dui maximus accumsan odio efficitur scelerisque dolor integer ultricies pharetra nibh in rutrum purus imperdiet sed '),
 ('90', 'field', '5', 'en_us', ' 7 '),
 ('90', 'field', '4', 'en_us', ''),
 ('90', 'field', '16', 'en_us', ' dinner '),
 ('90', 'field', '19', 'en_us', ''),
 ('90', 'slug', '0', 'en_us', ' onion soup '),
 ('90', 'title', '0', 'en_us', ' onion soup '),
 ('91', 'field', '6', 'en_us', ' antipasti '),
 ('91', 'field', '3', 'en_us', ' lorem ipsum dolor sit amet consectetur adipiscing elit cras aliquet aliquet venenatis sed eu lacinia nisl ut pretium velit sed id justo tortor ut posuere lectus felis non facilisis lorem luctus et aliquam quis gravida leo vivamus dictum felis at quam faucibus varius proin eget imperdiet tortor integer et dui maximus accumsan odio efficitur scelerisque dolor integer ultricies pharetra nibh in rutrum purus imperdiet sed '),
 ('91', 'field', '5', 'en_us', ' 4 '),
 ('91', 'field', '4', 'en_us', ''),
 ('91', 'field', '16', 'en_us', ' brunch lunch dinner '),
 ('91', 'field', '19', 'en_us', ' thursday '),
 ('91', 'slug', '0', 'en_us', ' italian cheese '),
 ('91', 'title', '0', 'en_us', ' italian cheese '),
 ('92', 'field', '6', 'en_us', ' insalata '),
 ('92', 'field', '3', 'en_us', ' lorem ipsum dolor sit amet consectetur adipiscing elit cras aliquet aliquet venenatis sed eu lacinia nisl ut pretium velit sed id justo tortor ut posuere lectus felis non facilisis lorem luctus et aliquam quis gravida leo vivamus dictum felis at quam faucibus varius proin eget imperdiet tortor integer et dui maximus accumsan odio efficitur scelerisque dolor integer ultricies pharetra nibh in rutrum purus imperdiet sed '),
 ('92', 'field', '5', 'en_us', ' 10 '),
 ('92', 'field', '4', 'en_us', ''),
 ('92', 'field', '16', 'en_us', ' lunch dinner '),
 ('92', 'field', '19', 'en_us', ''),
 ('92', 'slug', '0', 'en_us', ' lasagna '),
 ('92', 'title', '0', 'en_us', ' lasagna '),
 ('93', 'field', '6', 'en_us', ' appetizer '),
 ('93', 'field', '3', 'en_us', ' lorem ipsum dolor sit amet consectetur adipiscing elit cras aliquet aliquet venenatis sed eu lacinia nisl ut pretium velit sed id justo tortor ut posuere lectus felis non facilisis lorem luctus et aliquam quis gravida leo vivamus dictum felis at quam faucibus varius proin eget imperdiet tortor integer et dui maximus accumsan odio efficitur scelerisque dolor integer ultricies pharetra nibh in rutrum purus imperdiet sed '),
 ('93', 'field', '5', 'en_us', ' 5 '),
 ('93', 'field', '4', 'en_us', ''),
 ('93', 'field', '16', 'en_us', ' brunch lunch dinner '),
 ('93', 'field', '19', 'en_us', ''),
 ('93', 'slug', '0', 'en_us', ' shrimp roll '),
 ('93', 'title', '0', 'en_us', ' shrimp roll '),
 ('94', 'field', '6', 'en_us', ' antipasti '),
 ('94', 'field', '3', 'en_us', ' lorem ipsum dolor sit amet consectetur adipiscing elit cras aliquet aliquet venenatis sed eu lacinia nisl ut pretium velit sed id justo tortor ut posuere lectus felis non facilisis lorem luctus et aliquam quis gravida leo vivamus dictum felis at quam faucibus varius proin eget imperdiet tortor integer et dui maximus accumsan odio efficitur scelerisque dolor integer ultricies pharetra nibh in rutrum purus imperdiet sed '),
 ('94', 'field', '5', 'en_us', ' 5 '),
 ('94', 'field', '4', 'en_us', ''),
 ('94', 'field', '16', 'en_us', ' brunch lunch dinner '),
 ('94', 'field', '19', 'en_us', ' thursday '),
 ('94', 'slug', '0', 'en_us', ' breadstick '),
 ('94', 'title', '0', 'en_us', ' breadstick '),
 ('95', 'field', '6', 'en_us', ' appetizer sides '),
 ('95', 'field', '3', 'en_us', ' lorem ipsum dolor sit amet consectetur adipiscing elit cras aliquet aliquet venenatis sed eu lacinia nisl ut pretium velit sed id justo tortor ut posuere lectus felis non facilisis lorem luctus et aliquam quis gravida leo vivamus dictum felis at quam faucibus varius proin eget imperdiet tortor integer et dui maximus accumsan odio efficitur scelerisque dolor integer ultricies pharetra nibh in rutrum purus imperdiet sed '),
 ('95', 'field', '5', 'en_us', ' 0 '),
 ('95', 'field', '4', 'en_us', ''),
 ('95', 'field', '16', 'en_us', ' brunch lunch dinner '),
 ('95', 'field', '19', 'en_us', ''),
 ('95', 'slug', '0', 'en_us', ' caesar salad '),
 ('95', 'title', '0', 'en_us', ' caesar salad '),
 ('96', 'field', '6', 'en_us', ' appetizer '),
 ('96', 'field', '3', 'en_us', ' lorem ipsum dolor sit amet consectetur adipiscing elit cras aliquet aliquet venenatis sed eu lacinia nisl ut pretium velit sed id justo tortor ut posuere lectus felis non facilisis lorem luctus et aliquam quis gravida leo vivamus dictum felis at quam faucibus varius proin eget imperdiet tortor integer et dui maximus accumsan odio efficitur scelerisque dolor integer ultricies pharetra nibh in rutrum purus imperdiet sed '),
 ('96', 'field', '5', 'en_us', ' 1 5 '),
 ('96', 'field', '4', 'en_us', ''),
 ('96', 'field', '16', 'en_us', ' brunch lunch dinner '),
 ('96', 'field', '19', 'en_us', ''),
 ('96', 'slug', '0', 'en_us', ' fries '),
 ('96', 'title', '0', 'en_us', ' fries '),
 ('97', 'field', '6', 'en_us', ' sides '),
 ('97', 'field', '3', 'en_us', ' lorem ipsum dolor sit amet consectetur adipiscing elit cras aliquet aliquet venenatis sed eu lacinia nisl ut pretium velit sed id justo tortor ut posuere lectus felis non facilisis lorem luctus et aliquam quis gravida leo vivamus dictum felis at quam faucibus varius proin eget imperdiet tortor integer et dui maximus accumsan odio efficitur scelerisque dolor integer ultricies pharetra nibh in rutrum purus imperdiet sed '),
 ('97', 'field', '5', 'en_us', ' 5 '),
 ('97', 'field', '4', 'en_us', ''),
 ('97', 'field', '16', 'en_us', ' brunch lunch dinner '),
 ('97', 'field', '19', 'en_us', ''),
 ('97', 'slug', '0', 'en_us', ' caprese salad '),
 ('97', 'title', '0', 'en_us', ' caprese salad '),
 ('98', 'field', '6', 'en_us', ' soda '),
 ('98', 'field', '3', 'en_us', ' lorem ipsum dolor sit amet consectetur adipiscing elit cras aliquet aliquet venenatis sed eu lacinia nisl ut pretium velit sed id justo tortor ut posuere lectus felis non facilisis lorem luctus et aliquam quis gravida leo vivamus dictum felis at quam faucibus varius proin eget imperdiet tortor integer et dui maximus accumsan odio efficitur scelerisque dolor integer ultricies pharetra nibh in rutrum purus imperdiet sed '),
 ('98', 'field', '5', 'en_us', ' 2 '),
 ('98', 'field', '4', 'en_us', ''),
 ('98', 'field', '16', 'en_us', ' drinks '),
 ('98', 'field', '19', 'en_us', ''),
 ('98', 'slug', '0', 'en_us', ' coca cola '),
 ('98', 'title', '0', 'en_us', ' coca cola '),
 ('99', 'field', '6', 'en_us', ' soda '),
 ('99', 'field', '3', 'en_us', ' lorem ipsum dolor sit amet consectetur adipiscing elit cras aliquet aliquet venenatis sed eu lacinia nisl ut pretium velit sed id justo tortor ut posuere lectus felis non facilisis lorem luctus et aliquam quis gravida leo vivamus dictum felis at quam faucibus varius proin eget imperdiet tortor integer et dui maximus accumsan odio efficitur scelerisque dolor integer ultricies pharetra nibh in rutrum purus imperdiet sed '),
 ('99', 'field', '5', 'en_us', ' 2 '),
 ('99', 'field', '4', 'en_us', ''),
 ('99', 'field', '16', 'en_us', ' drinks '),
 ('99', 'field', '19', 'en_us', ''),
 ('99', 'slug', '0', 'en_us', ' fanta '),
 ('99', 'title', '0', 'en_us', ' fanta '),
 ('100', 'field', '6', 'en_us', ' soda '),
 ('100', 'field', '3', 'en_us', ' lorem ipsum dolor sit amet consectetur adipiscing elit cras aliquet aliquet venenatis sed eu lacinia nisl ut pretium velit sed id justo tortor ut posuere lectus felis non facilisis lorem luctus et aliquam quis gravida leo vivamus dictum felis at quam faucibus varius proin eget imperdiet tortor integer et dui maximus accumsan odio efficitur scelerisque dolor integer ultricies pharetra nibh in rutrum purus imperdiet sed '),
 ('100', 'field', '5', 'en_us', ' 2 '),
 ('100', 'field', '4', 'en_us', ''),
 ('100', 'field', '16', 'en_us', ' drinks '),
 ('100', 'field', '19', 'en_us', ''),
 ('100', 'slug', '0', 'en_us', ' sprite '),
 ('100', 'title', '0', 'en_us', ' sprite '),
 ('101', 'field', '6', 'en_us', ' desserts '),
 ('101', 'field', '3', 'en_us', ' lorem ipsum dolor sit amet consectetur adipiscing elit cras aliquet aliquet venenatis sed eu lacinia nisl ut pretium velit sed id justo tortor ut posuere lectus felis non facilisis lorem luctus et aliquam quis gravida leo vivamus dictum felis at quam faucibus varius proin eget imperdiet tortor integer et dui maximus accumsan odio efficitur scelerisque dolor integer ultricies pharetra nibh in rutrum purus imperdiet sed '),
 ('101', 'field', '5', 'en_us', ' 4 '),
 ('101', 'field', '4', 'en_us', ''),
 ('101', 'field', '16', 'en_us', ' brunch lunch dinner '),
 ('101', 'field', '19', 'en_us', ''),
 ('101', 'slug', '0', 'en_us', ' chocolat cake ');
INSERT INTO `craft_searchindex` (`elementId`, `attribute`, `fieldId`, `locale`, `keywords`) VALUES
 ('101', 'title', '0', 'en_us', ' chocolat cake '),
 ('102', 'field', '6', 'en_us', ' desserts '),
 ('102', 'field', '3', 'en_us', ' lorem ipsum dolor sit amet consectetur adipiscing elit cras aliquet aliquet venenatis sed eu lacinia nisl ut pretium velit sed id justo tortor ut posuere lectus felis non facilisis lorem luctus et aliquam quis gravida leo vivamus dictum felis at quam faucibus varius proin eget imperdiet tortor integer et dui maximus accumsan odio efficitur scelerisque dolor integer ultricies pharetra nibh in rutrum purus imperdiet sed '),
 ('102', 'field', '5', 'en_us', ' 0 '),
 ('102', 'field', '4', 'en_us', ''),
 ('102', 'field', '16', 'en_us', ' brunch lunch dinner '),
 ('102', 'field', '19', 'en_us', ''),
 ('102', 'slug', '0', 'en_us', ' strawberry ice cream '),
 ('102', 'title', '0', 'en_us', ' strawberry ice cream '),
 ('6', 'field', '19', 'en_us', ''),
 ('10', 'field', '52', 'en_us', ' http www twitter com twitter http www facebook com facebook '),
 ('106', 'field', '53', 'en_us', ' twitter '),
 ('106', 'field', '54', 'en_us', ' http www twitter com '),
 ('106', 'slug', '0', 'en_us', ''),
 ('107', 'field', '53', 'en_us', ' facebook '),
 ('107', 'field', '54', 'en_us', ' http www facebook com '),
 ('107', 'slug', '0', 'en_us', ''),
 ('25', 'field', '55', 'en_us', ' add boneless chicken breast seared salmon or seared shrimp to any salad 6 '),
 ('92', 'field', '49', 'en_us', ''),
 ('64', 'field', '49', 'en_us', ''),
 ('105', 'field', '7', 'en_us', ' pasta '),
 ('81', 'field', '50', 'en_us', ''),
 ('108', 'field', '50', 'en_us', ''),
 ('108', 'field', '33', 'en_us', ''),
 ('108', 'slug', '0', 'en_us', ' soda '),
 ('108', 'title', '0', 'en_us', ' soda '),
 ('8', 'field', '56', 'en_us', ' 1 en_us 1 0 template creativework webpage about treno about treno field title custom title custom title custom featureimage custom featureimage custom featureimage '),
 ('14', 'field', '56', 'en_us', ' 1 en_us 1 0 template creativework webpage directions directions field title custom title custom title custom featureimage custom featureimage custom featureimage '),
 ('109', 'field', '41', 'en_us', ' location ring '),
 ('109', 'field', '47', 'en_us', ' arrow left white '),
 ('109', 'field', '48', 'en_us', ' arrow right white '),
 ('109', 'slug', '0', 'en_us', ''),
 ('10', 'field', '51', 'en_us', ' a 20% gratuity will be added to parties of ten or more to our guests with good sensitivities or allergies please consider when ordering that trend cannot fully ensure that all menu items do not contain ingredients that might cause a reaction these items may be served raw or undercooked or may contain raw or undercooked ingredients consuming raw or undercooked meats poultry seafood shellfish or eggs may increase your risk of food borne illness '),
 ('14', 'field', '57', 'en_us', ' https goo gl maps 25zxrwujtdy '),
 ('82', 'field', '49', 'en_us', '');



DROP TABLE IF EXISTS `craft_sections`;


--
-- Schema for table `craft_sections`
--
CREATE TABLE `craft_sections` (
  `id` int(11) NOT NULL AUTO_INCREMENT,
  `structureId` int(11) DEFAULT NULL,
  `name` varchar(255) COLLATE utf8_unicode_ci NOT NULL,
  `handle` varchar(255) COLLATE utf8_unicode_ci NOT NULL,
  `type` enum('single','channel','structure') COLLATE utf8_unicode_ci NOT NULL DEFAULT 'channel',
  `hasUrls` tinyint(1) unsigned NOT NULL DEFAULT '1',
  `template` varchar(500) COLLATE utf8_unicode_ci DEFAULT NULL,
  `enableVersioning` tinyint(1) unsigned NOT NULL DEFAULT '0',
  `dateCreated` datetime NOT NULL,
  `dateUpdated` datetime NOT NULL,
  `uid` char(36) COLLATE utf8_unicode_ci NOT NULL DEFAULT '0',
  PRIMARY KEY (`id`),
  UNIQUE KEY `craft_sections_name_unq_idx` (`name`),
  UNIQUE KEY `craft_sections_handle_unq_idx` (`handle`),
  KEY `craft_sections_structureId_fk` (`structureId`)
) ENGINE=InnoDB AUTO_INCREMENT=14 DEFAULT CHARSET=utf8 COLLATE=utf8_unicode_ci;

--
-- Data for table `craft_sections`
--

INSERT INTO `craft_sections` (`id`, `structureId`, `name`, `handle`, `type`, `hasUrls`, `template`, `enableVersioning`, `dateCreated`, `dateUpdated`, `uid`) VALUES
 ('1', NULL, 'Homepage', 'homepage', 'single', '1', 'index', '1', '2017-01-24 03:51:11', '2017-01-24 03:51:11', '9192c274-7d82-4fca-b180-6e3bff3d3893'),
 ('2', NULL, 'News', 'news', 'channel', '1', 'news/_entry', '1', '2017-01-24 03:51:11', '2017-02-14 16:23:14', '0de03d06-ba42-4155-91db-dabc4ed67e8a'),
 ('3', NULL, 'Food', 'menu', 'channel', '1', 'menu/index.html', '1', '2017-01-24 15:27:12', '2017-02-07 15:06:23', 'e0010c7a-2d0b-4944-adfb-c27f797cf3bd'),
 ('4', NULL, 'About Treno', 'aboutTreno', 'single', '1', 'about', '1', '2017-01-24 16:04:18', '2017-02-27 15:09:46', '6bc3a776-c850-424f-8827-d0f85ddd66fa'),
 ('7', NULL, 'Directions', 'directions', 'single', '1', 'Directions', '1', '2017-01-30 15:31:53', '2017-02-27 16:34:59', 'e5590ff9-fa95-41ed-9a9c-7a34aa49ede7'),
 ('11', NULL, 'Reservations', 'reservations', 'single', '1', 'reservations/index.html', '1', '2017-02-13 14:51:27', '2017-02-27 16:29:37', '82fb84fb-b353-46bc-8649-bdab313f53b9'),
 ('12', NULL, 'Team Profiles', 'profiles', 'channel', '1', 'team-profiles/_entry', '1', '2017-02-14 15:25:43', '2017-02-14 15:25:43', '5eec8b4e-6878-4b00-bbf8-93164d16efcf'),
 ('13', NULL, 'Menu ', 'menuLandingPage', 'single', '1', 'menu/index.html', '1', '2017-03-06 15:33:58', '2017-03-06 15:40:25', 'a8ae9d03-5abd-4eee-aa66-9be442216b23');



DROP TABLE IF EXISTS `craft_sections_i18n`;


--
-- Schema for table `craft_sections_i18n`
--
CREATE TABLE `craft_sections_i18n` (
  `id` int(11) NOT NULL AUTO_INCREMENT,
  `sectionId` int(11) NOT NULL,
  `locale` char(12) COLLATE utf8_unicode_ci NOT NULL,
  `enabledByDefault` tinyint(1) unsigned NOT NULL DEFAULT '1',
  `urlFormat` text COLLATE utf8_unicode_ci,
  `nestedUrlFormat` text COLLATE utf8_unicode_ci,
  `dateCreated` datetime NOT NULL,
  `dateUpdated` datetime NOT NULL,
  `uid` char(36) COLLATE utf8_unicode_ci NOT NULL DEFAULT '0',
  PRIMARY KEY (`id`),
  UNIQUE KEY `craft_sections_i18n_sectionId_locale_unq_idx` (`sectionId`,`locale`),
  KEY `craft_sections_i18n_locale_fk` (`locale`)
) ENGINE=InnoDB AUTO_INCREMENT=14 DEFAULT CHARSET=utf8 COLLATE=utf8_unicode_ci;

--
-- Data for table `craft_sections_i18n`
--

INSERT INTO `craft_sections_i18n` (`id`, `sectionId`, `locale`, `enabledByDefault`, `urlFormat`, `nestedUrlFormat`, `dateCreated`, `dateUpdated`, `uid`) VALUES
 ('1', '1', 'en_us', '1', '__home__', NULL, '2017-01-24 03:51:11', '2017-01-24 03:51:11', '3d302c27-8d20-48db-9709-b4854a055ba2'),
 ('2', '2', 'en_us', '1', 'news/{postDate.year}/{slug}', NULL, '2017-01-24 03:51:11', '2017-01-24 03:51:11', 'e3bf2101-8d7d-47f9-aea5-4b35d283b153'),
 ('3', '3', 'en_us', '1', 'menu/{slug}', NULL, '2017-01-24 15:27:12', '2017-01-24 15:27:12', '554862a3-b0a8-4c35-b02a-42315f62a2e5'),
 ('4', '4', 'en_us', '1', 'about', NULL, '2017-01-24 16:04:18', '2017-01-24 16:04:18', 'b68ab40f-5ce1-40a6-a94e-7b5fb944943e'),
 ('7', '7', 'en_us', '1', 'directions', NULL, '2017-01-30 15:31:53', '2017-01-30 15:31:53', 'd4d32e30-d8a4-4535-9400-6d658a0537e4'),
 ('11', '11', 'en_us', '1', 'reservations', NULL, '2017-02-13 14:51:27', '2017-02-27 16:29:37', '070f2ce7-bab7-4e75-8836-b38c51dd800d'),
 ('12', '12', 'en_us', '1', 'team-profiles/{slug}', NULL, '2017-02-14 15:25:43', '2017-02-14 15:25:43', 'becb225c-a622-45d3-af31-6978a8d7e2ef'),
 ('13', '13', 'en_us', '1', 'menu', NULL, '2017-03-06 15:33:58', '2017-03-06 15:33:58', '51268ae2-b3e3-4856-9b9f-56e1cf5cbd64');



DROP TABLE IF EXISTS `craft_seomatic_meta`;


--
-- Schema for table `craft_seomatic_meta`
--
CREATE TABLE `craft_seomatic_meta` (
  `id` int(11) NOT NULL,
  `seoImageId` int(11) DEFAULT NULL,
  `seoTwitterImageId` int(11) DEFAULT NULL,
  `seoFacebookImageId` int(11) DEFAULT NULL,
  `locale` varchar(255) COLLATE utf8_unicode_ci DEFAULT 'en_us',
  `elementId` int(10) DEFAULT '0',
  `metaType` enum('default','template') COLLATE utf8_unicode_ci DEFAULT 'template',
  `metaPath` varchar(255) COLLATE utf8_unicode_ci DEFAULT '',
  `seoMainEntityCategory` varchar(255) COLLATE utf8_unicode_ci DEFAULT '',
  `seoMainEntityOfPage` varchar(255) COLLATE utf8_unicode_ci DEFAULT '',
  `seoTitle` varchar(255) COLLATE utf8_unicode_ci DEFAULT '',
  `seoDescription` varchar(255) COLLATE utf8_unicode_ci DEFAULT '',
  `seoKeywords` varchar(255) COLLATE utf8_unicode_ci DEFAULT '',
  `seoImageTransform` varchar(255) COLLATE utf8_unicode_ci DEFAULT '',
  `seoFacebookImageTransform` varchar(255) COLLATE utf8_unicode_ci DEFAULT '',
  `seoTwitterImageTransform` varchar(255) COLLATE utf8_unicode_ci DEFAULT '',
  `twitterCardType` varchar(255) COLLATE utf8_unicode_ci DEFAULT 'summary',
  `openGraphType` varchar(255) COLLATE utf8_unicode_ci DEFAULT 'website',
  `robots` varchar(255) COLLATE utf8_unicode_ci DEFAULT '',
  `dateCreated` datetime NOT NULL,
  `dateUpdated` datetime NOT NULL,
  `uid` char(36) COLLATE utf8_unicode_ci NOT NULL DEFAULT '0',
  PRIMARY KEY (`id`),
  KEY `craft_seomatic_meta_seoImageId_fk` (`seoImageId`),
  KEY `craft_seomatic_meta_seoTwitterImageId_fk` (`seoTwitterImageId`),
  KEY `craft_seomatic_meta_seoFacebookImageId_fk` (`seoFacebookImageId`)
) ENGINE=InnoDB DEFAULT CHARSET=utf8 COLLATE=utf8_unicode_ci;

DROP TABLE IF EXISTS `craft_seomatic_settings`;


--
-- Schema for table `craft_seomatic_settings`
--
CREATE TABLE `craft_seomatic_settings` (
  `id` int(11) NOT NULL AUTO_INCREMENT,
  `siteSeoImageId` int(11) DEFAULT NULL,
  `siteSeoTwitterImageId` int(11) DEFAULT NULL,
  `siteSeoFacebookImageId` int(11) DEFAULT NULL,
  `genericOwnerImageId` int(11) DEFAULT NULL,
  `genericCreatorImageId` int(11) DEFAULT NULL,
  `locale` varchar(255) COLLATE utf8_unicode_ci DEFAULT '',
  `siteSeoName` varchar(255) COLLATE utf8_unicode_ci DEFAULT '',
  `siteSeoTitle` varchar(255) COLLATE utf8_unicode_ci DEFAULT '',
  `siteSeoTitleSeparator` varchar(10) COLLATE utf8_unicode_ci DEFAULT '|',
  `siteSeoTitlePlacement` enum('before','after','none') COLLATE utf8_unicode_ci DEFAULT 'after',
  `siteSeoDescription` varchar(255) COLLATE utf8_unicode_ci DEFAULT '',
  `siteSeoKeywords` varchar(255) COLLATE utf8_unicode_ci DEFAULT '',
  `siteSeoImageTransform` varchar(100) COLLATE utf8_unicode_ci DEFAULT '',
  `siteSeoFacebookImageTransform` varchar(100) COLLATE utf8_unicode_ci DEFAULT '',
  `siteSeoTwitterImageTransform` varchar(100) COLLATE utf8_unicode_ci DEFAULT '',
  `siteTwitterCardType` varchar(50) COLLATE utf8_unicode_ci DEFAULT '',
  `siteOpenGraphType` varchar(50) COLLATE utf8_unicode_ci DEFAULT '',
  `siteRobots` varchar(50) COLLATE utf8_unicode_ci DEFAULT '',
  `siteRobotsTxt` text COLLATE utf8_unicode_ci,
  `siteLinksSearchTargets` text COLLATE utf8_unicode_ci,
  `siteLinksQueryInput` varchar(50) COLLATE utf8_unicode_ci DEFAULT '',
  `googleSiteVerification` varchar(100) COLLATE utf8_unicode_ci DEFAULT '',
  `bingSiteVerification` varchar(100) COLLATE utf8_unicode_ci DEFAULT '',
  `googleAnalyticsUID` varchar(50) COLLATE utf8_unicode_ci DEFAULT '',
  `googleTagManagerID` varchar(50) COLLATE utf8_unicode_ci DEFAULT '',
  `googleAnalyticsSendPageview` tinyint(1) unsigned NOT NULL DEFAULT '1',
  `googleAnalyticsAdvertising` tinyint(1) unsigned NOT NULL DEFAULT '0',
  `googleAnalyticsEcommerce` tinyint(1) unsigned NOT NULL DEFAULT '0',
  `googleAnalyticsEEcommerce` tinyint(1) unsigned NOT NULL DEFAULT '0',
  `googleAnalyticsLinkAttribution` tinyint(1) unsigned NOT NULL DEFAULT '0',
  `googleAnalyticsLinker` tinyint(1) unsigned NOT NULL DEFAULT '0',
  `googleAnalyticsAnonymizeIp` tinyint(1) unsigned NOT NULL DEFAULT '0',
  `siteOwnerType` varchar(50) COLLATE utf8_unicode_ci DEFAULT '',
  `siteOwnerSubType` varchar(50) COLLATE utf8_unicode_ci DEFAULT '',
  `siteOwnerSpecificType` varchar(50) COLLATE utf8_unicode_ci DEFAULT '',
  `genericOwnerName` varchar(255) COLLATE utf8_unicode_ci DEFAULT '',
  `genericOwnerAlternateName` varchar(255) COLLATE utf8_unicode_ci DEFAULT '',
  `genericOwnerDescription` varchar(1024) COLLATE utf8_unicode_ci DEFAULT '',
  `genericOwnerUrl` varchar(255) COLLATE utf8_unicode_ci DEFAULT '',
  `genericOwnerTelephone` varchar(255) COLLATE utf8_unicode_ci DEFAULT '',
  `genericOwnerEmail` varchar(255) COLLATE utf8_unicode_ci DEFAULT '',
  `genericOwnerStreetAddress` varchar(255) COLLATE utf8_unicode_ci DEFAULT '',
  `genericOwnerAddressLocality` varchar(255) COLLATE utf8_unicode_ci DEFAULT '',
  `genericOwnerAddressRegion` varchar(255) COLLATE utf8_unicode_ci DEFAULT '',
  `genericOwnerPostalCode` varchar(255) COLLATE utf8_unicode_ci DEFAULT '',
  `genericOwnerAddressCountry` varchar(255) COLLATE utf8_unicode_ci DEFAULT '',
  `genericOwnerGeoLatitude` varchar(255) COLLATE utf8_unicode_ci DEFAULT '',
  `genericOwnerGeoLongitude` varchar(255) COLLATE utf8_unicode_ci DEFAULT '',
  `organizationOwnerDuns` varchar(255) COLLATE utf8_unicode_ci DEFAULT '',
  `organizationOwnerFounder` varchar(255) COLLATE utf8_unicode_ci DEFAULT '',
  `organizationOwnerFoundingDate` varchar(255) COLLATE utf8_unicode_ci DEFAULT '',
  `organizationOwnerFoundingLocation` varchar(255) COLLATE utf8_unicode_ci DEFAULT '',
  `organizationOwnerContactPoints` text COLLATE utf8_unicode_ci,
  `localBusinessPriceRange` varchar(10) COLLATE utf8_unicode_ci DEFAULT '$$$',
  `localBusinessOwnerOpeningHours` text COLLATE utf8_unicode_ci,
  `corporationOwnerTickerSymbol` varchar(255) COLLATE utf8_unicode_ci DEFAULT '',
  `restaurantOwnerServesCuisine` varchar(255) COLLATE utf8_unicode_ci DEFAULT '',
  `restaurantOwnerMenuUrl` varchar(255) COLLATE utf8_unicode_ci DEFAULT '',
  `restaurantOwnerReservationsUrl` varchar(255) COLLATE utf8_unicode_ci DEFAULT '',
  `personOwnerGender` varchar(255) COLLATE utf8_unicode_ci DEFAULT '',
  `personOwnerBirthPlace` varchar(255) COLLATE utf8_unicode_ci DEFAULT '',
  `twitterHandle` varchar(50) COLLATE utf8_unicode_ci DEFAULT '',
  `facebookHandle` varchar(50) COLLATE utf8_unicode_ci DEFAULT '',
  `facebookProfileId` varchar(50) COLLATE utf8_unicode_ci DEFAULT '',
  `facebookAppId` varchar(50) COLLATE utf8_unicode_ci DEFAULT '',
  `linkedInHandle` varchar(50) COLLATE utf8_unicode_ci DEFAULT '',
  `googlePlusHandle` varchar(50) COLLATE utf8_unicode_ci DEFAULT '',
  `youtubeHandle` varchar(50) COLLATE utf8_unicode_ci DEFAULT '',
  `youtubeChannelHandle` varchar(50) COLLATE utf8_unicode_ci DEFAULT '',
  `instagramHandle` varchar(50) COLLATE utf8_unicode_ci DEFAULT '',
  `pinterestHandle` varchar(50) COLLATE utf8_unicode_ci DEFAULT '',
  `githubHandle` varchar(50) COLLATE utf8_unicode_ci DEFAULT '',
  `vimeoHandle` varchar(50) COLLATE utf8_unicode_ci DEFAULT '',
  `wikipediaUrl` varchar(100) COLLATE utf8_unicode_ci DEFAULT '',
  `siteCreatorType` varchar(255) COLLATE utf8_unicode_ci DEFAULT '',
  `siteCreatorSubType` varchar(255) COLLATE utf8_unicode_ci DEFAULT '',
  `siteCreatorSpecificType` varchar(255) COLLATE utf8_unicode_ci DEFAULT '',
  `genericCreatorName` varchar(255) COLLATE utf8_unicode_ci DEFAULT '',
  `genericCreatorAlternateName` varchar(255) COLLATE utf8_unicode_ci DEFAULT '',
  `genericCreatorDescription` varchar(1024) COLLATE utf8_unicode_ci DEFAULT '',
  `genericCreatorUrl` varchar(255) COLLATE utf8_unicode_ci DEFAULT '',
  `genericCreatorTelephone` varchar(255) COLLATE utf8_unicode_ci DEFAULT '',
  `genericCreatorEmail` varchar(255) COLLATE utf8_unicode_ci DEFAULT '',
  `genericCreatorStreetAddress` varchar(255) COLLATE utf8_unicode_ci DEFAULT '',
  `genericCreatorAddressLocality` varchar(255) COLLATE utf8_unicode_ci DEFAULT '',
  `genericCreatorAddressRegion` varchar(255) COLLATE utf8_unicode_ci DEFAULT '',
  `genericCreatorPostalCode` varchar(255) COLLATE utf8_unicode_ci DEFAULT '',
  `genericCreatorAddressCountry` varchar(255) COLLATE utf8_unicode_ci DEFAULT '',
  `genericCreatorGeoLatitude` varchar(255) COLLATE utf8_unicode_ci DEFAULT '',
  `genericCreatorGeoLongitude` varchar(255) COLLATE utf8_unicode_ci DEFAULT '',
  `organizationCreatorDuns` varchar(255) COLLATE utf8_unicode_ci DEFAULT '',
  `organizationCreatorFounder` varchar(255) COLLATE utf8_unicode_ci DEFAULT '',
  `organizationCreatorFoundingDate` varchar(255) COLLATE utf8_unicode_ci DEFAULT '',
  `organizationCreatorFoundingLocation` varchar(255) COLLATE utf8_unicode_ci DEFAULT '',
  `organizationCreatorContactPoints` text COLLATE utf8_unicode_ci,
  `localBusinessCreatorOpeningHours` text COLLATE utf8_unicode_ci,
  `corporationCreatorTickerSymbol` varchar(255) COLLATE utf8_unicode_ci DEFAULT '',
  `restaurantCreatorServesCuisine` varchar(255) COLLATE utf8_unicode_ci DEFAULT '',
  `restaurantCreatorMenuUrl` varchar(255) COLLATE utf8_unicode_ci DEFAULT '',
  `restaurantCreatorReservationsUrl` varchar(255) COLLATE utf8_unicode_ci DEFAULT '',
  `personCreatorGender` varchar(255) COLLATE utf8_unicode_ci DEFAULT '',
  `personCreatorBirthPlace` varchar(255) COLLATE utf8_unicode_ci DEFAULT '',
  `genericCreatorHumansTxt` text COLLATE utf8_unicode_ci,
  `dateCreated` datetime NOT NULL,
  `dateUpdated` datetime NOT NULL,
  `uid` char(36) COLLATE utf8_unicode_ci NOT NULL DEFAULT '0',
  PRIMARY KEY (`id`),
  KEY `craft_seomatic_settings_siteSeoImageId_fk` (`siteSeoImageId`),
  KEY `craft_seomatic_settings_siteSeoTwitterImageId_fk` (`siteSeoTwitterImageId`),
  KEY `craft_seomatic_settings_siteSeoFacebookImageId_fk` (`siteSeoFacebookImageId`),
  KEY `craft_seomatic_settings_genericOwnerImageId_fk` (`genericOwnerImageId`),
  KEY `craft_seomatic_settings_genericCreatorImageId_fk` (`genericCreatorImageId`)
) ENGINE=InnoDB AUTO_INCREMENT=2 DEFAULT CHARSET=utf8 COLLATE=utf8_unicode_ci;

--
-- Data for table `craft_seomatic_settings`
--

INSERT INTO `craft_seomatic_settings` (`id`, `siteSeoImageId`, `siteSeoTwitterImageId`, `siteSeoFacebookImageId`, `genericOwnerImageId`, `genericCreatorImageId`, `locale`, `siteSeoName`, `siteSeoTitle`, `siteSeoTitleSeparator`, `siteSeoTitlePlacement`, `siteSeoDescription`, `siteSeoKeywords`, `siteSeoImageTransform`, `siteSeoFacebookImageTransform`, `siteSeoTwitterImageTransform`, `siteTwitterCardType`, `siteOpenGraphType`, `siteRobots`, `siteRobotsTxt`, `siteLinksSearchTargets`, `siteLinksQueryInput`, `googleSiteVerification`, `bingSiteVerification`, `googleAnalyticsUID`, `googleTagManagerID`, `googleAnalyticsSendPageview`, `googleAnalyticsAdvertising`, `googleAnalyticsEcommerce`, `googleAnalyticsEEcommerce`, `googleAnalyticsLinkAttribution`, `googleAnalyticsLinker`, `googleAnalyticsAnonymizeIp`, `siteOwnerType`, `siteOwnerSubType`, `siteOwnerSpecificType`, `genericOwnerName`, `genericOwnerAlternateName`, `genericOwnerDescription`, `genericOwnerUrl`, `genericOwnerTelephone`, `genericOwnerEmail`, `genericOwnerStreetAddress`, `genericOwnerAddressLocality`, `genericOwnerAddressRegion`, `genericOwnerPostalCode`, `genericOwnerAddressCountry`, `genericOwnerGeoLatitude`, `genericOwnerGeoLongitude`, `organizationOwnerDuns`, `organizationOwnerFounder`, `organizationOwnerFoundingDate`, `organizationOwnerFoundingLocation`, `organizationOwnerContactPoints`, `localBusinessPriceRange`, `localBusinessOwnerOpeningHours`, `corporationOwnerTickerSymbol`, `restaurantOwnerServesCuisine`, `restaurantOwnerMenuUrl`, `restaurantOwnerReservationsUrl`, `personOwnerGender`, `personOwnerBirthPlace`, `twitterHandle`, `facebookHandle`, `facebookProfileId`, `facebookAppId`, `linkedInHandle`, `googlePlusHandle`, `youtubeHandle`, `youtubeChannelHandle`, `instagramHandle`, `pinterestHandle`, `githubHandle`, `vimeoHandle`, `wikipediaUrl`, `siteCreatorType`, `siteCreatorSubType`, `siteCreatorSpecificType`, `genericCreatorName`, `genericCreatorAlternateName`, `genericCreatorDescription`, `genericCreatorUrl`, `genericCreatorTelephone`, `genericCreatorEmail`, `genericCreatorStreetAddress`, `genericCreatorAddressLocality`, `genericCreatorAddressRegion`, `genericCreatorPostalCode`, `genericCreatorAddressCountry`, `genericCreatorGeoLatitude`, `genericCreatorGeoLongitude`, `organizationCreatorDuns`, `organizationCreatorFounder`, `organizationCreatorFoundingDate`, `organizationCreatorFoundingLocation`, `organizationCreatorContactPoints`, `localBusinessCreatorOpeningHours`, `corporationCreatorTickerSymbol`, `restaurantCreatorServesCuisine`, `restaurantCreatorMenuUrl`, `restaurantCreatorReservationsUrl`, `personCreatorGender`, `personCreatorBirthPlace`, `genericCreatorHumansTxt`, `dateCreated`, `dateUpdated`, `uid`) VALUES
 ('1', NULL, NULL, NULL, NULL, NULL, 'en_us', 'Treno Kent', 'This is the default global title of the site pages.', '|', 'after', 'This is the default global natural language description of the content on the site pages.', 'default,global,comma-separated,keywords', '', '', '', 'summary', 'website', '', '# robots.txt for {{ siteUrl }}\n\nSitemap: {{ siteUrl }}/sitemap.xml\n\n# Don\'t allow web crawlers to index Craft\n\nUser-agent: *\nDisallow: /craft/\n', '', '', '', '', '', '', '1', '0', '0', '0', '0', '0', '0', 'Organization', 'Corporation', '', 'Treno Kent', '', '', 'https://trenokent.com/production/', '', '', '', '', '', '', '', '', '', '', '', '', '', '', '$$$', '', '', '', '', '', '', '', '', '', '', '', '', '', '', '', '', '', '', '', '', 'Organization', 'Corporation', '', '', '', '', '', '', '', '', '', '', '', '', '', '', '', '', '', '', '', '', '', '', '', '', '', '', '/* TEAM */\n\n{% if seomaticCreator.name is defined and seomaticCreator.name %}\nCreator: {{ seomaticCreator.name }}\n{% endif %}\n{% if seomaticCreator.url is defined and seomaticCreator.url %}\nURL: {{ seomaticCreator.url }}\n{% endif %}\n{% if seomaticCreator.description is defined and seomaticCreator.description %}\nDescription: {{ seomaticCreator.description }}\n{% endif %}\n\n/* THANKS */\n\nPixel & Tonic - https://pixelandtonic.com\n\n/* SITE */\n\nStandards: HTML5, CSS3\nComponents: Craft CMS, Yii, PHP, Javascript, SEOmatic', '2017-02-21 17:07:25', '2017-02-21 17:07:25', '77970081-6c1d-4604-bb03-695b31087084');



DROP TABLE IF EXISTS `craft_sessions`;


--
-- Schema for table `craft_sessions`
--
CREATE TABLE `craft_sessions` (
  `id` int(11) NOT NULL AUTO_INCREMENT,
  `userId` int(11) NOT NULL,
  `token` char(100) COLLATE utf8_unicode_ci NOT NULL,
  `dateCreated` datetime NOT NULL,
  `dateUpdated` datetime NOT NULL,
  `uid` char(36) COLLATE utf8_unicode_ci NOT NULL DEFAULT '0',
  PRIMARY KEY (`id`),
  KEY `craft_sessions_uid_idx` (`uid`),
  KEY `craft_sessions_token_idx` (`token`),
  KEY `craft_sessions_dateUpdated_idx` (`dateUpdated`),
  KEY `craft_sessions_userId_fk` (`userId`)
) ENGINE=InnoDB AUTO_INCREMENT=8 DEFAULT CHARSET=utf8 COLLATE=utf8_unicode_ci;

DROP TABLE IF EXISTS `craft_shunnedmessages`;


--
-- Schema for table `craft_shunnedmessages`
--
CREATE TABLE `craft_shunnedmessages` (
  `id` int(11) NOT NULL AUTO_INCREMENT,
  `userId` int(11) NOT NULL,
  `message` varchar(255) COLLATE utf8_unicode_ci NOT NULL,
  `expiryDate` datetime DEFAULT NULL,
  `dateCreated` datetime NOT NULL,
  `dateUpdated` datetime NOT NULL,
  `uid` char(36) COLLATE utf8_unicode_ci NOT NULL DEFAULT '0',
  PRIMARY KEY (`id`),
  UNIQUE KEY `craft_shunnedmessages_userId_message_unq_idx` (`userId`,`message`)
) ENGINE=InnoDB DEFAULT CHARSET=utf8 COLLATE=utf8_unicode_ci;

DROP TABLE IF EXISTS `craft_structureelements`;


--
-- Schema for table `craft_structureelements`
--
CREATE TABLE `craft_structureelements` (
  `id` int(11) NOT NULL AUTO_INCREMENT,
  `structureId` int(11) NOT NULL,
  `elementId` int(11) DEFAULT NULL,
  `root` int(11) unsigned DEFAULT NULL,
  `lft` int(11) unsigned NOT NULL,
  `rgt` int(11) unsigned NOT NULL,
  `level` smallint(6) unsigned NOT NULL,
  `dateCreated` datetime NOT NULL,
  `dateUpdated` datetime NOT NULL,
  `uid` char(36) COLLATE utf8_unicode_ci NOT NULL DEFAULT '0',
  PRIMARY KEY (`id`),
  UNIQUE KEY `craft_structureelements_structureId_elementId_unq_idx` (`structureId`,`elementId`),
  KEY `craft_structureelements_root_idx` (`root`),
  KEY `craft_structureelements_lft_idx` (`lft`),
  KEY `craft_structureelements_rgt_idx` (`rgt`),
  KEY `craft_structureelements_level_idx` (`level`),
  KEY `craft_structureelements_elementId_fk` (`elementId`)
) ENGINE=InnoDB AUTO_INCREMENT=30 DEFAULT CHARSET=utf8 COLLATE=utf8_unicode_ci;

--
-- Data for table `craft_structureelements`
--

INSERT INTO `craft_structureelements` (`id`, `structureId`, `elementId`, `root`, `lft`, `rgt`, `level`, `dateCreated`, `dateUpdated`, `uid`) VALUES
 ('1', '1', NULL, '1', '1', '12', '0', '2017-01-24 15:31:16', '2017-01-24 15:31:16', 'f3e53aa2-be2d-4708-a639-df79b63516de'),
 ('2', '1', '5', '1', '2', '3', '1', '2017-01-24 15:31:16', '2017-01-24 15:31:16', '2826df35-f6f7-4137-8d4c-af2c80a4fb78'),
 ('3', '2', NULL, '3', '1', '4', '0', '2017-01-31 16:39:46', '2017-01-31 16:39:46', 'edc9fdce-47b1-4815-87a2-9f09717d7735'),
 ('6', '2', '23', '3', '2', '3', '1', '2017-01-31 17:04:30', '2017-01-31 17:04:30', 'b1255a17-6de1-4896-b660-fed4fde211f1'),
 ('7', '1', '25', '1', '4', '5', '1', '2017-01-31 17:05:44', '2017-01-31 17:05:44', 'f8fe67c8-61bf-47b3-a8df-06b06ade8547'),
 ('8', '3', NULL, '8', '1', '14', '0', '2017-02-02 17:37:04', '2017-02-02 17:37:04', 'aa3c1146-b7c0-4948-b3cb-658e0ba72abe'),
 ('9', '3', '28', '8', '4', '5', '1', '2017-02-02 17:37:04', '2017-02-02 17:37:04', '5a24d8ab-e44a-43c4-81ea-79cd99c27af6'),
 ('10', '3', '29', '8', '6', '7', '1', '2017-02-02 17:37:07', '2017-02-02 17:37:07', '92270886-696a-4392-bc94-d9d86d6648a7'),
 ('11', '4', NULL, '11', '1', '8', '0', '2017-02-02 17:37:14', '2017-02-02 17:37:14', '2f77bd2e-7d6a-4dc8-8dda-2d728433ef91'),
 ('12', '4', '30', '11', '2', '3', '1', '2017-02-02 17:37:14', '2017-02-02 17:37:14', '077e9f28-4942-42f4-b947-4ae76cbd52ce'),
 ('13', '4', '31', '11', '4', '5', '1', '2017-02-02 17:37:18', '2017-02-02 17:37:18', 'ce47ec8e-c1fc-4a56-aa6f-d77d2b5ccf7a'),
 ('14', '4', '32', '11', '6', '7', '1', '2017-02-02 17:37:20', '2017-02-02 17:37:20', '88347ce4-1aa2-4dc5-9d65-f4f739611be6'),
 ('15', '5', NULL, '15', '1', '16', '0', '2017-02-09 17:10:08', '2017-02-09 17:10:08', '48664810-6e02-4a13-9fb4-8659c501fae0'),
 ('16', '5', '40', '15', '2', '3', '1', '2017-02-09 17:10:08', '2017-02-09 17:10:08', '74ed9067-429e-4758-95e5-96824f97021e'),
 ('17', '5', '41', '15', '4', '5', '1', '2017-02-09 17:10:12', '2017-02-09 17:10:12', 'bff05d80-76c8-427d-ab2e-d9d43d954ae6'),
 ('18', '5', '42', '15', '6', '7', '1', '2017-02-09 17:10:15', '2017-02-09 17:10:15', 'e5dbda9d-01f6-4da3-a6cc-22fcb0f3cc16'),
 ('19', '5', '43', '15', '8', '9', '1', '2017-02-09 17:10:19', '2017-02-09 17:10:19', '76171de0-fa44-47a7-9541-1102512be61b'),
 ('20', '5', '44', '15', '10', '11', '1', '2017-02-09 17:10:24', '2017-02-09 17:10:24', 'a277031a-d606-4707-9909-20396edc1fd8'),
 ('21', '5', '45', '15', '12', '13', '1', '2017-02-09 17:10:29', '2017-02-09 17:10:29', '9dee2d9f-924b-47fa-9b9c-f9f6ac30039f'),
 ('22', '5', '46', '15', '14', '15', '1', '2017-02-09 17:10:34', '2017-02-09 17:10:34', 'e33d665b-9083-4d94-b044-f8b368f8a0fa'),
 ('23', '3', '63', '8', '2', '3', '1', '2017-02-24 15:52:03', '2017-02-24 15:52:03', '3af4693b-b4f3-4349-82d9-0293ed8f55e6'),
 ('24', '3', '80', '8', '10', '11', '1', '2017-04-20 13:22:43', '2017-04-20 13:22:43', 'a7f3615d-de7f-41fc-9543-fc23a4068f5f'),
 ('25', '3', '81', '8', '8', '9', '1', '2017-04-20 13:22:48', '2017-04-20 13:22:48', '99b5a4a7-8979-41a7-b55c-f75f3d7cee69'),
 ('26', '1', '84', '1', '6', '7', '1', '2017-04-20 13:23:56', '2017-04-20 13:23:56', '4366cd63-e7aa-42d6-9903-2df8df83fc22'),
 ('27', '1', '85', '1', '8', '9', '1', '2017-04-20 13:24:05', '2017-04-20 13:24:05', 'babaecf2-21ba-466b-9478-ef5a75008b28'),
 ('28', '1', '86', '1', '10', '11', '1', '2017-04-20 13:24:23', '2017-04-20 13:24:23', '03ec9fd5-b93a-45b0-ae8d-608053a5765a'),
 ('29', '3', '108', '8', '12', '13', '1', '2017-10-10 17:36:00', '2017-10-10 17:36:00', '634900e4-f392-4fd1-92f7-374f5f510f6c');



DROP TABLE IF EXISTS `craft_structures`;


--
-- Schema for table `craft_structures`
--
CREATE TABLE `craft_structures` (
  `id` int(11) NOT NULL AUTO_INCREMENT,
  `maxLevels` smallint(6) unsigned DEFAULT NULL,
  `dateCreated` datetime NOT NULL,
  `dateUpdated` datetime NOT NULL,
  `uid` char(36) COLLATE utf8_unicode_ci NOT NULL DEFAULT '0',
  PRIMARY KEY (`id`)
) ENGINE=InnoDB AUTO_INCREMENT=6 DEFAULT CHARSET=utf8 COLLATE=utf8_unicode_ci;

--
-- Data for table `craft_structures`
--

INSERT INTO `craft_structures` (`id`, `maxLevels`, `dateCreated`, `dateUpdated`, `uid`) VALUES
 ('1', NULL, '2017-01-24 15:30:57', '2017-09-28 19:17:52', 'e85942b1-dc9f-4cbd-abc7-68d0be194d92'),
 ('2', NULL, '2017-01-31 16:39:09', '2017-01-31 16:39:09', 'ba31c865-9915-4df9-809d-b1923c275e1c'),
 ('3', NULL, '2017-02-02 17:36:43', '2017-09-26 20:17:24', '00c712b9-7142-484c-b430-2ce68829756b'),
 ('4', NULL, '2017-02-02 17:36:56', '2017-02-02 17:36:56', '4c344931-ecc1-48f6-9705-7783e9c9350d'),
 ('5', NULL, '2017-02-09 17:09:58', '2017-02-09 17:10:03', '44960b45-65d2-4b02-b046-540910b8ef90');



DROP TABLE IF EXISTS `craft_systemsettings`;


--
-- Schema for table `craft_systemsettings`
--
CREATE TABLE `craft_systemsettings` (
  `id` int(11) NOT NULL AUTO_INCREMENT,
  `category` varchar(15) COLLATE utf8_unicode_ci NOT NULL,
  `settings` text COLLATE utf8_unicode_ci,
  `dateCreated` datetime NOT NULL,
  `dateUpdated` datetime NOT NULL,
  `uid` char(36) COLLATE utf8_unicode_ci NOT NULL DEFAULT '0',
  PRIMARY KEY (`id`),
  UNIQUE KEY `craft_systemsettings_category_unq_idx` (`category`)
) ENGINE=InnoDB AUTO_INCREMENT=2 DEFAULT CHARSET=utf8 COLLATE=utf8_unicode_ci;

--
-- Data for table `craft_systemsettings`
--

INSERT INTO `craft_systemsettings` (`id`, `category`, `settings`, `dateCreated`, `dateUpdated`, `uid`) VALUES
 ('1', 'email', '{\"protocol\":\"php\",\"emailAddress\":\"challahan@ideabasekent.com\",\"senderName\":\"Treno Kent\"}', '2017-01-24 03:51:11', '2017-01-24 03:51:11', '73850939-6c21-4ea5-8a8b-653dbd38a6fb');



DROP TABLE IF EXISTS `craft_taggroups`;


--
-- Schema for table `craft_taggroups`
--
CREATE TABLE `craft_taggroups` (
  `id` int(11) NOT NULL AUTO_INCREMENT,
  `name` varchar(255) COLLATE utf8_unicode_ci NOT NULL,
  `handle` varchar(255) COLLATE utf8_unicode_ci NOT NULL,
  `fieldLayoutId` int(10) DEFAULT NULL,
  `dateCreated` datetime NOT NULL,
  `dateUpdated` datetime NOT NULL,
  `uid` char(36) COLLATE utf8_unicode_ci NOT NULL DEFAULT '0',
  PRIMARY KEY (`id`),
  UNIQUE KEY `craft_taggroups_name_unq_idx` (`name`),
  UNIQUE KEY `craft_taggroups_handle_unq_idx` (`handle`),
  KEY `craft_taggroups_fieldLayoutId_fk` (`fieldLayoutId`)
) ENGINE=InnoDB AUTO_INCREMENT=2 DEFAULT CHARSET=utf8 COLLATE=utf8_unicode_ci;

--
-- Data for table `craft_taggroups`
--

INSERT INTO `craft_taggroups` (`id`, `name`, `handle`, `fieldLayoutId`, `dateCreated`, `dateUpdated`, `uid`) VALUES
 ('1', 'Default', 'default', '1', '2017-01-24 03:51:11', '2017-01-24 03:51:11', '996dc25e-c2fc-4364-b2c2-6b010ed02d64');



DROP TABLE IF EXISTS `craft_tags`;


--
-- Schema for table `craft_tags`
--
CREATE TABLE `craft_tags` (
  `id` int(11) NOT NULL,
  `groupId` int(11) NOT NULL,
  `dateCreated` datetime NOT NULL,
  `dateUpdated` datetime NOT NULL,
  `uid` char(36) COLLATE utf8_unicode_ci NOT NULL DEFAULT '0',
  PRIMARY KEY (`id`),
  KEY `craft_tags_groupId_fk` (`groupId`)
) ENGINE=InnoDB DEFAULT CHARSET=utf8 COLLATE=utf8_unicode_ci;

DROP TABLE IF EXISTS `craft_tasks`;


--
-- Schema for table `craft_tasks`
--
CREATE TABLE `craft_tasks` (
  `id` int(11) NOT NULL AUTO_INCREMENT,
  `root` int(11) unsigned DEFAULT NULL,
  `lft` int(11) unsigned NOT NULL,
  `rgt` int(11) unsigned NOT NULL,
  `level` smallint(6) unsigned NOT NULL,
  `currentStep` int(11) unsigned DEFAULT NULL,
  `totalSteps` int(11) unsigned DEFAULT NULL,
  `status` enum('pending','error','running') COLLATE utf8_unicode_ci DEFAULT NULL,
  `type` varchar(150) COLLATE utf8_unicode_ci NOT NULL,
  `description` varchar(255) COLLATE utf8_unicode_ci DEFAULT NULL,
  `settings` mediumtext COLLATE utf8_unicode_ci,
  `dateCreated` datetime NOT NULL,
  `dateUpdated` datetime NOT NULL,
  `uid` char(36) COLLATE utf8_unicode_ci NOT NULL DEFAULT '0',
  PRIMARY KEY (`id`),
  KEY `craft_tasks_root_idx` (`root`),
  KEY `craft_tasks_lft_idx` (`lft`),
  KEY `craft_tasks_rgt_idx` (`rgt`),
  KEY `craft_tasks_level_idx` (`level`)
) ENGINE=InnoDB AUTO_INCREMENT=12 DEFAULT CHARSET=utf8 COLLATE=utf8_unicode_ci;

DROP TABLE IF EXISTS `craft_templatecachecriteria`;


--
-- Schema for table `craft_templatecachecriteria`
--
CREATE TABLE `craft_templatecachecriteria` (
  `id` int(11) NOT NULL AUTO_INCREMENT,
  `cacheId` int(11) NOT NULL,
  `type` varchar(150) COLLATE utf8_unicode_ci NOT NULL,
  `criteria` text COLLATE utf8_unicode_ci NOT NULL,
  PRIMARY KEY (`id`),
  KEY `craft_templatecachecriteria_cacheId_fk` (`cacheId`),
  KEY `craft_templatecachecriteria_type_idx` (`type`)
) ENGINE=InnoDB AUTO_INCREMENT=700 DEFAULT CHARSET=utf8 COLLATE=utf8_unicode_ci;

DROP TABLE IF EXISTS `craft_templatecacheelements`;


--
-- Schema for table `craft_templatecacheelements`
--
CREATE TABLE `craft_templatecacheelements` (
  `cacheId` int(11) NOT NULL,
  `elementId` int(11) NOT NULL,
  KEY `craft_templatecacheelements_cacheId_fk` (`cacheId`),
  KEY `craft_templatecacheelements_elementId_fk` (`elementId`)
) ENGINE=InnoDB DEFAULT CHARSET=utf8 COLLATE=utf8_unicode_ci;

DROP TABLE IF EXISTS `craft_templatecaches`;


--
-- Schema for table `craft_templatecaches`
--
CREATE TABLE `craft_templatecaches` (
  `id` int(11) NOT NULL AUTO_INCREMENT,
  `cacheKey` varchar(255) COLLATE utf8_unicode_ci NOT NULL,
  `locale` char(12) COLLATE utf8_unicode_ci NOT NULL,
  `path` varchar(255) COLLATE utf8_unicode_ci DEFAULT NULL,
  `expiryDate` datetime NOT NULL,
  `body` mediumtext COLLATE utf8_unicode_ci NOT NULL,
  PRIMARY KEY (`id`),
  KEY `craft_templatecaches_expiryDate_cacheKey_locale_path_idx` (`expiryDate`,`cacheKey`,`locale`,`path`),
  KEY `craft_templatecaches_locale_fk` (`locale`)
) ENGINE=InnoDB AUTO_INCREMENT=198 DEFAULT CHARSET=utf8 COLLATE=utf8_unicode_ci;

DROP TABLE IF EXISTS `craft_tokens`;


--
-- Schema for table `craft_tokens`
--
CREATE TABLE `craft_tokens` (
  `id` int(11) NOT NULL AUTO_INCREMENT,
  `token` char(32) COLLATE utf8_unicode_ci NOT NULL,
  `route` text COLLATE utf8_unicode_ci,
  `usageLimit` tinyint(3) unsigned DEFAULT NULL,
  `usageCount` tinyint(3) unsigned DEFAULT NULL,
  `expiryDate` datetime NOT NULL,
  `dateCreated` datetime NOT NULL,
  `dateUpdated` datetime NOT NULL,
  `uid` char(36) COLLATE utf8_unicode_ci NOT NULL DEFAULT '0',
  PRIMARY KEY (`id`),
  UNIQUE KEY `craft_tokens_token_unq_idx` (`token`),
  KEY `craft_tokens_expiryDate_idx` (`expiryDate`)
) ENGINE=InnoDB DEFAULT CHARSET=utf8 COLLATE=utf8_unicode_ci;

DROP TABLE IF EXISTS `craft_usergroups`;


--
-- Schema for table `craft_usergroups`
--
CREATE TABLE `craft_usergroups` (
  `id` int(11) NOT NULL AUTO_INCREMENT,
  `name` varchar(255) COLLATE utf8_unicode_ci NOT NULL,
  `handle` varchar(255) COLLATE utf8_unicode_ci NOT NULL,
  `dateCreated` datetime NOT NULL,
  `dateUpdated` datetime NOT NULL,
  `uid` char(36) COLLATE utf8_unicode_ci NOT NULL DEFAULT '0',
  PRIMARY KEY (`id`),
  UNIQUE KEY `craft_usergroups_name_unq_idx` (`name`),
  UNIQUE KEY `craft_usergroups_handle_unq_idx` (`handle`)
) ENGINE=InnoDB DEFAULT CHARSET=utf8 COLLATE=utf8_unicode_ci;

DROP TABLE IF EXISTS `craft_usergroups_users`;


--
-- Schema for table `craft_usergroups_users`
--
CREATE TABLE `craft_usergroups_users` (
  `id` int(11) NOT NULL AUTO_INCREMENT,
  `groupId` int(11) NOT NULL,
  `userId` int(11) NOT NULL,
  `dateCreated` datetime NOT NULL,
  `dateUpdated` datetime NOT NULL,
  `uid` char(36) COLLATE utf8_unicode_ci NOT NULL DEFAULT '0',
  PRIMARY KEY (`id`),
  UNIQUE KEY `craft_usergroups_users_groupId_userId_unq_idx` (`groupId`,`userId`),
  KEY `craft_usergroups_users_userId_fk` (`userId`)
) ENGINE=InnoDB DEFAULT CHARSET=utf8 COLLATE=utf8_unicode_ci;

DROP TABLE IF EXISTS `craft_userpermissions`;


--
-- Schema for table `craft_userpermissions`
--
CREATE TABLE `craft_userpermissions` (
  `id` int(11) NOT NULL AUTO_INCREMENT,
  `name` varchar(255) COLLATE utf8_unicode_ci NOT NULL,
  `dateCreated` datetime NOT NULL,
  `dateUpdated` datetime NOT NULL,
  `uid` char(36) COLLATE utf8_unicode_ci NOT NULL DEFAULT '0',
  PRIMARY KEY (`id`),
  UNIQUE KEY `craft_userpermissions_name_unq_idx` (`name`)
) ENGINE=InnoDB DEFAULT CHARSET=utf8 COLLATE=utf8_unicode_ci;

DROP TABLE IF EXISTS `craft_userpermissions_usergroups`;


--
-- Schema for table `craft_userpermissions_usergroups`
--
CREATE TABLE `craft_userpermissions_usergroups` (
  `id` int(11) NOT NULL AUTO_INCREMENT,
  `permissionId` int(11) NOT NULL,
  `groupId` int(11) NOT NULL,
  `dateCreated` datetime NOT NULL,
  `dateUpdated` datetime NOT NULL,
  `uid` char(36) COLLATE utf8_unicode_ci NOT NULL DEFAULT '0',
  PRIMARY KEY (`id`),
  UNIQUE KEY `craft_userpermissions_usergroups_permissionId_groupId_unq_idx` (`permissionId`,`groupId`),
  KEY `craft_userpermissions_usergroups_groupId_fk` (`groupId`)
) ENGINE=InnoDB DEFAULT CHARSET=utf8 COLLATE=utf8_unicode_ci;

DROP TABLE IF EXISTS `craft_userpermissions_users`;


--
-- Schema for table `craft_userpermissions_users`
--
CREATE TABLE `craft_userpermissions_users` (
  `id` int(11) NOT NULL AUTO_INCREMENT,
  `permissionId` int(11) NOT NULL,
  `userId` int(11) NOT NULL,
  `dateCreated` datetime NOT NULL,
  `dateUpdated` datetime NOT NULL,
  `uid` char(36) COLLATE utf8_unicode_ci NOT NULL DEFAULT '0',
  PRIMARY KEY (`id`),
  UNIQUE KEY `craft_userpermissions_users_permissionId_userId_unq_idx` (`permissionId`,`userId`),
  KEY `craft_userpermissions_users_userId_fk` (`userId`)
) ENGINE=InnoDB DEFAULT CHARSET=utf8 COLLATE=utf8_unicode_ci;

DROP TABLE IF EXISTS `craft_users`;


--
-- Schema for table `craft_users`
--
CREATE TABLE `craft_users` (
  `id` int(11) NOT NULL,
  `username` varchar(100) COLLATE utf8_unicode_ci NOT NULL,
  `photo` varchar(100) COLLATE utf8_unicode_ci DEFAULT NULL,
  `firstName` varchar(100) COLLATE utf8_unicode_ci DEFAULT NULL,
  `lastName` varchar(100) COLLATE utf8_unicode_ci DEFAULT NULL,
  `email` varchar(255) COLLATE utf8_unicode_ci NOT NULL,
  `password` char(255) COLLATE utf8_unicode_ci DEFAULT NULL,
  `preferredLocale` char(12) COLLATE utf8_unicode_ci DEFAULT NULL,
  `weekStartDay` tinyint(1) unsigned NOT NULL DEFAULT '0',
  `admin` tinyint(1) unsigned NOT NULL DEFAULT '0',
  `client` tinyint(1) unsigned NOT NULL DEFAULT '0',
  `locked` tinyint(1) unsigned NOT NULL DEFAULT '0',
  `suspended` tinyint(1) unsigned NOT NULL DEFAULT '0',
  `pending` tinyint(1) unsigned NOT NULL DEFAULT '0',
  `archived` tinyint(1) unsigned NOT NULL DEFAULT '0',
  `lastLoginDate` datetime DEFAULT NULL,
  `lastLoginAttemptIPAddress` varchar(45) COLLATE utf8_unicode_ci DEFAULT NULL,
  `invalidLoginWindowStart` datetime DEFAULT NULL,
  `invalidLoginCount` tinyint(4) unsigned DEFAULT NULL,
  `lastInvalidLoginDate` datetime DEFAULT NULL,
  `lockoutDate` datetime DEFAULT NULL,
  `verificationCode` char(100) COLLATE utf8_unicode_ci DEFAULT NULL,
  `verificationCodeIssuedDate` datetime DEFAULT NULL,
  `unverifiedEmail` varchar(255) COLLATE utf8_unicode_ci DEFAULT NULL,
  `passwordResetRequired` tinyint(1) unsigned NOT NULL DEFAULT '0',
  `lastPasswordChangeDate` datetime DEFAULT NULL,
  `dateCreated` datetime NOT NULL,
  `dateUpdated` datetime NOT NULL,
  `uid` char(36) COLLATE utf8_unicode_ci NOT NULL DEFAULT '0',
  PRIMARY KEY (`id`),
  UNIQUE KEY `craft_users_username_unq_idx` (`username`),
  UNIQUE KEY `craft_users_email_unq_idx` (`email`),
  KEY `craft_users_verificationCode_idx` (`verificationCode`),
  KEY `craft_users_uid_idx` (`uid`),
  KEY `craft_users_preferredLocale_fk` (`preferredLocale`)
) ENGINE=InnoDB DEFAULT CHARSET=utf8 COLLATE=utf8_unicode_ci;

--
-- Data for table `craft_users`
--

INSERT INTO `craft_users` (`id`, `username`, `photo`, `firstName`, `lastName`, `email`, `password`, `preferredLocale`, `weekStartDay`, `admin`, `client`, `locked`, `suspended`, `pending`, `archived`, `lastLoginDate`, `lastLoginAttemptIPAddress`, `invalidLoginWindowStart`, `invalidLoginCount`, `lastInvalidLoginDate`, `lockoutDate`, `verificationCode`, `verificationCodeIssuedDate`, `unverifiedEmail`, `passwordResetRequired`, `lastPasswordChangeDate`, `dateCreated`, `dateUpdated`, `uid`) VALUES
 ('1', 'ideabase', NULL, 'IdeaBase', '', 'challahan@ideabasekent.com', '$2y$13$AJd/byln.bKkblfR6AdfFe0cDjCfOZIkz9WVV1G7wGDKK5IEAnbWK', NULL, '0', '1', '0', '0', '0', '0', '0', '2017-11-09 19:12:17', '::1', NULL, NULL, '2017-11-07 20:24:24', NULL, NULL, NULL, NULL, '0', '2017-01-24 03:51:10', '2017-01-24 03:51:10', '2017-11-09 19:12:17', '83f7a759-097e-4a11-baab-91b00c8a5817');



DROP TABLE IF EXISTS `craft_widgets`;


--
-- Schema for table `craft_widgets`
--
CREATE TABLE `craft_widgets` (
  `id` int(11) NOT NULL AUTO_INCREMENT,
  `userId` int(11) NOT NULL,
  `type` varchar(150) COLLATE utf8_unicode_ci NOT NULL,
  `sortOrder` smallint(6) unsigned DEFAULT NULL,
  `colspan` tinyint(4) unsigned DEFAULT NULL,
  `settings` text COLLATE utf8_unicode_ci,
  `enabled` tinyint(1) unsigned NOT NULL DEFAULT '1',
  `dateCreated` datetime NOT NULL,
  `dateUpdated` datetime NOT NULL,
  `uid` char(36) COLLATE utf8_unicode_ci NOT NULL DEFAULT '0',
  PRIMARY KEY (`id`),
  KEY `craft_widgets_userId_fk` (`userId`)
) ENGINE=InnoDB AUTO_INCREMENT=5 DEFAULT CHARSET=utf8 COLLATE=utf8_unicode_ci;

--
-- Data for table `craft_widgets`
--

INSERT INTO `craft_widgets` (`id`, `userId`, `type`, `sortOrder`, `colspan`, `settings`, `enabled`, `dateCreated`, `dateUpdated`, `uid`) VALUES
 ('1', '1', 'RecentEntries', '1', NULL, NULL, '1', '2017-01-24 03:51:14', '2017-01-24 03:51:14', '6ae64f49-f629-4eb5-a846-a757b3f0dde2'),
 ('2', '1', 'GetHelp', '2', NULL, NULL, '1', '2017-01-24 03:51:14', '2017-01-24 03:51:14', '0ca95c34-02af-4ab6-b3b8-03ab3daeb469'),
 ('3', '1', 'Updates', '3', NULL, NULL, '1', '2017-01-24 03:51:14', '2017-01-24 03:51:14', '8a55f3b2-5720-4a94-8123-e78163078dfa'),
 ('4', '1', 'Feed', '4', NULL, '{\"url\":\"https:\\/\\/craftcms.com\\/news.rss\",\"title\":\"Craft News\"}', '1', '2017-01-24 03:51:14', '2017-01-24 03:51:14', '94131d1c-ae04-44be-9110-ec0c667d8f64');


--
-- Constraints for tables
--


--
-- Constraints for table `craft_assetfiles`
--
ALTER TABLE `craft_assetfiles`
	ADD CONSTRAINT `craft_assetfiles_folderId_fk` FOREIGN KEY (`folderId`) REFERENCES `craft_assetfolders` (`id`) ON DELETE CASCADE,
	ADD CONSTRAINT `craft_assetfiles_id_fk` FOREIGN KEY (`id`) REFERENCES `craft_elements` (`id`) ON DELETE CASCADE,
	ADD CONSTRAINT `craft_assetfiles_sourceId_fk` FOREIGN KEY (`sourceId`) REFERENCES `craft_assetsources` (`id`) ON DELETE CASCADE;

--
-- Constraints for table `craft_assetfolders`
--
ALTER TABLE `craft_assetfolders`
	ADD CONSTRAINT `craft_assetfolders_parentId_fk` FOREIGN KEY (`parentId`) REFERENCES `craft_assetfolders` (`id`) ON DELETE CASCADE,
	ADD CONSTRAINT `craft_assetfolders_sourceId_fk` FOREIGN KEY (`sourceId`) REFERENCES `craft_assetsources` (`id`) ON DELETE CASCADE;

--
-- Constraints for table `craft_assetindexdata`
--
ALTER TABLE `craft_assetindexdata`
	ADD CONSTRAINT `craft_assetindexdata_sourceId_fk` FOREIGN KEY (`sourceId`) REFERENCES `craft_assetsources` (`id`) ON DELETE CASCADE;

--
-- Constraints for table `craft_assetsources`
--
ALTER TABLE `craft_assetsources`
	ADD CONSTRAINT `craft_assetsources_fieldLayoutId_fk` FOREIGN KEY (`fieldLayoutId`) REFERENCES `craft_fieldlayouts` (`id`) ON DELETE SET NULL;

--
-- Constraints for table `craft_categories`
--
ALTER TABLE `craft_categories`
	ADD CONSTRAINT `craft_categories_groupId_fk` FOREIGN KEY (`groupId`) REFERENCES `craft_categorygroups` (`id`) ON DELETE CASCADE,
	ADD CONSTRAINT `craft_categories_id_fk` FOREIGN KEY (`id`) REFERENCES `craft_elements` (`id`) ON DELETE CASCADE;

--
-- Constraints for table `craft_categorygroups`
--
ALTER TABLE `craft_categorygroups`
	ADD CONSTRAINT `craft_categorygroups_fieldLayoutId_fk` FOREIGN KEY (`fieldLayoutId`) REFERENCES `craft_fieldlayouts` (`id`) ON DELETE SET NULL,
	ADD CONSTRAINT `craft_categorygroups_structureId_fk` FOREIGN KEY (`structureId`) REFERENCES `craft_structures` (`id`) ON DELETE CASCADE;

--
-- Constraints for table `craft_categorygroups_i18n`
--
ALTER TABLE `craft_categorygroups_i18n`
	ADD CONSTRAINT `craft_categorygroups_i18n_groupId_fk` FOREIGN KEY (`groupId`) REFERENCES `craft_categorygroups` (`id`) ON DELETE CASCADE,
	ADD CONSTRAINT `craft_categorygroups_i18n_locale_fk` FOREIGN KEY (`locale`) REFERENCES `craft_locales` (`locale`) ON DELETE CASCADE ON UPDATE CASCADE;

--
-- Constraints for table `craft_content`
--
ALTER TABLE `craft_content`
	ADD CONSTRAINT `craft_content_elementId_fk` FOREIGN KEY (`elementId`) REFERENCES `craft_elements` (`id`) ON DELETE CASCADE,
	ADD CONSTRAINT `craft_content_locale_fk` FOREIGN KEY (`locale`) REFERENCES `craft_locales` (`locale`) ON DELETE CASCADE ON UPDATE CASCADE;

--
-- Constraints for table `craft_elements_i18n`
--
ALTER TABLE `craft_elements_i18n`
	ADD CONSTRAINT `craft_elements_i18n_elementId_fk` FOREIGN KEY (`elementId`) REFERENCES `craft_elements` (`id`) ON DELETE CASCADE,
	ADD CONSTRAINT `craft_elements_i18n_locale_fk` FOREIGN KEY (`locale`) REFERENCES `craft_locales` (`locale`) ON DELETE CASCADE ON UPDATE CASCADE;

--
-- Constraints for table `craft_emailmessages`
--
ALTER TABLE `craft_emailmessages`
	ADD CONSTRAINT `craft_emailmessages_locale_fk` FOREIGN KEY (`locale`) REFERENCES `craft_locales` (`locale`) ON DELETE CASCADE ON UPDATE CASCADE;

--
-- Constraints for table `craft_entries`
--
ALTER TABLE `craft_entries`
	ADD CONSTRAINT `craft_entries_authorId_fk` FOREIGN KEY (`authorId`) REFERENCES `craft_users` (`id`) ON DELETE CASCADE,
	ADD CONSTRAINT `craft_entries_id_fk` FOREIGN KEY (`id`) REFERENCES `craft_elements` (`id`) ON DELETE CASCADE,
	ADD CONSTRAINT `craft_entries_sectionId_fk` FOREIGN KEY (`sectionId`) REFERENCES `craft_sections` (`id`) ON DELETE CASCADE,
	ADD CONSTRAINT `craft_entries_typeId_fk` FOREIGN KEY (`typeId`) REFERENCES `craft_entrytypes` (`id`) ON DELETE CASCADE;

--
-- Constraints for table `craft_entrydrafts`
--
ALTER TABLE `craft_entrydrafts`
	ADD CONSTRAINT `craft_entrydrafts_creatorId_fk` FOREIGN KEY (`creatorId`) REFERENCES `craft_users` (`id`) ON DELETE CASCADE,
	ADD CONSTRAINT `craft_entrydrafts_entryId_fk` FOREIGN KEY (`entryId`) REFERENCES `craft_entries` (`id`) ON DELETE CASCADE,
	ADD CONSTRAINT `craft_entrydrafts_locale_fk` FOREIGN KEY (`locale`) REFERENCES `craft_locales` (`locale`) ON DELETE CASCADE ON UPDATE CASCADE,
	ADD CONSTRAINT `craft_entrydrafts_sectionId_fk` FOREIGN KEY (`sectionId`) REFERENCES `craft_sections` (`id`) ON DELETE CASCADE;

--
-- Constraints for table `craft_entrytypes`
--
ALTER TABLE `craft_entrytypes`
	ADD CONSTRAINT `craft_entrytypes_fieldLayoutId_fk` FOREIGN KEY (`fieldLayoutId`) REFERENCES `craft_fieldlayouts` (`id`) ON DELETE SET NULL,
	ADD CONSTRAINT `craft_entrytypes_sectionId_fk` FOREIGN KEY (`sectionId`) REFERENCES `craft_sections` (`id`) ON DELETE CASCADE;

--
-- Constraints for table `craft_entryversions`
--
ALTER TABLE `craft_entryversions`
	ADD CONSTRAINT `craft_entryversions_creatorId_fk` FOREIGN KEY (`creatorId`) REFERENCES `craft_users` (`id`) ON DELETE SET NULL,
	ADD CONSTRAINT `craft_entryversions_entryId_fk` FOREIGN KEY (`entryId`) REFERENCES `craft_entries` (`id`) ON DELETE CASCADE,
	ADD CONSTRAINT `craft_entryversions_locale_fk` FOREIGN KEY (`locale`) REFERENCES `craft_locales` (`locale`) ON DELETE CASCADE ON UPDATE CASCADE,
	ADD CONSTRAINT `craft_entryversions_sectionId_fk` FOREIGN KEY (`sectionId`) REFERENCES `craft_sections` (`id`) ON DELETE CASCADE;

--
-- Constraints for table `craft_fieldlayoutfields`
--
ALTER TABLE `craft_fieldlayoutfields`
	ADD CONSTRAINT `craft_fieldlayoutfields_fieldId_fk` FOREIGN KEY (`fieldId`) REFERENCES `craft_fields` (`id`) ON DELETE CASCADE,
	ADD CONSTRAINT `craft_fieldlayoutfields_layoutId_fk` FOREIGN KEY (`layoutId`) REFERENCES `craft_fieldlayouts` (`id`) ON DELETE CASCADE,
	ADD CONSTRAINT `craft_fieldlayoutfields_tabId_fk` FOREIGN KEY (`tabId`) REFERENCES `craft_fieldlayouttabs` (`id`) ON DELETE CASCADE;

--
-- Constraints for table `craft_fieldlayouttabs`
--
ALTER TABLE `craft_fieldlayouttabs`
	ADD CONSTRAINT `craft_fieldlayouttabs_layoutId_fk` FOREIGN KEY (`layoutId`) REFERENCES `craft_fieldlayouts` (`id`) ON DELETE CASCADE;

--
-- Constraints for table `craft_fields`
--
ALTER TABLE `craft_fields`
	ADD CONSTRAINT `craft_fields_groupId_fk` FOREIGN KEY (`groupId`) REFERENCES `craft_fieldgroups` (`id`) ON DELETE CASCADE;

--
-- Constraints for table `craft_globalsets`
--
ALTER TABLE `craft_globalsets`
	ADD CONSTRAINT `craft_globalsets_fieldLayoutId_fk` FOREIGN KEY (`fieldLayoutId`) REFERENCES `craft_fieldlayouts` (`id`) ON DELETE SET NULL,
	ADD CONSTRAINT `craft_globalsets_id_fk` FOREIGN KEY (`id`) REFERENCES `craft_elements` (`id`) ON DELETE CASCADE;

--
-- Constraints for table `craft_matrixblocks`
--
ALTER TABLE `craft_matrixblocks`
	ADD CONSTRAINT `craft_matrixblocks_fieldId_fk` FOREIGN KEY (`fieldId`) REFERENCES `craft_fields` (`id`) ON DELETE CASCADE,
	ADD CONSTRAINT `craft_matrixblocks_id_fk` FOREIGN KEY (`id`) REFERENCES `craft_elements` (`id`) ON DELETE CASCADE,
	ADD CONSTRAINT `craft_matrixblocks_ownerId_fk` FOREIGN KEY (`ownerId`) REFERENCES `craft_elements` (`id`) ON DELETE CASCADE,
	ADD CONSTRAINT `craft_matrixblocks_ownerLocale_fk` FOREIGN KEY (`ownerLocale`) REFERENCES `craft_locales` (`locale`) ON DELETE CASCADE ON UPDATE CASCADE,
	ADD CONSTRAINT `craft_matrixblocks_typeId_fk` FOREIGN KEY (`typeId`) REFERENCES `craft_matrixblocktypes` (`id`) ON DELETE CASCADE;

--
-- Constraints for table `craft_matrixblocktypes`
--
ALTER TABLE `craft_matrixblocktypes`
	ADD CONSTRAINT `craft_matrixblocktypes_fieldId_fk` FOREIGN KEY (`fieldId`) REFERENCES `craft_fields` (`id`) ON DELETE CASCADE,
	ADD CONSTRAINT `craft_matrixblocktypes_fieldLayoutId_fk` FOREIGN KEY (`fieldLayoutId`) REFERENCES `craft_fieldlayouts` (`id`) ON DELETE SET NULL;

--
-- Constraints for table `craft_matrixcontent_contentblocks`
--
ALTER TABLE `craft_matrixcontent_contentblocks`
	ADD CONSTRAINT `craft_matrixcontent_contentblocks_elementId_fk` FOREIGN KEY (`elementId`) REFERENCES `craft_elements` (`id`) ON DELETE CASCADE,
	ADD CONSTRAINT `craft_matrixcontent_contentblocks_locale_fk` FOREIGN KEY (`locale`) REFERENCES `craft_locales` (`locale`) ON DELETE CASCADE ON UPDATE CASCADE;

--
-- Constraints for table `craft_matrixcontent_socialmedia`
--
ALTER TABLE `craft_matrixcontent_socialmedia`
	ADD CONSTRAINT `craft_matrixcontent_socialmedia_elementId_fk` FOREIGN KEY (`elementId`) REFERENCES `craft_elements` (`id`) ON DELETE CASCADE,
	ADD CONSTRAINT `craft_matrixcontent_socialmedia_locale_fk` FOREIGN KEY (`locale`) REFERENCES `craft_locales` (`locale`) ON DELETE CASCADE ON UPDATE CASCADE;

--
-- Constraints for table `craft_migrations`
--
ALTER TABLE `craft_migrations`
	ADD CONSTRAINT `craft_migrations_pluginId_fk` FOREIGN KEY (`pluginId`) REFERENCES `craft_plugins` (`id`) ON DELETE CASCADE;

--
-- Constraints for table `craft_relations`
--
ALTER TABLE `craft_relations`
	ADD CONSTRAINT `craft_relations_fieldId_fk` FOREIGN KEY (`fieldId`) REFERENCES `craft_fields` (`id`) ON DELETE CASCADE,
	ADD CONSTRAINT `craft_relations_sourceId_fk` FOREIGN KEY (`sourceId`) REFERENCES `craft_elements` (`id`) ON DELETE CASCADE,
	ADD CONSTRAINT `craft_relations_sourceLocale_fk` FOREIGN KEY (`sourceLocale`) REFERENCES `craft_locales` (`locale`) ON DELETE CASCADE ON UPDATE CASCADE,
	ADD CONSTRAINT `craft_relations_targetId_fk` FOREIGN KEY (`targetId`) REFERENCES `craft_elements` (`id`) ON DELETE CASCADE;

--
-- Constraints for table `craft_routes`
--
ALTER TABLE `craft_routes`
	ADD CONSTRAINT `craft_routes_locale_fk` FOREIGN KEY (`locale`) REFERENCES `craft_locales` (`locale`) ON DELETE CASCADE ON UPDATE CASCADE;

--
-- Constraints for table `craft_sections`
--
ALTER TABLE `craft_sections`
	ADD CONSTRAINT `craft_sections_structureId_fk` FOREIGN KEY (`structureId`) REFERENCES `craft_structures` (`id`) ON DELETE SET NULL;

--
-- Constraints for table `craft_sections_i18n`
--
ALTER TABLE `craft_sections_i18n`
	ADD CONSTRAINT `craft_sections_i18n_locale_fk` FOREIGN KEY (`locale`) REFERENCES `craft_locales` (`locale`) ON DELETE CASCADE ON UPDATE CASCADE,
	ADD CONSTRAINT `craft_sections_i18n_sectionId_fk` FOREIGN KEY (`sectionId`) REFERENCES `craft_sections` (`id`) ON DELETE CASCADE;

--
-- Constraints for table `craft_seomatic_meta`
--
ALTER TABLE `craft_seomatic_meta`
	ADD CONSTRAINT `craft_seomatic_meta_id_fk` FOREIGN KEY (`id`) REFERENCES `craft_elements` (`id`) ON DELETE CASCADE,
	ADD CONSTRAINT `craft_seomatic_meta_seoFacebookImageId_fk` FOREIGN KEY (`seoFacebookImageId`) REFERENCES `craft_assetfiles` (`id`) ON DELETE SET NULL,
	ADD CONSTRAINT `craft_seomatic_meta_seoImageId_fk` FOREIGN KEY (`seoImageId`) REFERENCES `craft_assetfiles` (`id`) ON DELETE SET NULL,
	ADD CONSTRAINT `craft_seomatic_meta_seoTwitterImageId_fk` FOREIGN KEY (`seoTwitterImageId`) REFERENCES `craft_assetfiles` (`id`) ON DELETE SET NULL;

--
-- Constraints for table `craft_seomatic_settings`
--
ALTER TABLE `craft_seomatic_settings`
	ADD CONSTRAINT `craft_seomatic_settings_genericCreatorImageId_fk` FOREIGN KEY (`genericCreatorImageId`) REFERENCES `craft_assetfiles` (`id`) ON DELETE SET NULL,
	ADD CONSTRAINT `craft_seomatic_settings_genericOwnerImageId_fk` FOREIGN KEY (`genericOwnerImageId`) REFERENCES `craft_assetfiles` (`id`) ON DELETE SET NULL,
	ADD CONSTRAINT `craft_seomatic_settings_siteSeoFacebookImageId_fk` FOREIGN KEY (`siteSeoFacebookImageId`) REFERENCES `craft_assetfiles` (`id`) ON DELETE SET NULL,
	ADD CONSTRAINT `craft_seomatic_settings_siteSeoImageId_fk` FOREIGN KEY (`siteSeoImageId`) REFERENCES `craft_assetfiles` (`id`) ON DELETE SET NULL,
	ADD CONSTRAINT `craft_seomatic_settings_siteSeoTwitterImageId_fk` FOREIGN KEY (`siteSeoTwitterImageId`) REFERENCES `craft_assetfiles` (`id`) ON DELETE SET NULL;

--
-- Constraints for table `craft_sessions`
--
ALTER TABLE `craft_sessions`
	ADD CONSTRAINT `craft_sessions_userId_fk` FOREIGN KEY (`userId`) REFERENCES `craft_users` (`id`) ON DELETE CASCADE;

--
-- Constraints for table `craft_shunnedmessages`
--
ALTER TABLE `craft_shunnedmessages`
	ADD CONSTRAINT `craft_shunnedmessages_userId_fk` FOREIGN KEY (`userId`) REFERENCES `craft_users` (`id`) ON DELETE CASCADE;

--
-- Constraints for table `craft_structureelements`
--
ALTER TABLE `craft_structureelements`
	ADD CONSTRAINT `craft_structureelements_elementId_fk` FOREIGN KEY (`elementId`) REFERENCES `craft_elements` (`id`) ON DELETE CASCADE,
	ADD CONSTRAINT `craft_structureelements_structureId_fk` FOREIGN KEY (`structureId`) REFERENCES `craft_structures` (`id`) ON DELETE CASCADE;

--
-- Constraints for table `craft_taggroups`
--
ALTER TABLE `craft_taggroups`
	ADD CONSTRAINT `craft_taggroups_fieldLayoutId_fk` FOREIGN KEY (`fieldLayoutId`) REFERENCES `craft_fieldlayouts` (`id`) ON DELETE SET NULL;

--
-- Constraints for table `craft_tags`
--
ALTER TABLE `craft_tags`
	ADD CONSTRAINT `craft_tags_groupId_fk` FOREIGN KEY (`groupId`) REFERENCES `craft_taggroups` (`id`) ON DELETE CASCADE,
	ADD CONSTRAINT `craft_tags_id_fk` FOREIGN KEY (`id`) REFERENCES `craft_elements` (`id`) ON DELETE CASCADE;

--
-- Constraints for table `craft_templatecachecriteria`
--
ALTER TABLE `craft_templatecachecriteria`
	ADD CONSTRAINT `craft_templatecachecriteria_cacheId_fk` FOREIGN KEY (`cacheId`) REFERENCES `craft_templatecaches` (`id`) ON DELETE CASCADE;

--
-- Constraints for table `craft_templatecacheelements`
--
ALTER TABLE `craft_templatecacheelements`
	ADD CONSTRAINT `craft_templatecacheelements_cacheId_fk` FOREIGN KEY (`cacheId`) REFERENCES `craft_templatecaches` (`id`) ON DELETE CASCADE,
	ADD CONSTRAINT `craft_templatecacheelements_elementId_fk` FOREIGN KEY (`elementId`) REFERENCES `craft_elements` (`id`) ON DELETE CASCADE;

--
-- Constraints for table `craft_templatecaches`
--
ALTER TABLE `craft_templatecaches`
	ADD CONSTRAINT `craft_templatecaches_locale_fk` FOREIGN KEY (`locale`) REFERENCES `craft_locales` (`locale`) ON DELETE CASCADE ON UPDATE CASCADE;

--
-- Constraints for table `craft_usergroups_users`
--
ALTER TABLE `craft_usergroups_users`
	ADD CONSTRAINT `craft_usergroups_users_groupId_fk` FOREIGN KEY (`groupId`) REFERENCES `craft_usergroups` (`id`) ON DELETE CASCADE,
	ADD CONSTRAINT `craft_usergroups_users_userId_fk` FOREIGN KEY (`userId`) REFERENCES `craft_users` (`id`) ON DELETE CASCADE;

--
-- Constraints for table `craft_userpermissions_usergroups`
--
ALTER TABLE `craft_userpermissions_usergroups`
	ADD CONSTRAINT `craft_userpermissions_usergroups_groupId_fk` FOREIGN KEY (`groupId`) REFERENCES `craft_usergroups` (`id`) ON DELETE CASCADE,
	ADD CONSTRAINT `craft_userpermissions_usergroups_permissionId_fk` FOREIGN KEY (`permissionId`) REFERENCES `craft_userpermissions` (`id`) ON DELETE CASCADE;

--
-- Constraints for table `craft_userpermissions_users`
--
ALTER TABLE `craft_userpermissions_users`
	ADD CONSTRAINT `craft_userpermissions_users_permissionId_fk` FOREIGN KEY (`permissionId`) REFERENCES `craft_userpermissions` (`id`) ON DELETE CASCADE,
	ADD CONSTRAINT `craft_userpermissions_users_userId_fk` FOREIGN KEY (`userId`) REFERENCES `craft_users` (`id`) ON DELETE CASCADE;

--
-- Constraints for table `craft_users`
--
ALTER TABLE `craft_users`
	ADD CONSTRAINT `craft_users_id_fk` FOREIGN KEY (`id`) REFERENCES `craft_elements` (`id`) ON DELETE CASCADE,
	ADD CONSTRAINT `craft_users_preferredLocale_fk` FOREIGN KEY (`preferredLocale`) REFERENCES `craft_locales` (`locale`) ON DELETE SET NULL ON UPDATE CASCADE;

--
-- Constraints for table `craft_widgets`
--
ALTER TABLE `craft_widgets`
	ADD CONSTRAINT `craft_widgets_userId_fk` FOREIGN KEY (`userId`) REFERENCES `craft_users` (`id`) ON DELETE CASCADE;

SET FOREIGN_KEY_CHECKS = 1;
