-- Generated by Craft v2.6.2968 on Jun 14, 2017, 4:08:19 PM.

--
-- Disable foreign key checks and autocommit.
--

SET FOREIGN_KEY_CHECKS = 0;
SET SQL_MODE = "NO_AUTO_VALUE_ON_ZERO";
SET AUTOCOMMIT = 0;
SET NAMES utf8;


DROP TABLE IF EXISTS `craft_amnav_navs`;


--
-- Schema for table `craft_amnav_navs`
--
CREATE TABLE `craft_amnav_navs` (
  `id` int(11) NOT NULL AUTO_INCREMENT,
  `name` varchar(255) COLLATE utf8_unicode_ci NOT NULL,
  `handle` varchar(255) COLLATE utf8_unicode_ci NOT NULL,
  `settings` text COLLATE utf8_unicode_ci,
  `dateCreated` datetime NOT NULL,
  `dateUpdated` datetime NOT NULL,
  `uid` char(36) COLLATE utf8_unicode_ci NOT NULL DEFAULT '0',
  PRIMARY KEY (`id`),
  UNIQUE KEY `craft_amnav_navs_handle_unq_idx` (`handle`)
) ENGINE=InnoDB AUTO_INCREMENT=2 DEFAULT CHARSET=utf8 COLLATE=utf8_unicode_ci;

--
-- Data for table `craft_amnav_navs`
--

INSERT INTO `craft_amnav_navs` (`id`, `name`, `handle`, `settings`, `dateCreated`, `dateUpdated`, `uid`) VALUES
 ('1', 'Main Menu', 'mainMenu', '{\"entrySources\":\"*\",\"maxLevels\":\"\",\"canMoveFromLevel\":\"\",\"canDeleteFromLevel\":\"\"}', '2017-02-27 16:28:02', '2017-02-27 16:28:02', 'ae19d7c2-11df-4c66-ba93-7d6563144399');



DROP TABLE IF EXISTS `craft_amnav_nodes`;


--
-- Schema for table `craft_amnav_nodes`
--
CREATE TABLE `craft_amnav_nodes` (
  `id` int(11) NOT NULL AUTO_INCREMENT,
  `navId` int(10) NOT NULL,
  `parentId` int(10) DEFAULT NULL,
  `order` int(10) DEFAULT '0',
  `name` varchar(255) COLLATE utf8_unicode_ci NOT NULL,
  `url` varchar(255) COLLATE utf8_unicode_ci DEFAULT NULL,
  `listClass` varchar(255) COLLATE utf8_unicode_ci DEFAULT NULL,
  `blank` tinyint(1) unsigned NOT NULL DEFAULT '0',
  `enabled` tinyint(1) unsigned NOT NULL DEFAULT '1',
  `elementId` int(10) DEFAULT NULL,
  `elementType` varchar(255) COLLATE utf8_unicode_ci DEFAULT NULL,
  `locale` char(12) COLLATE utf8_unicode_ci DEFAULT NULL,
  `dateCreated` datetime NOT NULL,
  `dateUpdated` datetime NOT NULL,
  `uid` char(36) COLLATE utf8_unicode_ci NOT NULL DEFAULT '0',
  PRIMARY KEY (`id`),
  KEY `craft_amnav_nodes_elementId_elementType_locale_idx` (`elementId`,`elementType`,`locale`)
) ENGINE=InnoDB AUTO_INCREMENT=8 DEFAULT CHARSET=utf8 COLLATE=utf8_unicode_ci;

--
-- Data for table `craft_amnav_nodes`
--

INSERT INTO `craft_amnav_nodes` (`id`, `navId`, `parentId`, `order`, `name`, `url`, `listClass`, `blank`, `enabled`, `elementId`, `elementType`, `locale`, `dateCreated`, `dateUpdated`, `uid`) VALUES
 ('1', '1', '0', '0', 'About Treno', NULL, NULL, '0', '1', '8', 'Entry', 'en_us', '2017-02-27 16:28:19', '2017-05-30 18:42:31', '6d53371d-3282-4c0e-b00d-bcb51b0b2bef'),
 ('2', '1', '0', '2', 'Home', NULL, 'logo-bkg', '0', '1', '2', 'Entry', 'en_us', '2017-02-27 16:28:19', '2017-05-30 18:57:38', '5cca08a2-5aa5-4d9f-9ea1-89e7102269c2'),
 ('3', '1', '0', '4', 'Directions', NULL, NULL, '0', '1', '14', 'Entry', 'en_us', '2017-02-27 16:28:19', '2017-05-10 20:39:20', '85698a19-5af2-4247-99f9-33fcb35ae24e'),
 ('5', '1', '0', '3', 'Reservations', NULL, NULL, '0', '1', '55', 'Entry', 'en_us', '2017-02-27 16:29:53', '2017-05-10 20:39:20', '9f4eb59d-de8e-4d39-948c-acbe71d6120b'),
 ('7', '1', '0', '1', 'Menu', NULL, '', '0', '1', '66', 'Entry', 'en_us', '2017-03-06 15:41:34', '2017-06-06 15:40:05', 'e3c95b33-78ff-4c50-8650-7550e3bea157');



DROP TABLE IF EXISTS `craft_assetfiles`;


--
-- Schema for table `craft_assetfiles`
--
CREATE TABLE `craft_assetfiles` (
  `id` int(11) NOT NULL,
  `sourceId` int(11) DEFAULT NULL,
  `folderId` int(11) NOT NULL,
  `filename` varchar(255) COLLATE utf8_unicode_ci NOT NULL,
  `kind` varchar(50) COLLATE utf8_unicode_ci NOT NULL DEFAULT 'unknown',
  `width` int(11) unsigned DEFAULT NULL,
  `height` int(11) unsigned DEFAULT NULL,
  `size` bigint(20) unsigned DEFAULT NULL,
  `dateModified` datetime DEFAULT NULL,
  `dateCreated` datetime NOT NULL,
  `dateUpdated` datetime NOT NULL,
  `uid` char(36) COLLATE utf8_unicode_ci NOT NULL DEFAULT '0',
  PRIMARY KEY (`id`),
  UNIQUE KEY `craft_assetfiles_filename_folderId_unq_idx` (`filename`,`folderId`),
  KEY `craft_assetfiles_sourceId_fk` (`sourceId`),
  KEY `craft_assetfiles_folderId_fk` (`folderId`)
) ENGINE=InnoDB DEFAULT CHARSET=utf8 COLLATE=utf8_unicode_ci;

--
-- Data for table `craft_assetfiles`
--

INSERT INTO `craft_assetfiles` (`id`, `sourceId`, `folderId`, `filename`, `kind`, `width`, `height`, `size`, `dateModified`, `dateCreated`, `dateUpdated`, `uid`) VALUES
 ('7', '1', '1', 'IdeaBase_Logo_HorizontalColor.png', 'image', '1000', '272', '14598', '2017-01-24 15:43:58', '2017-01-24 15:43:59', '2017-01-24 15:43:59', '581e3a01-695a-43fb-b735-033c83f20f58'),
 ('13', '1', '1', 'IdeaBase_Logo_HorizontalColor_170127_153106.png', 'image', '1000', '272', '14598', '2017-01-27 20:31:06', '2017-01-27 20:31:06', '2017-01-27 20:31:06', '4a772ac2-ac6a-49d1-b433-24777079248c'),
 ('49', '1', '1', 'Heatshot_170214_102649.svg', 'image', '744', '1052', '4582', '2017-02-14 15:26:49', '2017-02-14 15:26:49', '2017-02-14 15:26:49', 'd656bb32-ba4f-4685-9c5a-e393af7723cc'),
 ('51', '1', '1', 'map_170214_103003.jpg', 'image', '693', '476', '54240', '2017-02-14 15:30:03', '2017-02-14 15:30:03', '2017-02-14 15:30:03', 'c5148993-f5f9-48f1-92d7-f88f14b3855b'),
 ('52', '1', '1', 'IdeaBase_Logo_HorizontalColor_170214_103143.png', 'image', '1000', '272', '14598', '2017-02-14 15:31:43', '2017-02-14 15:31:43', '2017-02-14 15:31:43', 'ff2c6267-9ba5-4d57-812a-d4484feabf14'),
 ('54', '1', '1', '5FFA85B58A16A432_170214_112822.png', 'image', '1796', '993', '94681', '2017-02-14 16:28:22', '2017-02-14 16:28:22', '2017-02-14 16:28:22', '43220d44-66a9-44b5-89ea-0a1e9e7dd92a'),
 ('56', '1', '1', 'DSCF2212_2_170214_113443.JPG', 'image', '2136', '2848', '1999992', '2017-02-14 16:34:43', '2017-02-14 16:34:43', '2017-02-14 16:34:43', '7f98b2de-60c5-46c6-a707-5a31ff02c4ce'),
 ('61', '1', '1', 'Kent-bw-Pufferbelly_170224_100658.jpg', 'image', '5456', '3632', '2314109', '2017-02-24 15:06:58', '2017-02-24 15:06:59', '2017-02-24 15:06:59', '7cc16978-e89e-462d-8d9b-fba90a7a311c'),
 ('62', '1', '1', 'Low-angle-Pufferbelly_170224_100709.jpg', 'image', '5174', '3444', '4726369', '2017-02-24 15:07:09', '2017-02-24 15:07:09', '2017-02-24 15:07:09', 'f43b1152-f473-436a-aed5-633b98096135'),
 ('65', '1', '1', 'czek-1.pdf', 'pdf', NULL, NULL, '36320', '2017-03-06 15:32:55', '2017-03-06 15:32:55', '2017-03-06 15:32:55', 'a106c9fd-9f9a-4229-994a-e6b250bffbbb'),
 ('67', '1', '1', 'Arrow-left-Gold.svg', 'image', '1296', '576', '5686', '2017-03-09 15:05:37', '2017-03-09 15:05:38', '2017-03-09 15:05:38', '0f91894a-0efe-420f-83be-bbaddb4e330e'),
 ('68', '1', '1', 'Arrow-left-white.svg', 'image', '64', '344', '4738', '2017-03-09 15:05:38', '2017-03-09 15:05:38', '2017-03-09 15:05:38', '13b3fb99-f609-4802-b322-748a45077a68'),
 ('69', '1', '1', 'Arrow-right-Gold.svg', 'image', '1296', '576', '5684', '2017-03-09 15:05:38', '2017-03-09 15:05:38', '2017-03-09 15:05:38', 'f61a007a-cd8a-4f29-afeb-eb910440d777'),
 ('70', '1', '1', 'Arrow-right-white.svg', 'image', '64', '344', '4700', '2017-03-09 15:05:38', '2017-03-09 15:05:38', '2017-03-09 15:05:38', 'a3cfa77d-584c-4edc-9985-2faf2c73ba8a'),
 ('71', '1', '1', 'Face-Circles.svg', 'image', '701', '701', '243', '2017-03-09 15:05:39', '2017-03-09 15:05:39', '2017-03-09 15:05:39', '827968d2-55d9-4385-a281-c6ebe6f68505'),
 ('72', '1', '1', 'History-Building.svg', 'image', '8958', '5735', '16603039', '2017-03-09 15:06:30', '2017-03-09 15:06:35', '2017-03-09 15:06:35', '7e2d2183-00fd-4612-91f9-6babffbee7b6'),
 ('73', '1', '1', 'Location-Ring.svg', 'image', '656', '656', '602', '2017-03-09 15:06:35', '2017-03-09 15:06:35', '2017-03-09 15:06:35', 'dd4e8bf6-cff7-4ef6-b1d9-31fb783260fd'),
 ('74', '1', '1', 'Pasta.svg', 'image', '1920', '1280', '5353283', '2017-03-09 15:06:37', '2017-03-09 15:06:37', '2017-03-09 15:06:37', '2fb6fac0-32cb-4b10-83d5-38bbb448a417'),
 ('75', '1', '1', 'Tomato-Plant-Graphic.svg', 'image', '603', '743', '653483', '2017-03-09 15:06:37', '2017-03-09 15:06:38', '2017-03-09 15:06:38', '548b19c6-489c-4610-9b9e-04c96f191189'),
 ('76', '1', '1', 'Tomatoes.svg', 'image', '1440', '1020', '4323663', '2017-03-09 15:06:43', '2017-03-09 15:06:43', '2017-03-09 15:06:43', '40cf020f-68dd-49a8-8134-78a538861bd6'),
 ('77', '1', '1', 'Treno-Logo-01.svg', 'image', '792', '612', '25161', '2017-03-09 15:06:43', '2017-03-09 15:06:43', '2017-03-09 15:06:43', '6cbd6c00-3e11-4e7d-804b-7b73ca810781'),
 ('78', '1', '1', 'Treno-Logomark-02.svg', 'image', '612', '792', '8161', '2017-03-09 15:06:44', '2017-03-09 15:06:44', '2017-03-09 15:06:44', '11391ac6-8bb7-4546-a22b-6c1b67dad16c'),
 ('79', '1', '1', 'Welcome-Building.svg', 'image', '2136', '2597', '4179151', '2017-03-09 15:06:46', '2017-03-09 15:06:46', '2017-03-09 15:06:46', '8f67c95a-61de-462d-bbe0-7634127e9099'),
 ('88', '1', '1', 'man-1416138_1920.jpg', 'image', '1920', '965', '282714', '2017-05-22 17:36:06', '2017-05-22 17:36:07', '2017-05-22 17:36:07', 'f3b723ba-1846-4db9-9619-a88cbdfab2b3'),
 ('89', '1', '1', 'MJ-smiling-3.jpg', 'image', '515', '501', '53694', '2017-05-30 18:42:21', '2017-05-30 18:42:21', '2017-05-30 18:42:21', 'f243ae61-64fe-42f5-a672-9181c56e9df7');



DROP TABLE IF EXISTS `craft_assetfolders`;


--
-- Schema for table `craft_assetfolders`
--
CREATE TABLE `craft_assetfolders` (
  `id` int(11) NOT NULL AUTO_INCREMENT,
  `parentId` int(11) DEFAULT NULL,
  `sourceId` int(11) DEFAULT NULL,
  `name` varchar(255) COLLATE utf8_unicode_ci NOT NULL,
  `path` varchar(255) COLLATE utf8_unicode_ci DEFAULT NULL,
  `dateCreated` datetime NOT NULL,
  `dateUpdated` datetime NOT NULL,
  `uid` char(36) COLLATE utf8_unicode_ci NOT NULL DEFAULT '0',
  PRIMARY KEY (`id`),
  UNIQUE KEY `craft_assetfolders_name_parentId_sourceId_unq_idx` (`name`,`parentId`,`sourceId`),
  KEY `craft_assetfolders_parentId_fk` (`parentId`),
  KEY `craft_assetfolders_sourceId_fk` (`sourceId`)
) ENGINE=InnoDB AUTO_INCREMENT=2 DEFAULT CHARSET=utf8 COLLATE=utf8_unicode_ci;

--
-- Data for table `craft_assetfolders`
--

INSERT INTO `craft_assetfolders` (`id`, `parentId`, `sourceId`, `name`, `path`, `dateCreated`, `dateUpdated`, `uid`) VALUES
 ('1', NULL, '1', 'Food Images', '', '2017-01-24 15:34:59', '2017-01-24 15:34:59', '89094f22-116b-4ebb-a616-d1243c6251f1');



DROP TABLE IF EXISTS `craft_assetindexdata`;


--
-- Schema for table `craft_assetindexdata`
--
CREATE TABLE `craft_assetindexdata` (
  `id` int(11) NOT NULL AUTO_INCREMENT,
  `sessionId` varchar(36) COLLATE utf8_unicode_ci NOT NULL DEFAULT '',
  `sourceId` int(10) NOT NULL,
  `offset` int(10) NOT NULL,
  `uri` varchar(255) COLLATE utf8_unicode_ci DEFAULT NULL,
  `size` varchar(255) COLLATE utf8_unicode_ci DEFAULT NULL,
  `recordId` int(10) DEFAULT NULL,
  `dateCreated` datetime NOT NULL,
  `dateUpdated` datetime NOT NULL,
  `uid` char(36) COLLATE utf8_unicode_ci NOT NULL DEFAULT '0',
  PRIMARY KEY (`id`),
  UNIQUE KEY `craft_assetindexdata_sessionId_sourceId_offset_unq_idx` (`sessionId`,`sourceId`,`offset`),
  KEY `craft_assetindexdata_sourceId_fk` (`sourceId`)
) ENGINE=InnoDB DEFAULT CHARSET=utf8 COLLATE=utf8_unicode_ci;

DROP TABLE IF EXISTS `craft_assetsources`;


--
-- Schema for table `craft_assetsources`
--
CREATE TABLE `craft_assetsources` (
  `id` int(11) NOT NULL AUTO_INCREMENT,
  `name` varchar(255) COLLATE utf8_unicode_ci NOT NULL,
  `handle` varchar(255) COLLATE utf8_unicode_ci NOT NULL,
  `type` varchar(150) COLLATE utf8_unicode_ci NOT NULL,
  `settings` text COLLATE utf8_unicode_ci,
  `sortOrder` smallint(6) unsigned DEFAULT NULL,
  `fieldLayoutId` int(10) DEFAULT NULL,
  `dateCreated` datetime NOT NULL,
  `dateUpdated` datetime NOT NULL,
  `uid` char(36) COLLATE utf8_unicode_ci NOT NULL DEFAULT '0',
  PRIMARY KEY (`id`),
  UNIQUE KEY `craft_assetsources_name_unq_idx` (`name`),
  UNIQUE KEY `craft_assetsources_handle_unq_idx` (`handle`),
  KEY `craft_assetsources_fieldLayoutId_fk` (`fieldLayoutId`)
) ENGINE=InnoDB AUTO_INCREMENT=2 DEFAULT CHARSET=utf8 COLLATE=utf8_unicode_ci;

--
-- Data for table `craft_assetsources`
--

INSERT INTO `craft_assetsources` (`id`, `name`, `handle`, `type`, `settings`, `sortOrder`, `fieldLayoutId`, `dateCreated`, `dateUpdated`, `uid`) VALUES
 ('1', 'Food Images', 'foodImages', 'Local', '{\"path\":\"assets\\/img\\/uploads\\/\",\"publicURLs\":\"1\",\"url\":\"{baseUrl}\\/assets\\/img\\/uploads\\/\"}', '1', '21', '2017-01-24 15:34:59', '2017-01-24 16:41:40', '58332016-1d01-4fe5-8569-e517883b67e0');



DROP TABLE IF EXISTS `craft_assettransformindex`;


--
-- Schema for table `craft_assettransformindex`
--
CREATE TABLE `craft_assettransformindex` (
  `id` int(11) NOT NULL AUTO_INCREMENT,
  `fileId` int(11) NOT NULL,
  `filename` varchar(255) COLLATE utf8_unicode_ci DEFAULT NULL,
  `format` varchar(255) COLLATE utf8_unicode_ci DEFAULT NULL,
  `location` varchar(255) COLLATE utf8_unicode_ci NOT NULL,
  `sourceId` int(11) DEFAULT NULL,
  `fileExists` tinyint(1) DEFAULT NULL,
  `inProgress` tinyint(1) DEFAULT NULL,
  `dateIndexed` datetime DEFAULT NULL,
  `dateCreated` datetime NOT NULL,
  `dateUpdated` datetime NOT NULL,
  `uid` char(36) COLLATE utf8_unicode_ci NOT NULL DEFAULT '0',
  PRIMARY KEY (`id`),
  KEY `craft_assettransformindex_sourceId_fileId_location_idx` (`sourceId`,`fileId`,`location`)
) ENGINE=InnoDB AUTO_INCREMENT=58 DEFAULT CHARSET=utf8 COLLATE=utf8_unicode_ci;

DROP TABLE IF EXISTS `craft_assettransforms`;


--
-- Schema for table `craft_assettransforms`
--
CREATE TABLE `craft_assettransforms` (
  `id` int(11) NOT NULL AUTO_INCREMENT,
  `name` varchar(255) COLLATE utf8_unicode_ci NOT NULL,
  `handle` varchar(255) COLLATE utf8_unicode_ci NOT NULL,
  `mode` enum('stretch','fit','crop') COLLATE utf8_unicode_ci NOT NULL DEFAULT 'crop',
  `position` enum('top-left','top-center','top-right','center-left','center-center','center-right','bottom-left','bottom-center','bottom-right') COLLATE utf8_unicode_ci NOT NULL DEFAULT 'center-center',
  `height` int(10) DEFAULT NULL,
  `width` int(10) DEFAULT NULL,
  `format` varchar(255) COLLATE utf8_unicode_ci DEFAULT NULL,
  `quality` int(10) DEFAULT NULL,
  `dimensionChangeTime` datetime DEFAULT NULL,
  `dateCreated` datetime NOT NULL,
  `dateUpdated` datetime NOT NULL,
  `uid` char(36) COLLATE utf8_unicode_ci NOT NULL DEFAULT '0',
  PRIMARY KEY (`id`),
  UNIQUE KEY `craft_assettransforms_name_unq_idx` (`name`),
  UNIQUE KEY `craft_assettransforms_handle_unq_idx` (`handle`)
) ENGINE=InnoDB AUTO_INCREMENT=11 DEFAULT CHARSET=utf8 COLLATE=utf8_unicode_ci;

--
-- Data for table `craft_assettransforms`
--

INSERT INTO `craft_assettransforms` (`id`, `name`, `handle`, `mode`, `position`, `height`, `width`, `format`, `quality`, `dimensionChangeTime`, `dateCreated`, `dateUpdated`, `uid`) VALUES
 ('1', 'Food', 'food', 'crop', 'top-left', '200', '200', NULL, '82', '2017-01-24 15:35:36', '2017-01-24 15:35:36', '2017-01-24 15:35:36', '66ee23ba-6af6-4526-ae31-29644c7fbda5'),
 ('2', 'crop', 'crop', 'fit', 'center-center', '300', '200', NULL, '82', '2017-02-27 15:24:55', '2017-02-14 15:32:20', '2017-02-27 15:33:39', '446d6732-9ea3-4ef9-8456-0f902c9dac28'),
 ('3', 'Headshots', 'headshots', 'fit', 'center-center', '200', '200', NULL, '82', '2017-02-21 17:07:50', '2017-02-21 17:07:50', '2017-02-21 17:07:50', 'c310f263-2f60-400b-b841-eeb096c0fe53'),
 ('4', 'Feature Image Small', 'featureImageSmall', 'crop', 'center-center', '600', '800', NULL, '82', '2017-03-06 14:24:07', '2017-03-06 14:24:07', '2017-03-06 14:24:07', 'd2ee7f45-0d4a-4273-bca7-ac03c141cf37'),
 ('5', 'Feature Image Large', 'featureImageLarge', 'crop', 'center-center', '800', '2000', NULL, '82', '2017-03-06 14:24:27', '2017-03-06 14:24:27', '2017-03-06 14:24:27', '2d800bfe-61c8-4270-a877-ad1f88758a52'),
 ('6', 'Investor Profile', 'investorProfile', 'crop', 'center-center', '200', '200', NULL, '82', '2017-03-06 14:24:50', '2017-03-06 14:24:50', '2017-03-06 14:24:50', '517104cb-1be5-4936-9e12-e23cc5746b44'),
 ('7', 'Slide Show Small', 'slideShowSmall', 'crop', 'center-center', '500', '800', NULL, NULL, '2017-03-06 14:25:05', '2017-03-06 14:25:05', '2017-03-06 14:25:05', '065412a9-0aef-4b60-ba09-3937172c3f8d'),
 ('8', 'Slide Show-Large', 'slideShowLarge', 'crop', 'center-center', '700', '2000', NULL, NULL, '2017-03-06 14:25:21', '2017-03-06 14:25:21', '2017-03-06 14:25:21', 'c81da74f-091b-44df-a221-fcd23c7c98e4'),
 ('9', 'Illustration Crop', 'illustrationCrop', 'fit', 'center-center', '600', '400', NULL, '82', '2017-03-10 14:25:37', '2017-03-10 14:25:37', '2017-03-10 14:25:37', '356cd3bd-8c3a-47db-b698-73975dd82ba8'),
 ('10', 'feature image short', 'featureImageShort', 'crop', 'center-center', '600', '2000', NULL, NULL, '2017-05-30 18:43:19', '2017-05-30 18:39:36', '2017-05-30 18:43:19', 'c61c9b1b-ad75-478d-b1d8-6a579e0a003a');



DROP TABLE IF EXISTS `craft_categories`;


--
-- Schema for table `craft_categories`
--
CREATE TABLE `craft_categories` (
  `id` int(11) NOT NULL,
  `groupId` int(11) NOT NULL,
  `dateCreated` datetime NOT NULL,
  `dateUpdated` datetime NOT NULL,
  `uid` char(36) COLLATE utf8_unicode_ci NOT NULL DEFAULT '0',
  PRIMARY KEY (`id`),
  KEY `craft_categories_groupId_fk` (`groupId`)
) ENGINE=InnoDB DEFAULT CHARSET=utf8 COLLATE=utf8_unicode_ci;

--
-- Data for table `craft_categories`
--

INSERT INTO `craft_categories` (`id`, `groupId`, `dateCreated`, `dateUpdated`, `uid`) VALUES
 ('5', '1', '2017-01-24 15:31:16', '2017-01-24 15:31:16', '6eb6c538-b79e-434d-a513-2b7664f84e9c'),
 ('23', '2', '2017-01-31 17:04:29', '2017-01-31 17:04:29', '8a4b75ff-58c2-493e-96d6-91b206c6b3e5'),
 ('25', '1', '2017-01-31 17:05:44', '2017-01-31 17:05:44', '9b44ff12-d042-4e51-b5aa-3efef7107530'),
 ('28', '3', '2017-02-02 17:37:04', '2017-03-06 15:32:58', '57956aca-853f-4258-a16b-3d471c2d9a32'),
 ('29', '3', '2017-02-02 17:37:07', '2017-02-02 17:37:07', '9c4999d4-d441-4b42-9bc7-04ea93516342'),
 ('30', '4', '2017-02-02 17:37:14', '2017-02-02 17:37:14', '02cf8639-2dd2-4958-b4e3-61c9ce2ed21e'),
 ('31', '4', '2017-02-02 17:37:18', '2017-02-02 17:37:18', '5e5efac7-ac63-4c67-a069-dfaf49b0a0e3'),
 ('32', '4', '2017-02-02 17:37:20', '2017-02-02 17:37:20', '063b07ff-ee04-43cb-b662-958515b70f14'),
 ('40', '5', '2017-02-09 17:10:08', '2017-02-09 17:10:08', 'c88fa3d7-c08a-4411-9316-76ba5d0a3cc9'),
 ('41', '5', '2017-02-09 17:10:12', '2017-02-09 17:10:12', '779f61a2-f721-4694-824b-5a124852cd7a'),
 ('42', '5', '2017-02-09 17:10:15', '2017-02-09 17:10:15', '63e4b276-2077-4f32-8dfa-7dc8447f1f49'),
 ('43', '5', '2017-02-09 17:10:19', '2017-02-09 17:10:19', '5cf169d6-c116-4f50-89a2-4e8db61fec2c'),
 ('44', '5', '2017-02-09 17:10:24', '2017-02-09 17:10:24', 'e4399643-bc50-4bcd-85df-a8eb6e980c8f'),
 ('45', '5', '2017-02-09 17:10:29', '2017-02-09 17:10:29', 'dc1cbdfb-6ae0-4f96-89b2-e1e60875184e'),
 ('46', '5', '2017-02-09 17:10:34', '2017-02-09 17:10:34', '1b14626b-02a9-4df2-909d-eafdf749894e'),
 ('63', '3', '2017-02-24 15:52:03', '2017-02-24 15:52:03', '196c4245-9dfa-43e8-be4f-70818c490ca1'),
 ('80', '3', '2017-04-20 13:22:43', '2017-05-22 19:33:06', '8df8ffc8-7f8a-4639-93ae-f6f99b3c1885'),
 ('81', '3', '2017-04-20 13:22:48', '2017-04-20 13:22:48', 'e840013b-e76d-473e-abb6-015703feeb45'),
 ('84', '1', '2017-04-20 13:23:56', '2017-04-20 13:23:56', 'dcad4937-cea4-4bcd-861e-0992e3bf8b48'),
 ('85', '1', '2017-04-20 13:24:05', '2017-04-20 13:24:05', 'd752bd83-f352-4def-8d2d-9ffa60074d8e'),
 ('86', '1', '2017-04-20 13:24:23', '2017-04-20 13:24:23', 'd952a819-b2de-451a-8e3e-e6d43b2d790f');



DROP TABLE IF EXISTS `craft_categorygroups`;


--
-- Schema for table `craft_categorygroups`
--
CREATE TABLE `craft_categorygroups` (
  `id` int(11) NOT NULL AUTO_INCREMENT,
  `structureId` int(11) NOT NULL,
  `fieldLayoutId` int(11) DEFAULT NULL,
  `name` varchar(255) COLLATE utf8_unicode_ci NOT NULL,
  `handle` varchar(255) COLLATE utf8_unicode_ci NOT NULL,
  `hasUrls` tinyint(1) unsigned NOT NULL DEFAULT '1',
  `template` varchar(500) COLLATE utf8_unicode_ci DEFAULT NULL,
  `dateCreated` datetime NOT NULL,
  `dateUpdated` datetime NOT NULL,
  `uid` char(36) COLLATE utf8_unicode_ci NOT NULL DEFAULT '0',
  PRIMARY KEY (`id`),
  UNIQUE KEY `craft_categorygroups_name_unq_idx` (`name`),
  UNIQUE KEY `craft_categorygroups_handle_unq_idx` (`handle`),
  KEY `craft_categorygroups_structureId_fk` (`structureId`),
  KEY `craft_categorygroups_fieldLayoutId_fk` (`fieldLayoutId`)
) ENGINE=InnoDB AUTO_INCREMENT=6 DEFAULT CHARSET=utf8 COLLATE=utf8_unicode_ci;

--
-- Data for table `craft_categorygroups`
--

INSERT INTO `craft_categorygroups` (`id`, `structureId`, `fieldLayoutId`, `name`, `handle`, `hasUrls`, `template`, `dateCreated`, `dateUpdated`, `uid`) VALUES
 ('1', '1', '33', 'Food Category', 'foodCategory', '1', '', '2017-01-24 15:30:57', '2017-01-31 16:08:26', 'f8faf570-bf7d-4ef1-8c32-b8fa2945519d'),
 ('2', '2', '34', 'Special Category ', 'specialCategory', '1', '', '2017-01-31 16:39:09', '2017-01-31 16:39:09', '9b7a3bde-0cf4-4cc4-bd0d-5234bbe6bbbe'),
 ('3', '3', '83', 'Menu Type', 'menuType', '1', 'menu/category.html', '2017-02-02 17:36:43', '2017-03-06 15:32:33', '3a886221-d07c-4ed3-ab9d-da2239421142'),
 ('4', '4', '46', 'Drink Category ', 'drinkCategory', '1', '', '2017-02-02 17:36:56', '2017-02-02 17:36:56', 'cba31c7d-7dd7-445f-8a2a-3e8f420e75d5'),
 ('5', '5', '58', 'Days of The Week', 'daysOfTheWeek', '1', '', '2017-02-09 17:09:58', '2017-02-09 17:10:03', 'a803226d-73a1-4b8f-839e-ebc829d1fbab');



DROP TABLE IF EXISTS `craft_categorygroups_i18n`;


--
-- Schema for table `craft_categorygroups_i18n`
--
CREATE TABLE `craft_categorygroups_i18n` (
  `id` int(11) NOT NULL AUTO_INCREMENT,
  `groupId` int(11) NOT NULL,
  `locale` char(12) COLLATE utf8_unicode_ci NOT NULL,
  `urlFormat` text COLLATE utf8_unicode_ci,
  `nestedUrlFormat` text COLLATE utf8_unicode_ci,
  `dateCreated` datetime NOT NULL,
  `dateUpdated` datetime NOT NULL,
  `uid` char(36) COLLATE utf8_unicode_ci NOT NULL DEFAULT '0',
  PRIMARY KEY (`id`),
  UNIQUE KEY `craft_categorygroups_i18n_groupId_locale_unq_idx` (`groupId`,`locale`),
  KEY `craft_categorygroups_i18n_locale_fk` (`locale`)
) ENGINE=InnoDB AUTO_INCREMENT=6 DEFAULT CHARSET=utf8 COLLATE=utf8_unicode_ci;

--
-- Data for table `craft_categorygroups_i18n`
--

INSERT INTO `craft_categorygroups_i18n` (`id`, `groupId`, `locale`, `urlFormat`, `nestedUrlFormat`, `dateCreated`, `dateUpdated`, `uid`) VALUES
 ('1', '1', 'en_us', 'food-category/{slug}', '{parent.uri}/{slug}', '2017-01-24 15:30:57', '2017-01-24 15:30:57', 'cb01d34a-9992-4223-879c-b71dc74774da'),
 ('2', '2', 'en_us', 'special-category/{slug}', '{parent.uri}/{slug}', '2017-01-31 16:39:09', '2017-01-31 16:39:09', '831eb8e9-ebd9-4de4-ba71-10cc015c8eb9'),
 ('3', '3', 'en_us', 'menu/{slug}', '{parent.uri}/{slug}', '2017-02-02 17:36:43', '2017-02-07 05:20:55', '3e0ca21d-5b33-4e7b-a6b3-604f35e0e79b'),
 ('4', '4', 'en_us', 'drink-category/{slug}', '{parent.uri}/{slug}', '2017-02-02 17:36:56', '2017-02-02 17:36:56', '23422ee7-0f88-43f1-81d8-1298857a272c'),
 ('5', '5', 'en_us', 'days-of-the-week/{slug}', '{parent.uri}/{slug}', '2017-02-09 17:09:58', '2017-02-09 17:09:58', 'be5a89f0-9521-45a1-88a1-7bf2ac9868e1');



DROP TABLE IF EXISTS `craft_content`;


--
-- Schema for table `craft_content`
--
CREATE TABLE `craft_content` (
  `id` int(11) NOT NULL AUTO_INCREMENT,
  `elementId` int(11) NOT NULL,
  `locale` char(12) COLLATE utf8_unicode_ci NOT NULL,
  `title` varchar(255) COLLATE utf8_unicode_ci DEFAULT NULL,
  `field_body` text COLLATE utf8_unicode_ci,
  `field_foodDescription` text COLLATE utf8_unicode_ci,
  `field_foodPrice` decimal(12,2) unsigned DEFAULT '0.00',
  `field_basicText` text COLLATE utf8_unicode_ci,
  `field_specialDescription` text COLLATE utf8_unicode_ci,
  `field_specialLightSwitch` tinyint(1) unsigned NOT NULL DEFAULT '0',
  `field_email` text COLLATE utf8_unicode_ci,
  `field_hours` text COLLATE utf8_unicode_ci,
  `field_phoneNumber` text COLLATE utf8_unicode_ci,
  `field_reservationInfo` text COLLATE utf8_unicode_ci,
  `field_privateParty` text COLLATE utf8_unicode_ci,
  `field_teamMemberBio` text COLLATE utf8_unicode_ci,
  `field_aboutForHomepage` text COLLATE utf8_unicode_ci,
  `field_currentLightswitch` tinyint(1) unsigned NOT NULL DEFAULT '0',
  `field_interactiveMap` text COLLATE utf8_unicode_ci,
  `field_headerTitle1` text COLLATE utf8_unicode_ci,
  `field_headerTitle2` text COLLATE utf8_unicode_ci,
  `field_headerTitle3` text COLLATE utf8_unicode_ci,
  `field_eventDate` datetime DEFAULT NULL,
  `field_copyRightText` text COLLATE utf8_unicode_ci,
  `field_parkingInformation` text COLLATE utf8_unicode_ci,
  `field_parkingInformation2` text COLLATE utf8_unicode_ci,
  `field_parkingInformation3` text COLLATE utf8_unicode_ci,
  `field_valetPrice` text COLLATE utf8_unicode_ci,
  `field_valetInformation` text COLLATE utf8_unicode_ci,
  `dateCreated` datetime NOT NULL,
  `dateUpdated` datetime NOT NULL,
  `uid` char(36) COLLATE utf8_unicode_ci NOT NULL DEFAULT '0',
  PRIMARY KEY (`id`),
  UNIQUE KEY `craft_content_elementId_locale_unq_idx` (`elementId`,`locale`),
  KEY `craft_content_title_idx` (`title`),
  KEY `craft_content_locale_fk` (`locale`)
) ENGINE=InnoDB AUTO_INCREMENT=89 DEFAULT CHARSET=utf8 COLLATE=utf8_unicode_ci;

--
-- Data for table `craft_content`
--

INSERT INTO `craft_content` (`id`, `elementId`, `locale`, `title`, `field_body`, `field_foodDescription`, `field_foodPrice`, `field_basicText`, `field_specialDescription`, `field_specialLightSwitch`, `field_email`, `field_hours`, `field_phoneNumber`, `field_reservationInfo`, `field_privateParty`, `field_teamMemberBio`, `field_aboutForHomepage`, `field_currentLightswitch`, `field_interactiveMap`, `field_headerTitle1`, `field_headerTitle2`, `field_headerTitle3`, `field_eventDate`, `field_copyRightText`, `field_parkingInformation`, `field_parkingInformation2`, `field_parkingInformation3`, `field_valetPrice`, `field_valetInformation`, `dateCreated`, `dateUpdated`, `uid`) VALUES
 ('1', '1', 'en_us', NULL, NULL, NULL, NULL, NULL, NULL, '0', NULL, NULL, NULL, NULL, NULL, NULL, NULL, '0', NULL, NULL, NULL, NULL, NULL, NULL, NULL, NULL, NULL, NULL, NULL, '2017-01-24 03:51:10', '2017-01-24 04:36:12', '4d1265f1-bff7-4bc4-ae0a-230b85924c15'),
 ('2', '2', 'en_us', 'Home', '<p>It’s true, this site doesn’t have a whole lot of content yet, but don’t worry. Our web developers have just installed the CMS, and they’re setting things up for the content editors this very moment. Soon Trenokent.com will be an oasis of fresh perspectives, sharp analyses, and astute opinions that will keep you coming back again and again. this is test number 2</p>', NULL, NULL, NULL, NULL, '0', NULL, NULL, NULL, NULL, NULL, NULL, NULL, '0', NULL, 'Welcome', 'to Kents', 'Ristorante', NULL, NULL, NULL, NULL, NULL, NULL, NULL, '2017-01-24 03:51:11', '2017-05-30 18:57:38', '0f06c49f-ff28-4cd1-ab90-c62ed1e135f3'),
 ('3', '3', 'en_us', 'We just installed Craft!', '<p>Craft is the CMS that’s powering Trenokent.com. It’s beautiful, powerful, flexible, and easy-to-use, and it’s made by Pixel &amp; Tonic. We can’t wait to dive in and see what it’s capable of!</p>\n<!--pagebreak-->\n<p>This is even more captivating content, which you couldn’t see on the News index page because it was entered after a Page Break, and the News index template only likes to show the content on the first page.</p>\n<p>Craft: a nice alternative to Word, if you’re making a website.</p>\n<p>Hi</p>', NULL, NULL, NULL, NULL, '0', NULL, NULL, NULL, NULL, NULL, NULL, NULL, '1', NULL, NULL, NULL, NULL, '2017-05-11 04:00:00', NULL, NULL, NULL, NULL, NULL, NULL, '2017-01-24 03:51:11', '2017-03-14 16:28:13', 'f67afbf8-d052-4de3-bf09-1c81b41420a0'),
 ('5', '5', 'en_us', 'Appetizer', NULL, NULL, '0.00', NULL, NULL, '0', NULL, NULL, NULL, NULL, NULL, NULL, NULL, '0', NULL, NULL, NULL, NULL, NULL, NULL, NULL, NULL, NULL, NULL, NULL, '2017-01-24 15:31:16', '2017-01-24 15:31:16', '2f6defa7-8e1b-4355-b7ce-0ee2cbbfd367'),
 ('6', '6', 'en_us', 'Steak', NULL, 'Description of the Food', '20.00', NULL, NULL, '0', NULL, NULL, NULL, NULL, NULL, NULL, NULL, '0', NULL, NULL, NULL, NULL, NULL, NULL, NULL, NULL, NULL, NULL, NULL, '2017-01-24 15:33:41', '2017-05-22 19:06:07', '092670ab-38c8-4a78-80f6-d08fd2c0fe10'),
 ('7', '7', 'en_us', 'Idea Base Logo Horizontal Color', NULL, NULL, '0.00', NULL, NULL, '0', NULL, NULL, NULL, NULL, NULL, NULL, NULL, '0', NULL, NULL, NULL, NULL, NULL, NULL, NULL, NULL, NULL, NULL, NULL, '2017-01-24 15:43:59', '2017-01-24 15:43:59', '92bf1832-9553-40d9-98f5-d913b8d67093'),
 ('8', '8', 'en_us', 'About Treno', '<p>Treno is a new website that is opening in Kent Ohio in May of 2017</p>', NULL, '0.00', 'History', NULL, '0', NULL, NULL, NULL, NULL, NULL, NULL, '<p>Lorem ipsum dolor sit amet, consectetuer adipiscing elit. Aenean commodo<br />ligula eget dolor. Aenean massa. Cum sociis natoque penatibus et<br />magnis dis parturient montes, nascetur ridiculus mus. Donec quam felis,<br />ultricies nec, pellentesque eu, pretium quis, sem. Nulla consequat massa<br />quis enim. Donec pede justo, fringilla vel, aliquet nec, vulputate eget, arcu.<br />In enim justo, rhoncus ut, imperdiet a, venenatis vitae, justo. Nullam<br />dictum felis eu pede mollis pretium. Integer tincidunt. Cras dapibus. Vivamus<br />elementum semper nisi. Aenean vulputate eleifend tellus. Aenean<br />leo ligula, porttitor eu, consequat vitae, eleifend ac, enim. Aliquam lorem </p>', '0', NULL, NULL, NULL, NULL, NULL, NULL, NULL, NULL, NULL, NULL, NULL, '2017-01-24 16:04:19', '2017-05-30 18:42:31', '1dca425a-653f-4118-b2f6-0c6f43b586a7'),
 ('10', '10', 'en_us', NULL, NULL, NULL, '0.00', '152 Franklin Ave. Kent, Ohio 44240', NULL, '0', 'info@trenokent.com', '[{\"col1\":\"Mon-Thurs\",\"col2\":\"11a.m.-10p.m.\"},{\"col1\":\"Fri-Sun\",\"col2\":\"11a.m.-11p.m.\"}]', '(###)-###-####', NULL, NULL, NULL, NULL, '0', NULL, NULL, NULL, NULL, NULL, 'Treno Ristorante all rights reserved', NULL, NULL, NULL, NULL, NULL, '2017-01-24 16:31:35', '2017-04-14 14:19:18', '6f84c735-51b9-4172-9e30-4f4522e2c7f8'),
 ('11', '11', 'en_us', NULL, NULL, NULL, '0.00', NULL, NULL, '0', NULL, NULL, NULL, NULL, NULL, NULL, NULL, '0', NULL, NULL, NULL, NULL, NULL, NULL, NULL, NULL, NULL, NULL, NULL, '2017-01-24 16:31:51', '2017-03-09 15:07:41', '9b16b725-dd02-45f1-9f5b-cd56f8bbbc13'),
 ('13', '13', 'en_us', 'Idea Base Logo Horizontal Color', NULL, NULL, '0.00', NULL, NULL, '0', NULL, NULL, NULL, NULL, NULL, NULL, NULL, '0', NULL, NULL, NULL, NULL, NULL, NULL, NULL, NULL, NULL, NULL, NULL, '2017-01-27 20:31:06', '2017-01-27 20:31:06', '75205043-f56a-4768-a16b-08c847287b41'),
 ('14', '14', 'en_us', 'Directions', NULL, NULL, '0.00', '152 Franklin Ave. Kent, Ohio 44240', NULL, '0', NULL, NULL, NULL, NULL, NULL, NULL, NULL, '0', 'https://www.google.com/maps/embed?pb=!1m18!1m12!1m3!1d3004.131777930494!2d-81.35954584821805!3d41.15347577918477!2m3!1f0!2f0!3f0!3m2!1i1024!2i768!4f13.1!3m3!1m2!1s0x883125213bb987bb%3A0x25ce1992d4aa5850!2sIdeaBase!5e0!3m2!1sen!2sus!4v1488213388847', NULL, NULL, NULL, NULL, NULL, 'Lorem ipsum dolor sit amet, consectetuer adipiscing elit. Aenean commodo ligula eget dolor. Aenean massa. Cum sociis natoque penatibus et magnis dis parturient montes,', 'Lorem ipsum dolor sit amet, consectetuer adipiscing elit. Aenean commodo ligula eget dolor. Aenean massa. Cum sociis natoque penatibus et magnis dis parturient montes,', 'Lorem ipsum dolor sit amet, consectetuer adipiscing elit. Aenean commodo ligula eget dolor. Aenean massa. Cum sociis natoque penatibus et magnis dis parturient montes,', '$5', 'Lorem ipsum dolor sit amet, consectetuer adipiscing elit. Aenean commodo ligula eget dolor. Aenean massa. Cum sociis natoque penatibus et magnis dis parturient montes,', '2017-01-30 15:31:53', '2017-05-22 19:06:17', 'a919645b-dac9-41ee-b0a3-74899aae577c'),
 ('23', '23', 'en_us', 'Specials', NULL, NULL, '0.00', NULL, NULL, '0', NULL, NULL, NULL, NULL, NULL, NULL, NULL, '0', NULL, NULL, NULL, NULL, NULL, NULL, NULL, NULL, NULL, NULL, NULL, '2017-01-31 17:04:29', '2017-01-31 17:04:29', '07d03e7a-023a-4ad9-aa2e-5b3232c6fbb3'),
 ('24', '24', 'en_us', 'Fish Sandwich', NULL, 'Description of the food', '15.00', NULL, NULL, '0', NULL, NULL, NULL, NULL, NULL, NULL, NULL, '0', NULL, NULL, NULL, NULL, NULL, NULL, NULL, NULL, NULL, NULL, NULL, '2017-01-31 17:05:35', '2017-06-07 18:53:57', '553c31d5-86d5-4353-826c-1433993dae9c'),
 ('25', '25', 'en_us', 'Entree', NULL, NULL, '0.00', NULL, NULL, '0', NULL, NULL, NULL, NULL, NULL, NULL, NULL, '0', NULL, NULL, NULL, NULL, NULL, NULL, NULL, NULL, NULL, NULL, NULL, '2017-01-31 17:05:43', '2017-01-31 17:05:43', 'b8329305-5133-436e-9537-c25bac3ee5a3'),
 ('26', '26', 'en_us', 'Prime Rib', NULL, 'Description of the food lorem ipsumsdaasdadslakf;n;fdnasknd dskjnfsd;knfsa dsfadsfas sdfasdf dsfafaf sdafsdafdsaf dffds.Lorem ipsum dolor sit amet, consectetur adipiscing elit. Vivamus pulvinar risus est, quis pellentesque eros viverra ac. Sed nec arcu vel ex fermentum blandit eleifend sit amet dui. Nunc gravida tempus turpis. Maecenas odio diam, auctor id ultricies non, ultricies vel metus. Morbi lobortis, magna mollis rhoncus congue, orci quam ullamcorper tellus, a faucibus dolor dolor sed lorem. Proin eget dictum eros, vehicula gravida nunc. Sed dignissim tincidunt metus. Suspendisse commodo molestie nibh vel pulvinar. Curabitur ut eros at arcu mollis vestibulum sit amet in augue. Nunc consequat nulla eget ipsum hendrerit, in rutrum odio sollicitudin. In feugiat consectetur velit.  Suspendisse sit amet dignissim felis. Morbi a mi magna. Morbi orci libero, iaculis eget condimentum a, vulputate vitae risus. Nunc dui velit, elementum ut urna in, pharetra convallis eros. Aliquam iaculis eros vel massa volutpat, ac porttitor ipsum hendrerit. Morbi at metus eu neque scelerisque porttitor. Etiam sem felis, volutpat vitae vestibulum id, consequat luctus sapien. Fusce nec mi ut dolor mattis bibendum. Donec vel pulvinar tortor, non sodales lorem. Praesent euismod urna non tellus malesuada, nec dapibus arcu fringilla.  Ut eu tortor ut metus sollicitudin tempus. Ut mauris urna, placerat quis ultrices vel, dapibus eget purus. Pellentesque congue eleifend justo sed fermentum. Ut luctus aliquet purus et molestie. Suspendisse accumsan est at venenatis faucibus. Pellentesque pulvinar rhoncus porttitor. Donec eget orci elit. Vestibulum faucibus leo non nisi pretium, sit amet bibendum orci feugiat. Cras et lacus sed elit tempus imperdiet.  Aenean lacinia aliquam suscipit. Nam rhoncus commodo massa vitae semper. Ut sapien odio, commodo id turpis sit amet, luctus varius metus. Vivamus quis lorem pellentesque, tempor enim a, viverra enim. Fusce aliquet, turpis fermentum accumsan porta, ex arcu condimentum ligula, vitae sagittis eros sem at arcu. Aliquam porttitor aliquet gravida. Cras varius nec dolor in luctus.  Ut feugiat tortor ac nisi viverra, in porta velit congue. Vestibulum fermentum vehicula consectetur. Etiam fringilla ipsum a diam faucibus lobortis. Proin velit diam, egestas eu arcu sit amet, hendrerit consectetur ipsum. Vestibulum velit ante, egestas in semper vel, sollicitudin eu felis. Donec scelerisque nisi a efficitur scelerisque. Curabitur convallis condimentum ipsum. Phasellus at lacus sed ante commodo elementum nec eget turpis. Suspendisse euismod sed dui sed sagittis. Cras congue, ipsum in volutpat fermentum, purus tellus laoreet enim, in porta mauris sapien faucibus lorem. Vivamus vitae nibh velit. Etiam scelerisque enim sit amet tincidunt laoreet. Nam sed pretium nulla, nec tincidunt libero. Aliquam et neque nec magna vestibulum tempor a quis dolor. Pellentesque dui velit, commodo nec venenatis a, fermentum eget ipsum.  Etiam vitae pellentesque orci, vitae lobortis arcu. Suspendisse non dapibus velit. Vivamus auctor eros vel urna feugiat luctus. Mauris lacinia, ex at imperdiet accumsan, velit arcu elementum felis, eu sollicitudin eros purus a est. Curabitur ultricies tempus lorem ut pulvinar. Ut diam tortor, venenatis in ligula eget, venenatis molestie purus. Proin eu turpis at quam vestibulum ornare. Curabitur a dictum lacus, at elementum quam. Proin convallis leo sit amet laoreet efficitur. In hac habitasse platea dictumst. Morbi egestas at felis ut varius.  Quisque scelerisque neque libero, aliquam dictum urna condimentum eget. Maecenas pretium vitae felis sit amet placerat. Nam ornare eget urna ac condimentum. Morbi in augue id augue lacinia tincidunt eget vel leo. Pellentesque pharetra lacus enim, eu congue lectus lobortis sit amet. Donec tempor elit quis felis consectetur, et tempor elit ultricies. Nunc sit amet turpis felis. Etiam malesuada diam neque, ac auctor urna molestie a. Aenean erat velit, porttitor vel elit nec, maximus dictum lectus. Sed vehicula risus nec est elementum tincidunt. Quisque vitae tellus eget eros faucibus scelerisque. Nulla dapibus, turpis non vestibulum egestas, ex lectus condimentum sem, vitae pharetra mi turpis nec felis. Quisque in massa euismod, varius lectus id, consectetur lacus. In eu mollis odio.  Morbi tristique turpis ac dolor placerat lobortis in sit amet dolor. Nam ac ante arcu. Mauris ligula tortor, consectetur nec turpis facilisis, blandit laoreet enim. Morbi et nisi mattis, ornare massa in, hendrerit libero. Maecenas semper sem vitae leo varius ullamcorper. Sed ex lacus, interdum vel odio vel, imperdiet gravida massa. Vivamus sit amet odio et nunc faucibus consequat eget sed elit. Phasellus maximus aliquam lorem, nec lacinia risus interdum consectetur. Sed aliquam nisl nec pretium venenatis. Nullam mauris arcu, tincidunt molestie velit quis, elementum mattis felis.', '20.00', NULL, NULL, '0', NULL, NULL, NULL, NULL, NULL, NULL, NULL, '0', NULL, NULL, NULL, NULL, NULL, NULL, NULL, NULL, NULL, NULL, NULL, '2017-01-31 17:06:07', '2017-06-07 18:54:09', '6ba02563-6260-41ea-b022-5f9cf7a06259'),
 ('28', '28', 'en_us', 'Lunch', NULL, NULL, '0.00', NULL, NULL, '0', NULL, NULL, NULL, NULL, NULL, NULL, NULL, '0', NULL, NULL, NULL, NULL, NULL, NULL, NULL, NULL, NULL, NULL, NULL, '2017-02-02 17:37:04', '2017-03-06 15:32:58', 'a6c78d37-4858-4f84-bc14-fbc988880298'),
 ('29', '29', 'en_us', 'Dinner', NULL, NULL, '0.00', NULL, NULL, '0', NULL, NULL, NULL, NULL, NULL, NULL, NULL, '0', NULL, NULL, NULL, NULL, NULL, NULL, NULL, NULL, NULL, NULL, NULL, '2017-02-02 17:37:07', '2017-02-02 17:37:07', '341f59b7-7fb0-41d7-8d6c-8e57378d0ec4'),
 ('30', '30', 'en_us', 'Soda', NULL, NULL, '0.00', NULL, NULL, '0', NULL, NULL, NULL, NULL, NULL, NULL, NULL, '0', NULL, NULL, NULL, NULL, NULL, NULL, NULL, NULL, NULL, NULL, NULL, '2017-02-02 17:37:14', '2017-02-02 17:37:14', 'e347cc20-e505-4ca6-be80-238365fc3c21'),
 ('31', '31', 'en_us', 'Beer', NULL, NULL, '0.00', NULL, NULL, '0', NULL, NULL, NULL, NULL, NULL, NULL, NULL, '0', NULL, NULL, NULL, NULL, NULL, NULL, NULL, NULL, NULL, NULL, NULL, '2017-02-02 17:37:17', '2017-02-02 17:37:17', 'a0cca654-34fd-4d03-8162-f6ed1aa173b8'),
 ('32', '32', 'en_us', 'Wine', NULL, NULL, '0.00', NULL, NULL, '0', NULL, NULL, NULL, NULL, NULL, NULL, NULL, '0', NULL, NULL, NULL, NULL, NULL, NULL, NULL, NULL, NULL, NULL, NULL, '2017-02-02 17:37:20', '2017-02-02 17:37:20', '7e042383-e650-4ad7-a13c-c7d1d44e62e0'),
 ('38', '40', 'en_us', 'Monday', NULL, NULL, '0.00', NULL, NULL, '0', NULL, NULL, NULL, NULL, NULL, NULL, NULL, '0', NULL, NULL, NULL, NULL, NULL, NULL, NULL, NULL, NULL, NULL, NULL, '2017-02-09 17:10:08', '2017-02-09 17:10:08', 'c37db2a3-7f3b-423c-a49e-afd9aff50cb3'),
 ('39', '41', 'en_us', 'Tuesday', NULL, NULL, '0.00', NULL, NULL, '0', NULL, NULL, NULL, NULL, NULL, NULL, NULL, '0', NULL, NULL, NULL, NULL, NULL, NULL, NULL, NULL, NULL, NULL, NULL, '2017-02-09 17:10:12', '2017-02-09 17:10:12', '439c6e95-8176-412e-b6ca-183ff61a3292'),
 ('40', '42', 'en_us', 'Wednesday', NULL, NULL, '0.00', NULL, NULL, '0', NULL, NULL, NULL, NULL, NULL, NULL, NULL, '0', NULL, NULL, NULL, NULL, NULL, NULL, NULL, NULL, NULL, NULL, NULL, '2017-02-09 17:10:15', '2017-02-09 17:10:15', '00a5710b-c8c3-46aa-a92a-57da2162900d'),
 ('41', '43', 'en_us', 'Thursday', NULL, NULL, '0.00', NULL, NULL, '0', NULL, NULL, NULL, NULL, NULL, NULL, NULL, '0', NULL, NULL, NULL, NULL, NULL, NULL, NULL, NULL, NULL, NULL, NULL, '2017-02-09 17:10:19', '2017-02-09 17:10:19', '7b6bc14f-cffe-4a8a-9d0f-5c8c3ee856dc'),
 ('42', '44', 'en_us', 'Friday', NULL, NULL, '0.00', NULL, NULL, '0', NULL, NULL, NULL, NULL, NULL, NULL, NULL, '0', NULL, NULL, NULL, NULL, NULL, NULL, NULL, NULL, NULL, NULL, NULL, '2017-02-09 17:10:24', '2017-02-09 17:10:24', '125bfdc9-52b0-4042-98fc-a20c459508cd'),
 ('43', '45', 'en_us', 'Saturday', NULL, NULL, '0.00', NULL, NULL, '0', NULL, NULL, NULL, NULL, NULL, NULL, NULL, '0', NULL, NULL, NULL, NULL, NULL, NULL, NULL, NULL, NULL, NULL, NULL, '2017-02-09 17:10:29', '2017-02-09 17:10:29', '830f06e8-6036-4690-a01f-86f7a2271c04'),
 ('44', '46', 'en_us', 'Sunday', NULL, NULL, '0.00', NULL, NULL, '0', NULL, NULL, NULL, NULL, NULL, NULL, NULL, '0', NULL, NULL, NULL, NULL, NULL, NULL, NULL, NULL, NULL, NULL, NULL, '2017-02-09 17:10:34', '2017-02-09 17:10:34', '90bf595f-98a4-4663-afc2-2e3b4c883ec4'),
 ('47', '49', 'en_us', 'Heatshot', NULL, NULL, '0.00', NULL, NULL, '0', NULL, NULL, NULL, NULL, NULL, NULL, NULL, '0', NULL, NULL, NULL, NULL, NULL, NULL, NULL, NULL, NULL, NULL, NULL, '2017-02-14 15:26:49', '2017-02-14 15:26:49', 'a960570f-70c6-4d53-b458-1b73bda36395'),
 ('48', '50', 'en_us', 'Jon Smith ', NULL, NULL, '0.00', NULL, NULL, '0', NULL, NULL, NULL, NULL, NULL, '<p>Jon is an excited new member of our team who is looking forward to seeing the website finished. </p>', NULL, '0', NULL, NULL, NULL, NULL, NULL, NULL, NULL, NULL, NULL, NULL, NULL, '2017-02-14 15:27:01', '2017-05-12 15:59:43', 'a384024b-0204-4c2a-b951-cc75ba7e0d7a'),
 ('49', '51', 'en_us', 'Map', NULL, NULL, '0.00', NULL, NULL, '0', NULL, NULL, NULL, NULL, NULL, NULL, NULL, '0', NULL, NULL, NULL, NULL, NULL, NULL, NULL, NULL, NULL, NULL, NULL, '2017-02-14 15:30:03', '2017-02-14 15:30:03', '975f16b2-0d71-4193-80a5-377b59377338'),
 ('50', '52', 'en_us', 'Idea Base Logo Horizontal Color', NULL, NULL, '0.00', NULL, NULL, '0', NULL, NULL, NULL, NULL, NULL, NULL, NULL, '0', NULL, NULL, NULL, NULL, NULL, NULL, NULL, NULL, NULL, NULL, NULL, '2017-02-14 15:31:43', '2017-02-14 15:31:43', 'db66ba7e-1165-468f-9f3f-f528eb097000'),
 ('52', '54', 'en_us', '5 Ffa85 B58 A16 A432', NULL, NULL, '0.00', NULL, NULL, '0', NULL, NULL, NULL, NULL, NULL, NULL, NULL, '0', NULL, NULL, NULL, NULL, NULL, NULL, NULL, NULL, NULL, NULL, NULL, '2017-02-14 16:28:22', '2017-02-14 16:28:22', 'bc187864-f68c-4da4-b4be-4633dd67d6d2'),
 ('53', '55', 'en_us', 'Reservations', NULL, NULL, '0.00', NULL, NULL, '0', NULL, NULL, '(###)-###-####', 'Here is some information about how to make a reservation ', '<p>Here is some information about how to schedule a private party or an event</p>', NULL, NULL, '0', NULL, NULL, NULL, NULL, NULL, NULL, NULL, NULL, NULL, NULL, NULL, '2017-02-14 16:31:16', '2017-03-14 16:33:41', 'fc82ee68-7206-4f66-a65a-774fed109b3e'),
 ('54', '56', 'en_us', 'Dscf2212 2', NULL, NULL, '0.00', NULL, NULL, '0', NULL, NULL, NULL, NULL, NULL, NULL, NULL, '0', NULL, NULL, NULL, NULL, NULL, NULL, NULL, NULL, NULL, NULL, NULL, '2017-02-14 16:34:43', '2017-02-14 16:34:43', 'e70f5f7e-5c79-43e1-80e2-f94d69269902'),
 ('59', '61', 'en_us', 'Kent Bw Pufferbelly', NULL, NULL, '0.00', NULL, NULL, '0', NULL, NULL, NULL, NULL, NULL, NULL, NULL, '0', NULL, NULL, NULL, NULL, NULL, NULL, NULL, NULL, NULL, NULL, NULL, '2017-02-24 15:06:59', '2017-02-24 15:06:59', '0b11ce96-1692-45cd-be5a-36e5b13f93a3'),
 ('60', '62', 'en_us', 'Low Angle Pufferbelly', NULL, NULL, '0.00', NULL, NULL, '0', NULL, NULL, NULL, NULL, NULL, NULL, NULL, '0', NULL, NULL, NULL, NULL, NULL, NULL, NULL, NULL, NULL, NULL, NULL, '2017-02-24 15:07:09', '2017-02-24 15:07:09', '67ca2af7-f4c6-4404-a6a0-8472ed4f6679'),
 ('61', '63', 'en_us', 'Brunch', NULL, NULL, '0.00', NULL, NULL, '0', NULL, NULL, NULL, NULL, NULL, NULL, NULL, '0', NULL, NULL, NULL, NULL, NULL, NULL, NULL, NULL, NULL, NULL, NULL, '2017-02-24 15:52:03', '2017-02-24 15:52:03', 'b2f3d212-35cc-48a3-a03a-ed21e9a6ae89'),
 ('62', '64', 'en_us', 'Brunch Item', NULL, 'Description of the food', '15.00', NULL, NULL, '0', NULL, NULL, NULL, NULL, NULL, NULL, NULL, '0', NULL, NULL, NULL, NULL, NULL, NULL, NULL, NULL, NULL, NULL, NULL, '2017-02-27 15:28:22', '2017-05-22 20:25:36', '95d5294a-44a2-4670-8ae0-e7e146bac671'),
 ('63', '65', 'en_us', 'Czek 1', NULL, NULL, '0.00', NULL, NULL, '0', NULL, NULL, NULL, NULL, NULL, NULL, NULL, '0', NULL, NULL, NULL, NULL, NULL, NULL, NULL, NULL, NULL, NULL, NULL, '2017-03-06 15:32:55', '2017-03-06 15:32:55', '54421526-f70f-4184-9aaf-f83fc7079c1c'),
 ('64', '66', 'en_us', 'Menu', '<p>lorem ipsum dsfmfaldf fdlsm\'fdsa\' dsfdsafsaf</p>', NULL, '0.00', NULL, NULL, '0', NULL, NULL, NULL, NULL, NULL, NULL, NULL, '0', NULL, NULL, NULL, NULL, NULL, NULL, NULL, NULL, NULL, NULL, NULL, '2017-03-06 15:33:59', '2017-06-06 15:40:05', '42638ef5-b62a-402f-abe4-a058e3376bd0'),
 ('65', '67', 'en_us', 'Arrow Left Gold', NULL, NULL, '0.00', NULL, NULL, '0', NULL, NULL, NULL, NULL, NULL, NULL, NULL, '0', NULL, NULL, NULL, NULL, NULL, NULL, NULL, NULL, NULL, NULL, NULL, '2017-03-09 15:05:38', '2017-03-09 15:05:38', '7f143ed9-8c63-484e-971b-1299a1c984e1'),
 ('66', '68', 'en_us', 'Arrow Left White', NULL, NULL, '0.00', NULL, NULL, '0', NULL, NULL, NULL, NULL, NULL, NULL, NULL, '0', NULL, NULL, NULL, NULL, NULL, NULL, NULL, NULL, NULL, NULL, NULL, '2017-03-09 15:05:38', '2017-03-09 15:05:38', 'b7f2e220-47bf-4829-ad91-ea2927bcb7e2'),
 ('67', '69', 'en_us', 'Arrow Right Gold', NULL, NULL, '0.00', NULL, NULL, '0', NULL, NULL, NULL, NULL, NULL, NULL, NULL, '0', NULL, NULL, NULL, NULL, NULL, NULL, NULL, NULL, NULL, NULL, NULL, '2017-03-09 15:05:38', '2017-03-09 15:05:38', 'cf3b0cab-0934-4166-96db-ce5fa0d2b70a'),
 ('68', '70', 'en_us', 'Arrow Right White', NULL, NULL, '0.00', NULL, NULL, '0', NULL, NULL, NULL, NULL, NULL, NULL, NULL, '0', NULL, NULL, NULL, NULL, NULL, NULL, NULL, NULL, NULL, NULL, NULL, '2017-03-09 15:05:38', '2017-03-09 15:05:38', 'e11aaf4c-d48a-40b5-82ca-8bb0e88b5014'),
 ('69', '71', 'en_us', 'Face Circles', NULL, NULL, '0.00', NULL, NULL, '0', NULL, NULL, NULL, NULL, NULL, NULL, NULL, '0', NULL, NULL, NULL, NULL, NULL, NULL, NULL, NULL, NULL, NULL, NULL, '2017-03-09 15:05:39', '2017-03-09 15:05:39', 'cd604a69-8bb9-4ba9-a26f-cbf25857bcf4'),
 ('70', '72', 'en_us', 'History Building', NULL, NULL, '0.00', NULL, NULL, '0', NULL, NULL, NULL, NULL, NULL, NULL, NULL, '0', NULL, NULL, NULL, NULL, NULL, NULL, NULL, NULL, NULL, NULL, NULL, '2017-03-09 15:06:34', '2017-03-09 15:06:34', 'ebdad7ea-d154-4739-905f-d80d3e3ab7d3'),
 ('71', '73', 'en_us', 'Location Ring', NULL, NULL, '0.00', NULL, NULL, '0', NULL, NULL, NULL, NULL, NULL, NULL, NULL, '0', NULL, NULL, NULL, NULL, NULL, NULL, NULL, NULL, NULL, NULL, NULL, '2017-03-09 15:06:35', '2017-03-09 15:06:35', 'c2de7f4f-0df5-49b1-87b2-6dc16f1ec658'),
 ('72', '74', 'en_us', 'Pasta', NULL, NULL, '0.00', NULL, NULL, '0', NULL, NULL, NULL, NULL, NULL, NULL, NULL, '0', NULL, NULL, NULL, NULL, NULL, NULL, NULL, NULL, NULL, NULL, NULL, '2017-03-09 15:06:37', '2017-03-09 15:06:37', '05429f6c-bbba-4a10-b1f2-54abc644b8ad'),
 ('73', '75', 'en_us', 'Tomato Plant Graphic', NULL, NULL, '0.00', NULL, NULL, '0', NULL, NULL, NULL, NULL, NULL, NULL, NULL, '0', NULL, NULL, NULL, NULL, NULL, NULL, NULL, NULL, NULL, NULL, NULL, '2017-03-09 15:06:37', '2017-03-09 15:06:37', '0a1cad9c-0f83-45da-99af-f2c66d78405f'),
 ('74', '76', 'en_us', 'Tomatoes', NULL, NULL, '0.00', NULL, NULL, '0', NULL, NULL, NULL, NULL, NULL, NULL, NULL, '0', NULL, NULL, NULL, NULL, NULL, NULL, NULL, NULL, NULL, NULL, NULL, '2017-03-09 15:06:43', '2017-03-09 15:06:43', '4043ee15-4718-4e6d-858e-1328b75643e3'),
 ('75', '77', 'en_us', 'Treno Logo 01', NULL, NULL, '0.00', NULL, NULL, '0', NULL, NULL, NULL, NULL, NULL, NULL, NULL, '0', NULL, NULL, NULL, NULL, NULL, NULL, NULL, NULL, NULL, NULL, NULL, '2017-03-09 15:06:43', '2017-03-09 15:06:43', 'c2a2b061-ab6c-4f24-ba6c-1ee621901a3b'),
 ('76', '78', 'en_us', 'Treno Logomark 02', NULL, NULL, '0.00', NULL, NULL, '0', NULL, NULL, NULL, NULL, NULL, NULL, NULL, '0', NULL, NULL, NULL, NULL, NULL, NULL, NULL, NULL, NULL, NULL, NULL, '2017-03-09 15:06:44', '2017-03-09 15:06:44', '466eb371-3ccd-49cd-9f42-0b7dba425536'),
 ('77', '79', 'en_us', 'Welcome Building', NULL, NULL, '0.00', NULL, NULL, '0', NULL, NULL, NULL, NULL, NULL, NULL, NULL, '0', NULL, NULL, NULL, NULL, NULL, NULL, NULL, NULL, NULL, NULL, NULL, '2017-03-09 15:06:46', '2017-03-09 15:06:46', '2aaf948f-75fe-4b90-b27d-453e082326a8'),
 ('78', '80', 'en_us', 'Specials', NULL, NULL, '0.00', NULL, NULL, '0', NULL, NULL, NULL, NULL, NULL, NULL, NULL, '0', NULL, NULL, NULL, NULL, NULL, NULL, NULL, NULL, NULL, NULL, NULL, '2017-04-20 13:22:42', '2017-05-22 19:33:06', '8f39f045-b804-4698-859f-a02fc9a17394'),
 ('79', '81', 'en_us', 'Drinks', NULL, NULL, '0.00', NULL, NULL, '0', NULL, NULL, NULL, NULL, NULL, NULL, NULL, '0', NULL, NULL, NULL, NULL, NULL, NULL, NULL, NULL, NULL, NULL, NULL, '2017-04-20 13:22:48', '2017-04-20 13:22:48', 'c0deca90-0055-4504-a157-69c62bcd6101'),
 ('80', '82', 'en_us', 'Special ', NULL, 'food description food description. this is done this way and that way. really good. ready to eat. lets make this food', '5.00', NULL, NULL, '0', NULL, NULL, NULL, NULL, NULL, NULL, NULL, '0', NULL, NULL, NULL, NULL, NULL, NULL, NULL, NULL, NULL, NULL, NULL, '2017-04-20 13:23:18', '2017-05-22 20:30:11', '090b484b-cd39-46b7-9406-2281f208d2cf'),
 ('81', '83', 'en_us', 'Drink', NULL, 'Description of the drink', '3.00', NULL, NULL, '0', NULL, NULL, NULL, NULL, NULL, NULL, NULL, '0', NULL, NULL, NULL, NULL, NULL, NULL, NULL, NULL, NULL, NULL, NULL, '2017-04-20 13:23:44', '2017-05-22 19:32:42', '24ea50eb-f555-466f-87b8-26f74283b8e2'),
 ('82', '84', 'en_us', 'Sides', NULL, NULL, '0.00', NULL, NULL, '0', NULL, NULL, NULL, NULL, NULL, NULL, NULL, '0', NULL, NULL, NULL, NULL, NULL, NULL, NULL, NULL, NULL, NULL, NULL, '2017-04-20 13:23:56', '2017-04-20 13:23:56', '92665918-7af0-4b25-84fe-62dc97b95097'),
 ('83', '85', 'en_us', 'Soda', NULL, NULL, '0.00', NULL, NULL, '0', NULL, NULL, NULL, NULL, NULL, NULL, NULL, '0', NULL, NULL, NULL, NULL, NULL, NULL, NULL, NULL, NULL, NULL, NULL, '2017-04-20 13:24:05', '2017-04-20 13:24:05', 'a10dd74d-2361-4c47-a373-552550023480'),
 ('84', '86', 'en_us', 'Desserts', NULL, NULL, '0.00', NULL, NULL, '0', NULL, NULL, NULL, NULL, NULL, NULL, NULL, '0', NULL, NULL, NULL, NULL, NULL, NULL, NULL, NULL, NULL, NULL, NULL, '2017-04-20 13:24:23', '2017-04-20 13:24:23', '54386dcb-a0db-4e33-b9a4-36bce6ee3549'),
 ('85', '87', 'en_us', 'New News Entry', '<p>Lorem ipsum dolor sit amet, consectetuer adipiscing elit. Aenean commodo ligula eget dolor. Aenean massa. Cum sociis natoque penatibus et magnis dis parturient montes,</p>\n', NULL, '0.00', NULL, NULL, '0', NULL, NULL, NULL, NULL, NULL, NULL, NULL, '1', NULL, NULL, NULL, NULL, '2017-05-31 04:00:00', NULL, NULL, NULL, NULL, NULL, NULL, '2017-05-12 14:07:58', '2017-05-12 14:07:58', 'ea6ec5e2-8fd5-422f-b684-0f3bbbf85586'),
 ('86', '88', 'en_us', 'Man 1416138 1920', NULL, NULL, '0.00', NULL, NULL, '0', NULL, NULL, NULL, NULL, NULL, NULL, NULL, '0', NULL, NULL, NULL, NULL, NULL, NULL, NULL, NULL, NULL, NULL, NULL, '2017-05-22 17:36:07', '2017-05-22 17:36:07', '613030aa-4adb-4c55-a474-187591d0a45c'),
 ('87', '89', 'en_us', 'Mj Smiling 3', NULL, NULL, '0.00', NULL, NULL, '0', NULL, NULL, NULL, NULL, NULL, NULL, NULL, '0', NULL, NULL, NULL, NULL, NULL, NULL, NULL, NULL, NULL, NULL, NULL, '2017-05-30 18:42:21', '2017-05-30 18:42:21', '9ae49709-3374-4511-8f4a-c74dc9e13bb6'),
 ('88', '90', 'en_us', 'gfdgdfgfdgfd', '<p>gfdgfdgdfgdfgfdgdfggfddf</p>', NULL, '0.00', NULL, NULL, '0', NULL, NULL, NULL, NULL, NULL, NULL, NULL, '1', NULL, NULL, NULL, NULL, '2017-06-15 04:00:00', NULL, NULL, NULL, NULL, NULL, NULL, '2017-06-07 17:54:22', '2017-06-07 18:23:26', 'fa5e51a8-cd0f-426f-96e0-c103241f5c60');



DROP TABLE IF EXISTS `craft_deprecationerrors`;


--
-- Schema for table `craft_deprecationerrors`
--
CREATE TABLE `craft_deprecationerrors` (
  `id` int(11) NOT NULL AUTO_INCREMENT,
  `key` varchar(255) COLLATE utf8_unicode_ci NOT NULL,
  `fingerprint` varchar(255) COLLATE utf8_unicode_ci NOT NULL,
  `lastOccurrence` datetime NOT NULL,
  `file` varchar(255) COLLATE utf8_unicode_ci NOT NULL,
  `line` smallint(6) unsigned NOT NULL,
  `class` varchar(255) COLLATE utf8_unicode_ci DEFAULT NULL,
  `method` varchar(255) COLLATE utf8_unicode_ci DEFAULT NULL,
  `template` varchar(255) COLLATE utf8_unicode_ci DEFAULT NULL,
  `templateLine` smallint(6) unsigned DEFAULT NULL,
  `message` varchar(255) COLLATE utf8_unicode_ci DEFAULT NULL,
  `traces` text COLLATE utf8_unicode_ci,
  `dateCreated` datetime NOT NULL,
  `dateUpdated` datetime NOT NULL,
  `uid` char(36) COLLATE utf8_unicode_ci NOT NULL DEFAULT '0',
  PRIMARY KEY (`id`),
  UNIQUE KEY `craft_deprecationerrors_key_fingerprint_unq_idx` (`key`,`fingerprint`)
) ENGINE=InnoDB DEFAULT CHARSET=utf8 COLLATE=utf8_unicode_ci;

DROP TABLE IF EXISTS `craft_elementindexsettings`;


--
-- Schema for table `craft_elementindexsettings`
--
CREATE TABLE `craft_elementindexsettings` (
  `id` int(11) NOT NULL AUTO_INCREMENT,
  `type` varchar(150) COLLATE utf8_unicode_ci NOT NULL,
  `settings` text COLLATE utf8_unicode_ci,
  `dateCreated` datetime NOT NULL,
  `dateUpdated` datetime NOT NULL,
  `uid` char(36) COLLATE utf8_unicode_ci NOT NULL DEFAULT '0',
  PRIMARY KEY (`id`),
  UNIQUE KEY `craft_elementindexsettings_type_unq_idx` (`type`)
) ENGINE=InnoDB AUTO_INCREMENT=2 DEFAULT CHARSET=utf8 COLLATE=utf8_unicode_ci;

--
-- Data for table `craft_elementindexsettings`
--

INSERT INTO `craft_elementindexsettings` (`id`, `type`, `settings`, `dateCreated`, `dateUpdated`, `uid`) VALUES
 ('1', 'Entry', '{\"sources\":{\"section:3\":{\"tableAttributes\":{\"1\":\"postDate\",\"2\":\"expiryDate\",\"3\":\"link\",\"4\":\"section\"}}}}', '2017-02-02 17:44:18', '2017-05-22 19:04:54', '41593e6a-5906-4d50-858f-0293572f42a8');



DROP TABLE IF EXISTS `craft_elements`;


--
-- Schema for table `craft_elements`
--
CREATE TABLE `craft_elements` (
  `id` int(11) NOT NULL AUTO_INCREMENT,
  `type` varchar(150) COLLATE utf8_unicode_ci NOT NULL,
  `enabled` tinyint(1) unsigned NOT NULL DEFAULT '1',
  `archived` tinyint(1) unsigned NOT NULL DEFAULT '0',
  `dateCreated` datetime NOT NULL,
  `dateUpdated` datetime NOT NULL,
  `uid` char(36) COLLATE utf8_unicode_ci NOT NULL DEFAULT '0',
  PRIMARY KEY (`id`),
  KEY `craft_elements_type_idx` (`type`),
  KEY `craft_elements_enabled_idx` (`enabled`),
  KEY `craft_elements_archived_dateCreated_idx` (`archived`,`dateCreated`)
) ENGINE=InnoDB AUTO_INCREMENT=91 DEFAULT CHARSET=utf8 COLLATE=utf8_unicode_ci;

--
-- Data for table `craft_elements`
--

INSERT INTO `craft_elements` (`id`, `type`, `enabled`, `archived`, `dateCreated`, `dateUpdated`, `uid`) VALUES
 ('1', 'User', '1', '0', '2017-01-24 03:51:10', '2017-01-24 04:36:12', '50a6b19e-2d94-4e72-8dbb-019356a39d0d'),
 ('2', 'Entry', '1', '0', '2017-01-24 03:51:11', '2017-05-30 18:57:38', 'da44ba2f-1ad5-4a43-b34e-8480d5c7f7da'),
 ('3', 'Entry', '1', '0', '2017-01-24 03:51:11', '2017-03-14 16:28:13', '0757fa4f-4197-4bb5-83de-4dbc38c1c70b'),
 ('5', 'Category', '1', '0', '2017-01-24 15:31:16', '2017-01-24 15:31:16', 'c11cf4cf-00b3-406e-83c1-8c28d54e843c'),
 ('6', 'Entry', '1', '0', '2017-01-24 15:33:41', '2017-05-22 19:06:07', '0661a069-3332-4cb9-98a2-8c1a0df7dba4'),
 ('7', 'Asset', '1', '0', '2017-01-24 15:43:59', '2017-01-24 15:43:59', '15ff5d19-0428-49ba-8d90-e0be66a535a7'),
 ('8', 'Entry', '1', '0', '2017-01-24 16:04:19', '2017-05-30 18:42:31', '1b4d7a15-7369-4477-867a-8e9e7af6510d'),
 ('10', 'GlobalSet', '1', '0', '2017-01-24 16:31:34', '2017-04-14 14:19:18', '71f1c9e9-de74-496f-ac25-4f431a68524c'),
 ('11', 'GlobalSet', '1', '0', '2017-01-24 16:31:51', '2017-03-09 15:07:41', 'bce50cc8-6254-4507-8e07-af78cbcd6fa6'),
 ('13', 'Asset', '1', '0', '2017-01-27 20:31:06', '2017-01-27 20:31:06', 'c8070485-f40b-426b-8356-7c8622ce9749'),
 ('14', 'Entry', '1', '0', '2017-01-30 15:31:53', '2017-05-22 19:06:17', '61399656-a643-4205-9baf-f4ce1a379bb4'),
 ('23', 'Category', '1', '0', '2017-01-31 17:04:29', '2017-01-31 17:04:29', '070fbdbe-1146-4535-9c91-eec72753795f'),
 ('24', 'Entry', '1', '0', '2017-01-31 17:05:35', '2017-06-07 18:53:57', 'ce66745a-6d24-486a-ba3e-fba4101aee06'),
 ('25', 'Category', '1', '0', '2017-01-31 17:05:43', '2017-01-31 17:05:43', 'bc07c463-32ff-44d2-928f-4f2081d69833'),
 ('26', 'Entry', '1', '0', '2017-01-31 17:06:07', '2017-06-07 18:54:09', 'a69c6087-e963-4991-b049-990517a78db6'),
 ('28', 'Category', '1', '0', '2017-02-02 17:37:04', '2017-03-06 15:32:58', '57ebe824-aa94-4a9b-9d0b-c9471b00e297'),
 ('29', 'Category', '1', '0', '2017-02-02 17:37:07', '2017-02-02 17:37:07', 'f4f08e91-9521-4c66-99b8-ee29945fb529'),
 ('30', 'Category', '1', '0', '2017-02-02 17:37:14', '2017-02-02 17:37:14', '49c1001a-5e76-4038-b597-4fba90223277'),
 ('31', 'Category', '1', '0', '2017-02-02 17:37:17', '2017-02-02 17:37:17', 'd068de16-4673-4928-aa4f-e4add7ecb755'),
 ('32', 'Category', '1', '0', '2017-02-02 17:37:20', '2017-02-02 17:37:20', 'f421bbc3-8b3c-46b9-94f8-0afc0fe83933'),
 ('34', 'MatrixBlock', '1', '0', '2017-02-02 17:43:02', '2017-03-21 15:35:06', 'bc649eb2-08f1-440f-bad4-767ab09c0adc'),
 ('35', 'MatrixBlock', '1', '0', '2017-02-02 17:43:02', '2017-03-21 15:35:06', '5756171f-cc62-4a28-9785-64cf03e37bb0'),
 ('40', 'Category', '1', '0', '2017-02-09 17:10:08', '2017-02-09 17:10:08', '9655c678-d8d7-4e10-bffd-2e5cf03bc3a0'),
 ('41', 'Category', '1', '0', '2017-02-09 17:10:12', '2017-02-09 17:10:12', '22cc6885-73de-42aa-acc1-db100bec1ba3'),
 ('42', 'Category', '1', '0', '2017-02-09 17:10:15', '2017-02-09 17:10:15', 'e16ea840-9e8b-4b90-a59d-49f1ea66010d'),
 ('43', 'Category', '1', '0', '2017-02-09 17:10:19', '2017-02-09 17:10:19', '56726fc4-e9fc-4ee8-b641-a6904e68f080'),
 ('44', 'Category', '1', '0', '2017-02-09 17:10:24', '2017-02-09 17:10:24', 'e02db1bf-c70d-405a-a765-edb86cab7c38'),
 ('45', 'Category', '1', '0', '2017-02-09 17:10:29', '2017-02-09 17:10:29', 'e542f744-9403-481e-81ce-023128c78dfb'),
 ('46', 'Category', '1', '0', '2017-02-09 17:10:34', '2017-02-09 17:10:34', '6da8397c-938a-44f8-ae79-80396bebe7f3'),
 ('49', 'Asset', '1', '0', '2017-02-14 15:26:49', '2017-02-14 15:26:49', '6d44dbf1-61c2-4c42-9468-e296a45893cb'),
 ('50', 'Entry', '1', '0', '2017-02-14 15:27:01', '2017-05-12 15:59:43', '60f084c5-ca35-40c4-8c65-24e3a5351938'),
 ('51', 'Asset', '1', '0', '2017-02-14 15:30:03', '2017-02-14 15:30:03', '1386bdc8-6736-4b28-b382-3b0faf17ede7'),
 ('52', 'Asset', '1', '0', '2017-02-14 15:31:43', '2017-02-14 15:31:43', 'c533aad9-58b5-4c2a-b227-1fd29f30dbb8'),
 ('54', 'Asset', '1', '0', '2017-02-14 16:28:22', '2017-02-14 16:28:22', '49b499b2-0a79-43f0-8ddd-cb5732edd664'),
 ('55', 'Entry', '1', '0', '2017-02-14 16:31:16', '2017-03-14 16:33:41', '1c539627-b259-498b-8ca7-a343137ca6e2'),
 ('56', 'Asset', '1', '0', '2017-02-14 16:34:43', '2017-02-14 16:34:43', '6ae862f2-6448-402e-b2cd-68a6a8a80a00'),
 ('61', 'Asset', '1', '0', '2017-02-24 15:06:59', '2017-02-24 15:06:59', '7a643ef4-e07d-46a5-ac5c-dd99d5c1ee5e'),
 ('62', 'Asset', '1', '0', '2017-02-24 15:07:09', '2017-02-24 15:07:09', '4cc7361a-24b2-48df-8110-938c99173785'),
 ('63', 'Category', '1', '0', '2017-02-24 15:52:03', '2017-02-24 15:52:03', '9e51d251-9184-4d83-b94a-d02f04715bab'),
 ('64', 'Entry', '1', '0', '2017-02-27 15:28:22', '2017-05-22 20:25:36', '0bf5e1bd-a7fb-4eba-b3bd-5a6749150d58'),
 ('65', 'Asset', '1', '0', '2017-03-06 15:32:55', '2017-03-06 15:32:55', '0a9eda7e-6d52-431a-8003-86942482fbb2'),
 ('66', 'Entry', '1', '0', '2017-03-06 15:33:59', '2017-06-06 15:40:05', '18ab96ef-464b-4bd2-ab7c-4500ab7a3cc0'),
 ('67', 'Asset', '1', '0', '2017-03-09 15:05:38', '2017-03-09 15:05:38', '0e53938c-f5c1-4fba-9f9f-375aaabce552'),
 ('68', 'Asset', '1', '0', '2017-03-09 15:05:38', '2017-03-09 15:05:38', '05eae410-acf0-4ee9-8fc3-1c8615b1d58e'),
 ('69', 'Asset', '1', '0', '2017-03-09 15:05:38', '2017-03-09 15:05:38', '96aa48da-8810-49a9-9aa6-fa8c943bfdb9'),
 ('70', 'Asset', '1', '0', '2017-03-09 15:05:38', '2017-03-09 15:05:38', '2cdcd278-ce1b-4949-9442-74fdacd4e736'),
 ('71', 'Asset', '1', '0', '2017-03-09 15:05:39', '2017-03-09 15:05:39', '3ddf237a-7932-425b-b9da-cb86172f6b48'),
 ('72', 'Asset', '1', '0', '2017-03-09 15:06:34', '2017-03-09 15:06:34', '3ab49f89-60ae-4d21-ad03-5d4c009885d0'),
 ('73', 'Asset', '1', '0', '2017-03-09 15:06:35', '2017-03-09 15:06:35', '429cdb34-c74b-4cf2-8bbe-a66d4afb7cf8'),
 ('74', 'Asset', '1', '0', '2017-03-09 15:06:37', '2017-03-09 15:06:37', '8d66d312-22e9-4286-83a6-567b7016278f'),
 ('75', 'Asset', '1', '0', '2017-03-09 15:06:37', '2017-03-09 15:06:37', '08efc2a1-5905-4db0-a067-5382d2f23e55'),
 ('76', 'Asset', '1', '0', '2017-03-09 15:06:43', '2017-03-09 15:06:43', '2dfef452-dde8-4ada-90fc-7369ebb94300'),
 ('77', 'Asset', '1', '0', '2017-03-09 15:06:43', '2017-03-09 15:06:43', '3297ae94-0b76-416a-bb4b-2cd85eabbed6'),
 ('78', 'Asset', '1', '0', '2017-03-09 15:06:44', '2017-03-09 15:06:44', '9707e2b0-77e1-46a5-91a0-de795e03284c'),
 ('79', 'Asset', '1', '0', '2017-03-09 15:06:46', '2017-03-09 15:06:46', '45d5f717-5bb9-4d4b-afeb-6a208d521ba0'),
 ('80', 'Category', '1', '0', '2017-04-20 13:22:42', '2017-05-22 19:33:06', '0cae5fd6-157b-4377-856c-9f3beb37ae4e'),
 ('81', 'Category', '1', '0', '2017-04-20 13:22:48', '2017-04-20 13:22:48', '0c00597e-5d11-47ca-8ee6-8d0d2b5e17af'),
 ('82', 'Entry', '1', '0', '2017-04-20 13:23:18', '2017-05-22 20:30:11', 'a108dd86-7f14-4f01-913a-7b53a841a3a8'),
 ('83', 'Entry', '1', '0', '2017-04-20 13:23:44', '2017-05-22 19:32:42', '7c6e9cae-98e2-40ac-a1ce-3a5b8420baff'),
 ('84', 'Category', '1', '0', '2017-04-20 13:23:56', '2017-04-20 13:23:56', 'fc855c41-8fa8-49a4-aad1-beb6db7a41d0'),
 ('85', 'Category', '1', '0', '2017-04-20 13:24:05', '2017-04-20 13:24:05', '9f716102-81e2-4133-8afa-3c01e4339ce1'),
 ('86', 'Category', '1', '0', '2017-04-20 13:24:23', '2017-04-20 13:24:23', '0102273d-963a-40c4-8280-fc68c111fe49'),
 ('87', 'Entry', '1', '0', '2017-05-12 14:07:58', '2017-05-12 14:07:58', '4a6a6656-e605-408c-9677-92b167959633'),
 ('88', 'Asset', '1', '0', '2017-05-22 17:36:07', '2017-05-22 17:36:07', '5f62f5e7-de49-475b-8346-570550caa71d'),
 ('89', 'Asset', '1', '0', '2017-05-30 18:42:21', '2017-05-30 18:42:21', 'ee019e7a-91b3-40b5-a249-411a4970a6ca'),
 ('90', 'Entry', '1', '0', '2017-06-07 17:54:22', '2017-06-07 18:23:26', '1059c217-22b5-493e-801b-a375b27c82c6');



DROP TABLE IF EXISTS `craft_elements_i18n`;


--
-- Schema for table `craft_elements_i18n`
--
CREATE TABLE `craft_elements_i18n` (
  `id` int(11) NOT NULL AUTO_INCREMENT,
  `elementId` int(11) NOT NULL,
  `locale` char(12) COLLATE utf8_unicode_ci NOT NULL,
  `slug` varchar(255) COLLATE utf8_unicode_ci DEFAULT NULL,
  `uri` varchar(255) COLLATE utf8_unicode_ci DEFAULT NULL,
  `enabled` tinyint(1) unsigned NOT NULL DEFAULT '1',
  `dateCreated` datetime NOT NULL,
  `dateUpdated` datetime NOT NULL,
  `uid` char(36) COLLATE utf8_unicode_ci NOT NULL DEFAULT '0',
  PRIMARY KEY (`id`),
  UNIQUE KEY `craft_elements_i18n_elementId_locale_unq_idx` (`elementId`,`locale`),
  UNIQUE KEY `craft_elements_i18n_uri_locale_unq_idx` (`uri`,`locale`),
  KEY `craft_elements_i18n_slug_locale_idx` (`slug`,`locale`),
  KEY `craft_elements_i18n_enabled_idx` (`enabled`),
  KEY `craft_elements_i18n_locale_fk` (`locale`)
) ENGINE=InnoDB AUTO_INCREMENT=91 DEFAULT CHARSET=utf8 COLLATE=utf8_unicode_ci;

--
-- Data for table `craft_elements_i18n`
--

INSERT INTO `craft_elements_i18n` (`id`, `elementId`, `locale`, `slug`, `uri`, `enabled`, `dateCreated`, `dateUpdated`, `uid`) VALUES
 ('1', '1', 'en_us', '', NULL, '1', '2017-01-24 03:51:10', '2017-01-24 04:36:12', '3641fb50-132c-47d1-83df-f00f8e87b024'),
 ('2', '2', 'en_us', 'homepage', '__home__', '1', '2017-01-24 03:51:11', '2017-05-30 18:57:38', 'da96e71f-a05b-4013-bb60-5f81dcc2db8e'),
 ('3', '3', 'en_us', 'we-just-installed-craft', 'news/2017/we-just-installed-craft', '1', '2017-01-24 03:51:11', '2017-03-14 16:28:13', '473638f9-0ec8-4e64-befe-5c5ff0341c7d'),
 ('5', '5', 'en_us', 'appetizer', 'food-category/appetizer', '1', '2017-01-24 15:31:16', '2017-01-24 15:31:17', '8f3a72e6-7b16-4b10-a044-01e098a6834e'),
 ('6', '6', 'en_us', 'steak', 'menu/steak', '1', '2017-01-24 15:33:42', '2017-05-22 19:06:07', 'ec0248fe-f706-46af-9efd-41cad114dddc'),
 ('7', '7', 'en_us', 'idea-base-logo-horizontal-color', NULL, '1', '2017-01-24 15:43:59', '2017-01-24 15:43:59', 'c6adfd56-9cfa-4a8c-b8f5-ebcec2a83976'),
 ('8', '8', 'en_us', 'about-treno', 'about', '1', '2017-01-24 16:04:19', '2017-05-30 18:42:31', 'b469797e-5673-4796-a8f8-cba9a6270ea0'),
 ('10', '10', 'en_us', '', NULL, '1', '2017-01-24 16:31:35', '2017-04-14 14:19:18', '8feafbff-aea3-4e33-89d4-3ecc0b5224a8'),
 ('11', '11', 'en_us', '', NULL, '1', '2017-01-24 16:31:51', '2017-03-09 15:07:41', '36059fd2-6f81-41f5-b523-7ffeba001320'),
 ('13', '13', 'en_us', 'idea-base-logo-horizontal-color', NULL, '1', '2017-01-27 20:31:06', '2017-01-27 20:31:06', '8f3311fe-4514-4cd9-bcf7-8e6f00697037'),
 ('14', '14', 'en_us', 'directions', 'directions', '1', '2017-01-30 15:31:53', '2017-05-22 19:06:17', 'bf8ba4ec-3471-4975-a423-0447985d2e23'),
 ('23', '23', 'en_us', 'specials', 'special-category/specials', '1', '2017-01-31 17:04:29', '2017-01-31 17:04:30', '855cfe74-6588-4262-bae6-ddfb70e97d99'),
 ('24', '24', 'en_us', 'fish-sandwich', 'menu/fish-sandwich', '1', '2017-01-31 17:05:35', '2017-06-07 18:53:57', 'c9cb2a4b-1610-47d2-aa5b-76e404e9f1ee'),
 ('25', '25', 'en_us', 'entree', 'food-category/entree', '1', '2017-01-31 17:05:44', '2017-01-31 17:05:44', 'a7bcdcfb-38b3-42c3-8317-1ae4b082ef5b'),
 ('26', '26', 'en_us', 'prime-rib', 'menu/prime-rib', '1', '2017-01-31 17:06:07', '2017-06-07 18:54:09', 'e71e215a-7c64-48fa-8e7c-0a3846ab63cc'),
 ('28', '28', 'en_us', 'lunch', 'menu/lunch', '1', '2017-02-02 17:37:04', '2017-03-06 15:32:58', 'd28cfbbf-6f3c-44d0-b198-d3ea8da69d5f'),
 ('29', '29', 'en_us', 'dinner', 'menu/dinner', '1', '2017-02-02 17:37:07', '2017-02-07 05:20:55', 'd5c4a052-5262-4b48-90f2-5418906780b7'),
 ('30', '30', 'en_us', 'soda', 'drink-category/soda', '1', '2017-02-02 17:37:14', '2017-02-02 17:37:14', '258e7bd4-eb9f-49b1-abce-43c7ddee51e4'),
 ('31', '31', 'en_us', 'beer', 'drink-category/beer', '1', '2017-02-02 17:37:18', '2017-02-02 17:37:18', 'e51b648a-f4d0-4b21-92ab-da542e1422d6'),
 ('32', '32', 'en_us', 'wine', 'drink-category/wine', '1', '2017-02-02 17:37:20', '2017-02-02 17:37:20', '76cc9143-2548-4968-9f55-1024137d0d50'),
 ('34', '34', 'en_us', '', NULL, '1', '2017-02-02 17:43:02', '2017-03-21 15:35:06', 'f05f0c33-16a2-4fd0-b169-52df82726fe7'),
 ('35', '35', 'en_us', '', NULL, '1', '2017-02-02 17:43:02', '2017-03-21 15:35:06', 'a3a67919-6627-42f5-9a13-8440c3d01278'),
 ('40', '40', 'en_us', 'monday', 'days-of-the-week/monday', '1', '2017-02-09 17:10:08', '2017-02-09 17:10:08', 'c6e5d830-f2a7-45f9-b4a5-56a83e423858'),
 ('41', '41', 'en_us', 'tuesday', 'days-of-the-week/tuesday', '1', '2017-02-09 17:10:12', '2017-02-09 17:10:12', '9ef7aa8d-a055-4f4e-940e-bcc74bbe17d1'),
 ('42', '42', 'en_us', 'wednesday', 'days-of-the-week/wednesday', '1', '2017-02-09 17:10:15', '2017-02-09 17:10:15', '0b7b25c8-5b75-4e0b-92b0-43c7584ac035'),
 ('43', '43', 'en_us', 'thursday', 'days-of-the-week/thursday', '1', '2017-02-09 17:10:19', '2017-02-09 17:10:19', '759c11b3-3afb-4085-bcda-18283fd98c45'),
 ('44', '44', 'en_us', 'friday', 'days-of-the-week/friday', '1', '2017-02-09 17:10:24', '2017-02-09 17:10:24', 'e56f2d51-8163-4c88-91f6-e4c61f601810'),
 ('45', '45', 'en_us', 'saturday', 'days-of-the-week/saturday', '1', '2017-02-09 17:10:29', '2017-02-09 17:10:29', '23268226-6766-4ebc-a4b1-0bb277cd2433'),
 ('46', '46', 'en_us', 'sunday', 'days-of-the-week/sunday', '1', '2017-02-09 17:10:34', '2017-02-09 17:10:34', '4b13543a-33db-4412-bd0e-75fae05f0f5a'),
 ('49', '49', 'en_us', 'heatshot', NULL, '1', '2017-02-14 15:26:49', '2017-02-14 15:26:49', 'b6fe0666-f66b-40ef-80a2-9abc75218d18'),
 ('50', '50', 'en_us', 'jon-smith', 'team-profiles/jon-smith', '1', '2017-02-14 15:27:01', '2017-05-12 15:59:43', '3ed87a89-406a-4e1e-a66f-867a477f3e88'),
 ('51', '51', 'en_us', 'map', NULL, '1', '2017-02-14 15:30:03', '2017-02-14 15:30:03', '8828698c-1143-4156-a255-e7644a85f703'),
 ('52', '52', 'en_us', 'idea-base-logo-horizontal-color', NULL, '1', '2017-02-14 15:31:43', '2017-02-14 15:31:43', '7615d6c0-3af0-4de6-bf12-53e37d0e13bd'),
 ('54', '54', 'en_us', '5-ffa85-b58-a16-a432', NULL, '1', '2017-02-14 16:28:22', '2017-02-14 16:28:22', '2cf39b95-7a66-4cc2-b000-f776d4c829dc'),
 ('55', '55', 'en_us', 'test', 'reservations', '1', '2017-02-14 16:31:16', '2017-03-14 16:33:41', '38938e45-892b-4624-8cbe-0ff5cf99d7e6'),
 ('56', '56', 'en_us', 'dscf2212-2', NULL, '1', '2017-02-14 16:34:43', '2017-02-14 16:34:43', '5ff162e4-c7ef-4266-98f5-5e45ea0ae1a6'),
 ('61', '61', 'en_us', 'kent-bw-pufferbelly', NULL, '1', '2017-02-24 15:06:59', '2017-02-24 15:06:59', '9aa16f5e-baa5-4a62-86c0-99eeea236c01'),
 ('62', '62', 'en_us', 'low-angle-pufferbelly', NULL, '1', '2017-02-24 15:07:09', '2017-02-24 15:07:09', '918a7d9a-74a4-490c-b13d-3fd752279e9b'),
 ('63', '63', 'en_us', 'brunch', 'menu/brunch', '1', '2017-02-24 15:52:03', '2017-04-20 13:25:07', 'c1d02cfd-aeb2-443f-9151-c75713560295'),
 ('64', '64', 'en_us', 'brunch-item', 'menu/brunch-item', '1', '2017-02-27 15:28:22', '2017-05-22 20:25:36', '44d21ae6-6526-416b-a172-54a4c6e9c610'),
 ('65', '65', 'en_us', 'czek-1', NULL, '1', '2017-03-06 15:32:55', '2017-03-06 15:32:55', '47777e30-2abd-44bb-a405-04859ca7cd29'),
 ('66', '66', 'en_us', 'menu-landing-page', 'menu', '1', '2017-03-06 15:33:59', '2017-06-06 15:40:05', 'c0d00712-9fc5-4e6c-85cd-1899a8d67a12'),
 ('67', '67', 'en_us', 'arrow-left-gold', NULL, '1', '2017-03-09 15:05:38', '2017-03-09 15:05:38', 'dd7602af-e831-46cd-a237-9e6588b14e62'),
 ('68', '68', 'en_us', 'arrow-left-white', NULL, '1', '2017-03-09 15:05:38', '2017-03-09 15:05:38', '539504f9-99e5-49ea-b009-afbb83153ce2'),
 ('69', '69', 'en_us', 'arrow-right-gold', NULL, '1', '2017-03-09 15:05:38', '2017-03-09 15:05:38', '3fe6881c-1692-4a70-9ef2-46b9017c96e9'),
 ('70', '70', 'en_us', 'arrow-right-white', NULL, '1', '2017-03-09 15:05:38', '2017-03-09 15:05:38', 'c7cc3e52-4a96-475c-a23f-2ac97494bf5c'),
 ('71', '71', 'en_us', 'face-circles', NULL, '1', '2017-03-09 15:05:39', '2017-03-09 15:05:39', '5d2548a3-9789-4466-bf17-0b55c2215d58'),
 ('72', '72', 'en_us', 'history-building', NULL, '1', '2017-03-09 15:06:34', '2017-03-09 15:06:34', '5cd45c48-bf4f-4138-8fd8-b1f67fef756f'),
 ('73', '73', 'en_us', 'location-ring', NULL, '1', '2017-03-09 15:06:35', '2017-03-09 15:06:35', '13986d34-bbcc-4dd1-8991-503db9c8109d'),
 ('74', '74', 'en_us', 'pasta', NULL, '1', '2017-03-09 15:06:37', '2017-03-09 15:06:37', '6c40424b-e39e-4a6b-9828-cfe699bbdf09'),
 ('75', '75', 'en_us', 'tomato-plant-graphic', NULL, '1', '2017-03-09 15:06:37', '2017-03-09 15:06:37', '49ded54c-e611-4546-b206-55e6c2975e73'),
 ('76', '76', 'en_us', 'tomatoes', NULL, '1', '2017-03-09 15:06:43', '2017-03-09 15:06:43', '382b2197-09d3-4f13-8b8b-eebbb1e96706'),
 ('77', '77', 'en_us', 'treno-logo-01', NULL, '1', '2017-03-09 15:06:43', '2017-03-09 15:06:43', '4a19d4a2-8b4b-4929-916a-9cfd4f42d025'),
 ('78', '78', 'en_us', 'treno-logomark-02', NULL, '1', '2017-03-09 15:06:44', '2017-03-09 15:06:44', '84b83b1e-c34b-418e-aa12-f7f2b2ec80ed'),
 ('79', '79', 'en_us', 'welcome-building', NULL, '1', '2017-03-09 15:06:46', '2017-03-09 15:06:46', '885f3ae4-87d9-4e67-a378-6b17ef944526'),
 ('80', '80', 'en_us', 'specials', 'menu/specials', '1', '2017-04-20 13:22:43', '2017-05-22 19:33:06', 'c98ce7df-e86d-44a0-83ca-7777a2053d48'),
 ('81', '81', 'en_us', 'drinks', 'menu/drinks', '1', '2017-04-20 13:22:48', '2017-04-20 13:22:48', 'e3595f76-3d71-4c63-a093-9e2c1212960a'),
 ('82', '82', 'en_us', 'special', 'menu/special', '1', '2017-04-20 13:23:18', '2017-05-22 20:30:11', 'de4e941c-b34a-4ecf-9c04-d88fb255b02e'),
 ('83', '83', 'en_us', 'drink', 'menu/drink', '1', '2017-04-20 13:23:44', '2017-05-22 19:32:42', '176d1e98-9f2f-492c-921c-01c75029ebf6'),
 ('84', '84', 'en_us', 'sides', 'food-category/sides', '1', '2017-04-20 13:23:56', '2017-04-20 13:23:56', 'f961b056-6d46-41e8-b9ec-24765a3c7b11'),
 ('85', '85', 'en_us', 'soda', 'food-category/soda', '1', '2017-04-20 13:24:05', '2017-04-20 13:24:05', '423cfb45-62a9-4e75-b7b2-677b8051efd9'),
 ('86', '86', 'en_us', 'desserts', 'food-category/desserts', '1', '2017-04-20 13:24:23', '2017-04-20 13:24:23', '8c7a6e82-5fbe-4d65-bc36-cf48c054ae91'),
 ('87', '87', 'en_us', 'new-news-entry', 'news/2017/new-news-entry', '1', '2017-05-12 14:07:58', '2017-05-12 14:07:58', 'e555a095-9e8b-467d-bdb8-a9b604fff6b5'),
 ('88', '88', 'en_us', 'man-1416138-1920', NULL, '1', '2017-05-22 17:36:07', '2017-05-22 17:36:07', '66e37311-7464-48b9-b0e0-0f24b779d53d'),
 ('89', '89', 'en_us', 'mj-smiling-3', NULL, '1', '2017-05-30 18:42:21', '2017-05-30 18:42:21', '3230d702-6189-4834-9069-e3f8bebfd6fc'),
 ('90', '90', 'en_us', 'gfdgdfgfdgfd', 'news/2017/gfdgdfgfdgfd', '1', '2017-06-07 17:54:22', '2017-06-07 18:23:26', '7813b281-9da2-4813-8f9f-aaab8b340c81');



DROP TABLE IF EXISTS `craft_emailmessages`;


--
-- Schema for table `craft_emailmessages`
--
CREATE TABLE `craft_emailmessages` (
  `id` int(11) NOT NULL AUTO_INCREMENT,
  `key` char(150) COLLATE utf8_unicode_ci NOT NULL,
  `locale` char(12) COLLATE utf8_unicode_ci NOT NULL,
  `subject` varchar(1000) COLLATE utf8_unicode_ci NOT NULL,
  `body` text COLLATE utf8_unicode_ci NOT NULL,
  `dateCreated` datetime NOT NULL,
  `dateUpdated` datetime NOT NULL,
  `uid` char(36) COLLATE utf8_unicode_ci NOT NULL DEFAULT '0',
  PRIMARY KEY (`id`),
  UNIQUE KEY `craft_emailmessages_key_locale_unq_idx` (`key`,`locale`),
  KEY `craft_emailmessages_locale_fk` (`locale`)
) ENGINE=InnoDB DEFAULT CHARSET=utf8 COLLATE=utf8_unicode_ci;

DROP TABLE IF EXISTS `craft_entries`;


--
-- Schema for table `craft_entries`
--
CREATE TABLE `craft_entries` (
  `id` int(11) NOT NULL,
  `sectionId` int(11) NOT NULL,
  `typeId` int(11) DEFAULT NULL,
  `authorId` int(11) DEFAULT NULL,
  `postDate` datetime DEFAULT NULL,
  `expiryDate` datetime DEFAULT NULL,
  `dateCreated` datetime NOT NULL,
  `dateUpdated` datetime NOT NULL,
  `uid` char(36) COLLATE utf8_unicode_ci NOT NULL DEFAULT '0',
  PRIMARY KEY (`id`),
  KEY `craft_entries_sectionId_idx` (`sectionId`),
  KEY `craft_entries_typeId_idx` (`typeId`),
  KEY `craft_entries_postDate_idx` (`postDate`),
  KEY `craft_entries_expiryDate_idx` (`expiryDate`),
  KEY `craft_entries_authorId_fk` (`authorId`)
) ENGINE=InnoDB DEFAULT CHARSET=utf8 COLLATE=utf8_unicode_ci;

--
-- Data for table `craft_entries`
--

INSERT INTO `craft_entries` (`id`, `sectionId`, `typeId`, `authorId`, `postDate`, `expiryDate`, `dateCreated`, `dateUpdated`, `uid`) VALUES
 ('2', '1', NULL, NULL, '2017-01-24 03:51:11', NULL, '2017-01-24 03:51:11', '2017-05-30 18:57:38', 'c4f8111e-6159-4e5c-aa45-838a75d178e7'),
 ('3', '2', '2', '1', '2017-01-24 03:51:00', NULL, '2017-01-24 03:51:11', '2017-03-14 16:28:13', '1ef90a02-c9fe-4d84-83ea-97ea99ebc474'),
 ('6', '3', '3', '1', '2017-01-24 15:33:00', NULL, '2017-01-24 15:33:42', '2017-01-24 15:44:04', 'c123660c-f650-44ce-90bb-0394d703e77f'),
 ('8', '4', '4', NULL, '2017-05-22 19:06:11', NULL, '2017-01-24 16:04:19', '2017-05-30 18:42:31', '65227230-2edb-432f-913b-bee12e98ec04'),
 ('14', '7', '7', NULL, '2017-05-22 19:06:17', NULL, '2017-01-30 15:31:53', '2017-05-22 19:06:17', '2aafef04-d7da-40fb-b84c-0c2eaf9c58c6'),
 ('24', '3', '3', '1', '2017-01-31 17:05:00', NULL, '2017-01-31 17:05:35', '2017-06-07 18:53:57', 'a633c907-0816-4464-8e21-77a6ba89a6b5'),
 ('26', '3', '3', '1', '2017-01-31 17:06:00', NULL, '2017-01-31 17:06:07', '2017-06-07 18:54:09', 'd8593678-192a-4c39-a127-f1402cb2ad22'),
 ('50', '12', '13', '1', '2017-02-14 15:27:00', NULL, '2017-02-14 15:27:01', '2017-05-12 15:59:43', '5d519034-e016-489d-ac89-a238bed07c54'),
 ('55', '11', '12', NULL, '2017-02-27 16:29:37', NULL, '2017-02-14 16:31:16', '2017-03-14 16:33:41', '63cf90a1-0da8-4a74-a518-7d7d04ab89ec'),
 ('64', '3', '3', '1', '2017-02-27 15:28:00', NULL, '2017-02-27 15:28:22', '2017-05-22 20:25:36', '3e36db26-5120-4cc0-979e-9d920d234af7'),
 ('66', '13', '14', NULL, '2017-03-06 15:40:25', NULL, '2017-03-06 15:33:59', '2017-06-06 15:40:05', '61fa3cc6-18f6-4be6-9688-b22be5dbc596'),
 ('82', '3', '3', '1', '2017-04-20 13:23:00', NULL, '2017-04-20 13:23:18', '2017-05-22 20:30:11', '351d9a50-39de-4b4a-8244-2989d812599e'),
 ('83', '3', '3', '1', '2017-04-20 13:23:00', NULL, '2017-04-20 13:23:44', '2017-05-22 19:32:42', 'a5c88e6e-8329-4621-963f-649902de39a7'),
 ('87', '2', '2', '1', '2017-05-12 14:07:58', NULL, '2017-05-12 14:07:58', '2017-05-12 14:07:58', '244d7f32-e658-4c7c-ba8e-c45141f44448'),
 ('90', '2', '2', '1', '2017-06-07 17:54:00', NULL, '2017-06-07 17:54:22', '2017-06-07 18:23:26', 'a86017ba-c794-4317-8257-c653cc96994c');



DROP TABLE IF EXISTS `craft_entrydrafts`;


--
-- Schema for table `craft_entrydrafts`
--
CREATE TABLE `craft_entrydrafts` (
  `id` int(11) NOT NULL AUTO_INCREMENT,
  `entryId` int(11) NOT NULL,
  `sectionId` int(11) NOT NULL,
  `creatorId` int(11) NOT NULL,
  `locale` char(12) COLLATE utf8_unicode_ci NOT NULL,
  `name` varchar(255) COLLATE utf8_unicode_ci NOT NULL,
  `notes` tinytext COLLATE utf8_unicode_ci,
  `data` mediumtext COLLATE utf8_unicode_ci NOT NULL,
  `dateCreated` datetime NOT NULL,
  `dateUpdated` datetime NOT NULL,
  `uid` char(36) COLLATE utf8_unicode_ci NOT NULL DEFAULT '0',
  PRIMARY KEY (`id`),
  KEY `craft_entrydrafts_entryId_locale_idx` (`entryId`,`locale`),
  KEY `craft_entrydrafts_sectionId_fk` (`sectionId`),
  KEY `craft_entrydrafts_creatorId_fk` (`creatorId`),
  KEY `craft_entrydrafts_locale_fk` (`locale`)
) ENGINE=InnoDB DEFAULT CHARSET=utf8 COLLATE=utf8_unicode_ci;

DROP TABLE IF EXISTS `craft_entrytypes`;


--
-- Schema for table `craft_entrytypes`
--
CREATE TABLE `craft_entrytypes` (
  `id` int(11) NOT NULL AUTO_INCREMENT,
  `sectionId` int(11) NOT NULL,
  `fieldLayoutId` int(11) DEFAULT NULL,
  `name` varchar(255) COLLATE utf8_unicode_ci NOT NULL,
  `handle` varchar(255) COLLATE utf8_unicode_ci NOT NULL,
  `hasTitleField` tinyint(1) unsigned NOT NULL DEFAULT '1',
  `titleLabel` varchar(255) COLLATE utf8_unicode_ci DEFAULT 'Title',
  `titleFormat` varchar(255) COLLATE utf8_unicode_ci DEFAULT NULL,
  `sortOrder` smallint(6) unsigned DEFAULT NULL,
  `dateCreated` datetime NOT NULL,
  `dateUpdated` datetime NOT NULL,
  `uid` char(36) COLLATE utf8_unicode_ci NOT NULL DEFAULT '0',
  PRIMARY KEY (`id`),
  UNIQUE KEY `craft_entrytypes_name_sectionId_unq_idx` (`name`,`sectionId`),
  UNIQUE KEY `craft_entrytypes_handle_sectionId_unq_idx` (`handle`,`sectionId`),
  KEY `craft_entrytypes_sectionId_fk` (`sectionId`),
  KEY `craft_entrytypes_fieldLayoutId_fk` (`fieldLayoutId`)
) ENGINE=InnoDB AUTO_INCREMENT=15 DEFAULT CHARSET=utf8 COLLATE=utf8_unicode_ci;

--
-- Data for table `craft_entrytypes`
--

INSERT INTO `craft_entrytypes` (`id`, `sectionId`, `fieldLayoutId`, `name`, `handle`, `hasTitleField`, `titleLabel`, `titleFormat`, `sortOrder`, `dateCreated`, `dateUpdated`, `uid`) VALUES
 ('1', '1', '95', 'Homepage', 'homepage', '1', 'Title', NULL, '1', '2017-01-24 03:51:11', '2017-04-14 14:01:41', 'ca06ce96-f9cc-41cb-820a-7b15023c1dda'),
 ('2', '2', '91', 'News', 'news', '1', 'Title', NULL, '1', '2017-01-24 03:51:11', '2017-03-14 16:28:00', '2b542ac5-3047-4f80-a9cd-59b00606f2d8'),
 ('3', '3', '97', 'Menu', 'menu', '1', 'Title', NULL, '1', '2017-01-24 15:27:12', '2017-05-12 14:46:46', '90f69d51-18b6-4f1d-b5bb-d48840c7d65c'),
 ('4', '4', '102', 'About Treno', 'aboutTreno', '0', NULL, '{section.name|raw}', '1', '2017-01-24 16:04:18', '2017-05-12 16:02:27', 'efb4e5fb-7d36-4771-a7ef-72e8c4fc678d'),
 ('7', '7', '94', 'Directions', 'directions', '0', NULL, '{section.name|raw}', '1', '2017-01-30 15:31:53', '2017-03-21 15:49:21', '383b3ae8-51a4-4b1a-be19-87c22dfa111d'),
 ('12', '11', '101', 'Reservations', 'reservations', '1', 'Title', NULL, '1', '2017-02-13 14:51:27', '2017-05-12 16:00:50', 'c70eab86-1dc3-4367-91d7-f8bb0ccc0d0f'),
 ('13', '12', '75', 'Team Profiles', 'profiles', '1', 'Title', NULL, '1', '2017-02-14 15:25:43', '2017-02-14 16:27:16', 'adafdcc5-f26b-4099-99fe-d91add4f8544'),
 ('14', '13', '103', 'Menu ', 'menuLandingPage', '1', 'Menu', NULL, '1', '2017-03-06 15:33:58', '2017-05-30 18:58:51', '31aa49f8-a2ea-4216-8e1c-745876041ce4');



DROP TABLE IF EXISTS `craft_entryversions`;


--
-- Schema for table `craft_entryversions`
--
CREATE TABLE `craft_entryversions` (
  `id` int(11) NOT NULL AUTO_INCREMENT,
  `entryId` int(11) NOT NULL,
  `sectionId` int(11) NOT NULL,
  `creatorId` int(11) DEFAULT NULL,
  `locale` char(12) COLLATE utf8_unicode_ci NOT NULL,
  `num` smallint(6) unsigned NOT NULL,
  `notes` tinytext COLLATE utf8_unicode_ci,
  `data` mediumtext COLLATE utf8_unicode_ci NOT NULL,
  `dateCreated` datetime NOT NULL,
  `dateUpdated` datetime NOT NULL,
  `uid` char(36) COLLATE utf8_unicode_ci NOT NULL DEFAULT '0',
  PRIMARY KEY (`id`),
  KEY `craft_entryversions_entryId_locale_idx` (`entryId`,`locale`),
  KEY `craft_entryversions_sectionId_fk` (`sectionId`),
  KEY `craft_entryversions_creatorId_fk` (`creatorId`),
  KEY `craft_entryversions_locale_fk` (`locale`)
) ENGINE=InnoDB AUTO_INCREMENT=146 DEFAULT CHARSET=utf8 COLLATE=utf8_unicode_ci;

--
-- Data for table `craft_entryversions`
--

INSERT INTO `craft_entryversions` (`id`, `entryId`, `sectionId`, `creatorId`, `locale`, `num`, `notes`, `data`, `dateCreated`, `dateUpdated`, `uid`) VALUES
 ('1', '2', '1', '1', 'en_us', '1', NULL, '{\"typeId\":\"1\",\"authorId\":null,\"title\":\"Homepage\",\"slug\":\"homepage\",\"postDate\":1485229871,\"expiryDate\":null,\"enabled\":1,\"parentId\":null,\"fields\":[]}', '2017-01-24 03:51:11', '2017-01-24 03:51:11', '421414a0-0dc1-46a5-8b8d-50a23b7f34ca'),
 ('2', '2', '1', '1', 'en_us', '2', NULL, '{\"typeId\":null,\"authorId\":null,\"title\":\"Welcome to Trenokent.com!\",\"slug\":\"homepage\",\"postDate\":1485229871,\"expiryDate\":null,\"enabled\":\"1\",\"parentId\":null,\"fields\":{\"1\":\"<p>It\\u2019s true, this site doesn\\u2019t have a whole lot of content yet, but don\\u2019t worry. Our web developers have just installed the CMS, and they\\u2019re setting things up for the content editors this very moment. Soon Trenokent.com will be an oasis of fresh perspectives, sharp analyses, and astute opinions that will keep you coming back again and again.<\\/p>\"}}', '2017-01-24 03:51:11', '2017-01-24 03:51:11', '617ea09b-7a4c-4e31-b27e-1766d0181c2d'),
 ('3', '3', '2', '1', 'en_us', '1', NULL, '{\"typeId\":\"2\",\"authorId\":\"1\",\"title\":\"We just installed Craft!\",\"slug\":\"we-just-installed-craft\",\"postDate\":1485229871,\"expiryDate\":null,\"enabled\":1,\"parentId\":null,\"fields\":[]}', '2017-01-24 03:51:11', '2017-01-24 03:51:11', 'f390d65e-7666-4bce-9a5c-1ad9966a743d'),
 ('4', '3', '2', '1', 'en_us', '2', '', '{\"typeId\":\"2\",\"authorId\":\"1\",\"title\":\"We just installed Craft!\",\"slug\":\"we-just-installed-craft\",\"postDate\":1485229860,\"expiryDate\":null,\"enabled\":1,\"parentId\":null,\"fields\":{\"1\":\"<p>Craft is the CMS that\\u2019s powering Trenokent.com. It\\u2019s beautiful, powerful, flexible, and easy-to-use, and it\\u2019s made by Pixel & Tonic. We can\\u2019t wait to dive in and see what it\\u2019s capable of!<\\/p>\\r\\n<hr class=\\\"redactor_pagebreak\\\" style=\\\"display:none\\\" unselectable=\\\"on\\\" contenteditable=\\\"false\\\">\\r\\n<p>This is even more captivating content, which you couldn\\u2019t see on the News index page because it was entered after a Page Break, and the News index template only likes to show the content on the first page.<\\/p>\\r\\n<p>Craft: a nice alternative to Word, if you\\u2019re making a website.<\\/p><p>Hi<\\/p>\",\"2\":\"\"}}', '2017-01-24 04:33:54', '2017-01-24 04:33:54', '39197945-0e2f-4416-bbe7-27e1cf671cb1'),
 ('5', '3', '2', '1', 'en_us', '3', '', '{\"typeId\":\"2\",\"authorId\":\"1\",\"title\":\"We just installed Craft!\",\"slug\":\"we-just-installed-craft\",\"postDate\":1485229860,\"expiryDate\":null,\"enabled\":1,\"parentId\":null,\"fields\":{\"1\":\"<p>Craft is the CMS that\\u2019s powering Trenokent.com. It\\u2019s beautiful, powerful, flexible, and easy-to-use, and it\\u2019s made by Pixel & Tonic. We can\\u2019t wait to dive in and see what it\\u2019s capable of!<\\/p>\\r\\n<hr class=\\\"redactor_pagebreak\\\" style=\\\"display:none\\\" unselectable=\\\"on\\\" contenteditable=\\\"false\\\">\\r\\n<p>This is even more captivating content, which you couldn\\u2019t see on the News index page because it was entered after a Page Break, and the News index template only likes to show the content on the first page.<\\/p>\\r\\n<p>Craft: a nice alternative to Word, if you\\u2019re making a website.<\\/p>\\r\\n<p>Hi<\\/p>\",\"2\":\"\"}}', '2017-01-24 04:34:36', '2017-01-24 04:34:36', '74076c58-8ca3-4c4a-b251-183be87af213'),
 ('7', '6', '3', '1', 'en_us', '1', '', '{\"typeId\":null,\"authorId\":\"1\",\"title\":\"Steak\",\"slug\":\"steak\",\"postDate\":1485272021,\"expiryDate\":null,\"enabled\":1,\"parentId\":null,\"fields\":{\"6\":[\"5\"],\"3\":\"Description of the Food\",\"5\":\"20\"}}', '2017-01-24 15:33:42', '2017-01-24 15:33:42', '4aad1fad-b396-4242-881e-3854b60e78c7'),
 ('8', '6', '3', '1', 'en_us', '2', '', '{\"typeId\":\"3\",\"authorId\":\"1\",\"title\":\"Steak\",\"slug\":\"steak\",\"postDate\":1485271980,\"expiryDate\":null,\"enabled\":1,\"parentId\":null,\"fields\":{\"6\":[\"5\"],\"3\":\"Description of the Food\",\"4\":[\"7\"],\"5\":\"20\"}}', '2017-01-24 15:44:04', '2017-01-24 15:44:04', 'f57cc961-17f7-46c9-81ca-c51af5a7d4b9'),
 ('9', '8', '4', '1', 'en_us', '1', NULL, '{\"typeId\":\"4\",\"authorId\":null,\"title\":\"About Treno\",\"slug\":\"about-treno\",\"postDate\":1485273858,\"expiryDate\":null,\"enabled\":1,\"parentId\":null,\"fields\":[]}', '2017-01-24 16:04:19', '2017-01-24 16:04:19', 'b79c5a74-298d-422d-9947-0d18610da65e'),
 ('10', '8', '4', '1', 'en_us', '2', '', '{\"typeId\":null,\"authorId\":null,\"title\":\"About Treno\",\"slug\":\"about-treno\",\"postDate\":1485273858,\"expiryDate\":null,\"enabled\":1,\"parentId\":null,\"fields\":{\"1\":\"<p>Treno is a new website that is opening in Kent Ohio in May of 2017<\\/p>\",\"7\":[\"7\"]}}', '2017-01-24 16:06:16', '2017-01-24 16:06:16', '6a250582-0290-40be-9fa5-ff8e88b48c81'),
 ('20', '14', '7', '1', 'en_us', '1', NULL, '{\"typeId\":\"7\",\"authorId\":null,\"title\":\"Directions\",\"slug\":\"directions\",\"postDate\":1485790313,\"expiryDate\":null,\"enabled\":1,\"parentId\":null,\"fields\":[]}', '2017-01-30 15:31:53', '2017-01-30 15:31:53', '3676d60d-d1a6-44f0-b5df-f871e7272383'),
 ('21', '14', '7', '1', 'en_us', '2', '', '{\"typeId\":null,\"authorId\":null,\"title\":\"Directions\",\"slug\":\"directions\",\"postDate\":1485790313,\"expiryDate\":null,\"enabled\":1,\"parentId\":null,\"fields\":{\"8\":\"152 Franklin Ave. Kent, Ohio 44240\",\"7\":[\"7\"]}}', '2017-01-30 15:32:50', '2017-01-30 15:32:50', '30502657-428e-4924-99d7-29c5b5d9435d'),
 ('22', '14', '7', '1', 'en_us', '3', '', '{\"typeId\":null,\"authorId\":null,\"title\":\"Directions\",\"slug\":\"directions\",\"postDate\":1485790313,\"expiryDate\":null,\"enabled\":1,\"parentId\":null,\"fields\":{\"8\":\"152 Franklin Ave. Kent, Ohio 44240\",\"7\":[\"7\"]}}', '2017-01-30 15:33:05', '2017-01-30 15:33:05', '24c92d92-6d80-4b9c-87f9-53c0e649e29b'),
 ('23', '8', '4', '1', 'en_us', '3', '', '{\"typeId\":null,\"authorId\":null,\"title\":\"About Treno\",\"slug\":\"about-treno\",\"postDate\":1485273858,\"expiryDate\":null,\"enabled\":1,\"parentId\":null,\"fields\":{\"1\":\"<p>Treno is a new website that is opening in Kent Ohio in May of 2017<\\/p>\",\"7\":[\"7\"]}}', '2017-01-30 15:33:23', '2017-01-30 15:33:23', 'b6039fb1-caba-46b6-b7fd-22a32dc8501d'),
 ('34', '24', '3', '1', 'en_us', '1', '', '{\"typeId\":null,\"authorId\":\"1\",\"title\":\"Fish Sandwich\",\"slug\":\"fish-sandwich\",\"postDate\":1485882335,\"expiryDate\":null,\"enabled\":1,\"parentId\":null,\"fields\":{\"6\":[\"5\"],\"3\":\"Description of the food\",\"4\":\"\",\"5\":\"15\",\"11\":[\"23\"]}}', '2017-01-31 17:05:35', '2017-01-31 17:05:35', '8bebca93-1516-4e42-bf8e-dac3f7bda247'),
 ('35', '26', '3', '1', 'en_us', '1', '', '{\"typeId\":null,\"authorId\":\"1\",\"title\":\"Prime Rib\",\"slug\":\"prime-rib\",\"postDate\":1485882367,\"expiryDate\":null,\"enabled\":1,\"parentId\":null,\"fields\":{\"6\":[\"25\"],\"3\":\"Description of the food\",\"4\":\"\",\"5\":\"20\",\"11\":[\"23\"]}}', '2017-01-31 17:06:07', '2017-01-31 17:06:07', 'e6d1ed0a-7f53-4709-a7ba-b50ff9165c8d'),
 ('39', '8', '4', '1', 'en_us', '4', '', '{\"typeId\":null,\"authorId\":null,\"title\":\"About Treno\",\"slug\":\"about-treno\",\"postDate\":1485273858,\"expiryDate\":null,\"enabled\":1,\"parentId\":null,\"fields\":{\"1\":\"<p>Treno is a new website that is opening in Kent Ohio in May of 2017<\\/p>\",\"12\":{\"new1\":{\"type\":\"text\",\"enabled\":\"1\",\"fields\":{\"textBlock\":\"<p>Testing information for the matrix field<\\/p>\"}},\"new2\":{\"type\":\"image\",\"enabled\":\"1\",\"fields\":{\"imageFile\":[\"13\"]}}},\"7\":[\"7\"]}}', '2017-02-02 17:43:02', '2017-02-02 17:43:02', 'f7195531-2806-4ee8-97b6-a7b98fda88a5'),
 ('44', '26', '3', '1', 'en_us', '2', '', '{\"typeId\":\"3\",\"authorId\":\"1\",\"title\":\"Prime Rib\",\"slug\":\"prime-rib\",\"postDate\":1485882360,\"expiryDate\":null,\"enabled\":1,\"parentId\":null,\"fields\":{\"6\":[\"25\"],\"3\":\"Description of the food\",\"4\":\"\",\"5\":\"20\",\"16\":[\"28\",\"29\"],\"11\":[\"23\"]}}', '2017-02-07 05:21:52', '2017-02-07 05:21:52', 'abb8924b-0f81-471b-a0ff-db810eeeb92f'),
 ('47', '26', '3', '1', 'en_us', '3', '', '{\"typeId\":\"3\",\"authorId\":\"1\",\"title\":\"Prime Rib\",\"slug\":\"prime-rib\",\"postDate\":1485882360,\"expiryDate\":null,\"enabled\":1,\"parentId\":null,\"fields\":{\"6\":[\"25\"],\"3\":\"Description of the food\",\"4\":\"\",\"5\":\"20\",\"16\":[\"28\",\"29\"],\"11\":[\"23\"]}}', '2017-02-09 17:07:04', '2017-02-09 17:07:04', 'd6d9e944-2872-4778-b3bb-ee2b598fb249'),
 ('58', '50', '12', '1', 'en_us', '1', '', '{\"typeId\":null,\"authorId\":\"1\",\"title\":\"Jon Smith \",\"slug\":\"jon-smith\",\"postDate\":1487086021,\"expiryDate\":null,\"enabled\":1,\"parentId\":null,\"fields\":{\"26\":\"<p>Jon is an excited new member of our team who is looking forward to seeing the website finished.&nbsp;<\\/p>\",\"27\":[\"49\"]}}', '2017-02-14 15:27:01', '2017-02-14 15:27:01', 'eb59bf13-177f-4b5d-8aa2-2265a5e90418'),
 ('59', '14', '7', '1', 'en_us', '4', '', '{\"typeId\":\"7\",\"authorId\":null,\"title\":\"Directions\",\"slug\":\"directions\",\"postDate\":1486413573,\"expiryDate\":null,\"enabled\":1,\"parentId\":null,\"fields\":{\"8\":\"152 Franklin Ave. Kent, Ohio 44240\",\"7\":[\"7\"],\"28\":[\"51\"]}}', '2017-02-14 15:30:09', '2017-02-14 15:30:09', 'a66a0dd5-b229-4598-9a41-fdbe28ba0c52'),
 ('60', '8', '4', '1', 'en_us', '5', '', '{\"typeId\":null,\"authorId\":null,\"title\":\"About Treno\",\"slug\":\"about-treno\",\"postDate\":1485273858,\"expiryDate\":null,\"enabled\":1,\"parentId\":null,\"fields\":{\"1\":\"<p>Treno is a new website that is opening in Kent Ohio in May of 2017<\\/p>\",\"12\":{\"34\":{\"type\":\"text\",\"enabled\":\"1\",\"fields\":{\"textBlock\":\"<p>Testing information for the matrix field<\\/p>\"}},\"35\":{\"type\":\"image\",\"enabled\":\"1\",\"fields\":{\"imageFile\":[\"13\"]}}},\"7\":[\"7\"],\"29\":[\"52\"]}}', '2017-02-14 15:31:49', '2017-02-14 15:31:49', '56a3da26-ac2a-408d-869f-36932f8988ad'),
 ('63', '8', '4', '1', 'en_us', '6', '', '{\"typeId\":null,\"authorId\":null,\"title\":\"About Treno\",\"slug\":\"about-treno\",\"postDate\":1485273858,\"expiryDate\":null,\"enabled\":1,\"parentId\":null,\"fields\":{\"1\":\"<p>Treno is a new website that is opening in Kent Ohio in May of 2017<\\/p>\",\"12\":{\"34\":{\"type\":\"text\",\"enabled\":\"1\",\"fields\":{\"textBlock\":\"<p>Testing information for the matrix field<\\/p>\"}},\"35\":{\"type\":\"image\",\"enabled\":\"1\",\"fields\":{\"imageFile\":[\"13\"]}}},\"7\":[\"7\"],\"29\":\"\"}}', '2017-02-14 15:35:40', '2017-02-14 15:35:40', 'f2357870-1258-4230-9d6a-74c2a14b1fb4'),
 ('64', '14', '7', '1', 'en_us', '5', '', '{\"typeId\":\"7\",\"authorId\":null,\"title\":\"Directions\",\"slug\":\"directions\",\"postDate\":1486413573,\"expiryDate\":null,\"enabled\":1,\"parentId\":null,\"fields\":{\"8\":\"152 Franklin Ave. Kent, Ohio 44240\",\"7\":[\"7\"],\"28\":[\"51\"]}}', '2017-02-14 16:26:31', '2017-02-14 16:26:31', 'c2a9522e-7a1f-44a8-b67f-dbdf1ea81709'),
 ('65', '55', '11', '1', 'en_us', '1', '', '{\"typeId\":null,\"authorId\":\"1\",\"title\":\"Test\",\"slug\":\"test\",\"postDate\":1487089876,\"expiryDate\":null,\"enabled\":1,\"parentId\":null,\"fields\":{\"23\":\"(###)-###-####\",\"25\":\"<p>Here is some information about how to schedule a private party or an event<span><\\/span><\\/p>\",\"24\":\"Here is some information about how to make a reservation \"}}', '2017-02-14 16:31:16', '2017-02-14 16:31:16', 'd4f3b5be-5a59-4087-be3b-38c074a0fb45'),
 ('66', '55', '11', '1', 'en_us', '2', '', '{\"typeId\":\"12\",\"authorId\":\"1\",\"title\":\"Test\",\"slug\":\"test\",\"postDate\":1487089860,\"expiryDate\":null,\"enabled\":1,\"parentId\":null,\"fields\":{\"23\":\"(###)-###-####\",\"25\":\"<p>Here is some information about how to schedule a private party or an event<\\/p>\",\"24\":\"Here is some information about how to make a reservation \"}}', '2017-02-14 16:31:58', '2017-02-14 16:31:58', '063b0e88-3bac-432a-92f9-64273f31c8bf'),
 ('67', '3', '2', '1', 'en_us', '4', '', '{\"typeId\":\"2\",\"authorId\":\"1\",\"title\":\"We just installed Craft!\",\"slug\":\"we-just-installed-craft\",\"postDate\":1485229860,\"expiryDate\":null,\"enabled\":1,\"parentId\":null,\"fields\":{\"1\":\"<p>Craft is the CMS that\\u2019s powering Trenokent.com. It\\u2019s beautiful, powerful, flexible, and easy-to-use, and it\\u2019s made by Pixel & Tonic. We can\\u2019t wait to dive in and see what it\\u2019s capable of!<\\/p>\\r\\n<hr class=\\\"redactor_pagebreak\\\" style=\\\"display:none\\\" unselectable=\\\"on\\\" contenteditable=\\\"false\\\">\\r\\n<p>This is even more captivating content, which you couldn\\u2019t see on the News index page because it was entered after a Page Break, and the News index template only likes to show the content on the first page.<\\/p>\\r\\n<p>Craft: a nice alternative to Word, if you\\u2019re making a website.<\\/p>\\r\\n<p>Hi<\\/p>\",\"2\":\"\"}}', '2017-02-14 16:33:33', '2017-02-14 16:33:33', '11055bf2-4a24-4eb7-a094-6b83babda38d'),
 ('68', '8', '4', '1', 'en_us', '7', '', '{\"typeId\":null,\"authorId\":null,\"title\":\"About Treno\",\"slug\":\"about-treno\",\"postDate\":1485273858,\"expiryDate\":null,\"enabled\":1,\"parentId\":null,\"fields\":{\"1\":\"<p>Treno is a new website that is opening in Kent Ohio in May of 2017<\\/p>\",\"12\":{\"34\":{\"type\":\"text\",\"enabled\":\"1\",\"fields\":{\"textBlock\":\"<p>Testing information for the matrix field<\\/p>\"}},\"35\":{\"type\":\"image\",\"enabled\":\"1\",\"fields\":{\"imageFile\":[\"13\"]}}},\"7\":[\"7\"],\"29\":[\"56\"]}}', '2017-02-14 16:35:34', '2017-02-14 16:35:34', '66a43339-1f39-4411-a520-205c8221214e'),
 ('71', '8', '4', '1', 'en_us', '8', '', '{\"typeId\":null,\"authorId\":null,\"title\":\"About Treno\",\"slug\":\"about-treno\",\"postDate\":1485273858,\"expiryDate\":null,\"enabled\":1,\"parentId\":null,\"fields\":{\"30\":\"<p>Lorem ipsum dolor sit amet, consectetuer adipiscing elit. Aenean commodo<br>ligula eget dolor. Aenean massa. Cum sociis natoque penatibus et<br>magnis dis parturient montes, nascetur ridiculus mus. Donec quam felis,<br>ultricies nec, pellentesque eu, pretium quis, sem. Nulla consequat massa<br>quis enim. Donec pede justo, fringilla vel, aliquet nec, vulputate eget, arcu.<br>In enim justo, rhoncus ut, imperdiet a, venenatis vitae, justo. Nullam<br>dictum felis eu pede mollis pretium. Integer tincidunt. Cras dapibus. Vivamus<br>elementum semper nisi. Aenean vulputate eleifend tellus. Aenean<br>leo ligula, porttitor eu, consequat vitae, eleifend ac, enim. Aliquam lorem&nbsp;<\\/p>\",\"1\":\"<p>Treno is a new website that is opening in Kent Ohio in May of 2017<\\/p>\",\"12\":{\"34\":{\"type\":\"text\",\"enabled\":\"1\",\"fields\":{\"textBlock\":\"<p>Testing information for the matrix field<\\/p>\"}},\"35\":{\"type\":\"image\",\"enabled\":\"1\",\"fields\":{\"imageFile\":[\"13\"]}}},\"7\":[\"7\"],\"29\":[\"56\"]}}', '2017-02-21 14:23:36', '2017-02-21 14:23:36', '14cda55c-c286-4bec-a349-b30fc332b922'),
 ('72', '8', '4', '1', 'en_us', '9', '', '{\"typeId\":null,\"authorId\":null,\"title\":\"About Treno\",\"slug\":\"about-treno\",\"postDate\":1485273858,\"expiryDate\":null,\"enabled\":1,\"parentId\":null,\"fields\":{\"30\":\"<p>Lorem ipsum dolor sit amet, consectetuer adipiscing elit. Aenean commodo<br>ligula eget dolor. Aenean massa. Cum sociis natoque penatibus et<br>magnis dis parturient montes, nascetur ridiculus mus. Donec quam felis,<br>ultricies nec, pellentesque eu, pretium quis, sem. Nulla consequat massa<br>quis enim. Donec pede justo, fringilla vel, aliquet nec, vulputate eget, arcu.<br>In enim justo, rhoncus ut, imperdiet a, venenatis vitae, justo. Nullam<br>dictum felis eu pede mollis pretium. Integer tincidunt. Cras dapibus. Vivamus<br>elementum semper nisi. Aenean vulputate eleifend tellus. Aenean<br>leo ligula, porttitor eu, consequat vitae, eleifend ac, enim. Aliquam lorem&nbsp;<\\/p>\",\"1\":\"<p>Treno is a new website that is opening in Kent Ohio in May of 2017<\\/p>\",\"12\":{\"34\":{\"type\":\"text\",\"enabled\":\"1\",\"fields\":{\"textBlock\":\"<p>Testing information for the matrix field<\\/p>\"}},\"35\":{\"type\":\"image\",\"enabled\":\"1\",\"fields\":{\"imageFile\":[\"13\"]}}},\"7\":[\"7\"],\"29\":[\"56\",\"61\",\"62\"]}}', '2017-02-24 15:07:40', '2017-02-24 15:07:40', 'd1bdba17-a110-4722-a431-6ea0606942b5'),
 ('73', '3', '2', '1', 'en_us', '5', '', '{\"typeId\":\"2\",\"authorId\":\"1\",\"title\":\"We just installed Craft!\",\"slug\":\"we-just-installed-craft\",\"postDate\":1485229860,\"expiryDate\":null,\"enabled\":1,\"parentId\":null,\"fields\":{\"1\":\"<p>Craft is the CMS that\\u2019s powering Trenokent.com. It\\u2019s beautiful, powerful, flexible, and easy-to-use, and it\\u2019s made by Pixel & Tonic. We can\\u2019t wait to dive in and see what it\\u2019s capable of!<\\/p>\\r\\n<hr class=\\\"redactor_pagebreak\\\" style=\\\"display:none\\\" unselectable=\\\"on\\\" contenteditable=\\\"false\\\">\\r\\n<p>This is even more captivating content, which you couldn\\u2019t see on the News index page because it was entered after a Page Break, and the News index template only likes to show the content on the first page.<\\/p>\\r\\n<p>Craft: a nice alternative to Word, if you\\u2019re making a website.<\\/p>\\r\\n<p>Hi<\\/p>\",\"31\":\"1\",\"2\":\"\"}}', '2017-02-27 15:04:15', '2017-02-27 15:04:15', 'e91c7944-6882-42ef-a0c4-ef1860be01f2'),
 ('74', '8', '4', '1', 'en_us', '10', '', '{\"typeId\":\"4\",\"authorId\":null,\"title\":\"About Treno\",\"slug\":\"about-treno\",\"postDate\":1488208186,\"expiryDate\":null,\"enabled\":1,\"parentId\":null,\"fields\":{\"30\":\"<p>Lorem ipsum dolor sit amet, consectetuer adipiscing elit. Aenean commodo<br>ligula eget dolor. Aenean massa. Cum sociis natoque penatibus et<br>magnis dis parturient montes, nascetur ridiculus mus. Donec quam felis,<br>ultricies nec, pellentesque eu, pretium quis, sem. Nulla consequat massa<br>quis enim. Donec pede justo, fringilla vel, aliquet nec, vulputate eget, arcu.<br>In enim justo, rhoncus ut, imperdiet a, venenatis vitae, justo. Nullam<br>dictum felis eu pede mollis pretium. Integer tincidunt. Cras dapibus. Vivamus<br>elementum semper nisi. Aenean vulputate eleifend tellus. Aenean<br>leo ligula, porttitor eu, consequat vitae, eleifend ac, enim. Aliquam lorem&nbsp;<\\/p>\",\"8\":\"History\",\"1\":\"<p>Treno is a new website that is opening in Kent Ohio in May of 2017<\\/p>\",\"12\":{\"34\":{\"type\":\"text\",\"enabled\":\"1\",\"fields\":{\"textBlock\":\"<p>Testing information for the matrix field<\\/p>\"}},\"35\":{\"type\":\"image\",\"enabled\":\"1\",\"fields\":{\"imageFile\":[\"13\"]}}},\"7\":[\"7\"],\"29\":[\"56\",\"61\",\"62\"]}}', '2017-02-27 15:10:15', '2017-02-27 15:10:15', '093d82f2-5640-4318-aa42-5e3a70202b81'),
 ('75', '3', '2', '1', 'en_us', '6', '', '{\"typeId\":\"2\",\"authorId\":\"1\",\"title\":\"We just installed Craft!\",\"slug\":\"we-just-installed-craft\",\"postDate\":1485229860,\"expiryDate\":null,\"enabled\":1,\"parentId\":null,\"fields\":{\"1\":\"<p>Craft is the CMS that\\u2019s powering Trenokent.com. It\\u2019s beautiful, powerful, flexible, and easy-to-use, and it\\u2019s made by Pixel & Tonic. We can\\u2019t wait to dive in and see what it\\u2019s capable of!<\\/p>\\r\\n<hr class=\\\"redactor_pagebreak\\\" style=\\\"display:none\\\" unselectable=\\\"on\\\" contenteditable=\\\"false\\\">\\r\\n<p>This is even more captivating content, which you couldn\\u2019t see on the News index page because it was entered after a Page Break, and the News index template only likes to show the content on the first page.<\\/p>\\r\\n<p>Craft: a nice alternative to Word, if you\\u2019re making a website.<\\/p>\\r\\n<p>Hi<\\/p>\",\"31\":\"\",\"2\":\"\"}}', '2017-02-27 15:25:16', '2017-02-27 15:25:16', '184d6e9c-73f9-4fae-a90d-a496bd66916d'),
 ('76', '3', '2', '1', 'en_us', '7', '', '{\"typeId\":\"2\",\"authorId\":\"1\",\"title\":\"We just installed Craft!\",\"slug\":\"we-just-installed-craft\",\"postDate\":1485229860,\"expiryDate\":null,\"enabled\":1,\"parentId\":null,\"fields\":{\"1\":\"<p>Craft is the CMS that\\u2019s powering Trenokent.com. It\\u2019s beautiful, powerful, flexible, and easy-to-use, and it\\u2019s made by Pixel & Tonic. We can\\u2019t wait to dive in and see what it\\u2019s capable of!<\\/p>\\r\\n<hr class=\\\"redactor_pagebreak\\\" style=\\\"display:none\\\" unselectable=\\\"on\\\" contenteditable=\\\"false\\\">\\r\\n<p>This is even more captivating content, which you couldn\\u2019t see on the News index page because it was entered after a Page Break, and the News index template only likes to show the content on the first page.<\\/p>\\r\\n<p>Craft: a nice alternative to Word, if you\\u2019re making a website.<\\/p>\\r\\n<p>Hi<\\/p>\",\"31\":\"1\",\"2\":\"\"}}', '2017-02-27 15:25:26', '2017-02-27 15:25:26', '4b5b9805-be8a-485d-bbe7-501a5000bb98'),
 ('77', '64', '3', '1', 'en_us', '1', '', '{\"typeId\":null,\"authorId\":\"1\",\"title\":\"Brunch Item\",\"slug\":\"brunch-item\",\"postDate\":1488209302,\"expiryDate\":null,\"enabled\":1,\"parentId\":null,\"fields\":{\"6\":[\"25\"],\"3\":\"Description of the food\",\"4\":\"\",\"5\":\"15\",\"16\":[\"63\"],\"11\":\"\"}}', '2017-02-27 15:28:22', '2017-02-27 15:28:22', '5e7e9d35-153a-4b04-82bc-a3ceb4228bc8'),
 ('78', '55', '11', '1', 'en_us', '3', '', '{\"typeId\":\"12\",\"authorId\":\"1\",\"title\":\"Test\",\"slug\":\"test\",\"postDate\":1487089860,\"expiryDate\":null,\"enabled\":1,\"parentId\":null,\"fields\":{\"23\":\"(###)-###-####\",\"25\":\"<p>Here is some information about how to schedule a private party or an event<\\/p>\",\"24\":\"Here is some information about how to make a reservation \"}}', '2017-02-27 16:17:11', '2017-02-27 16:17:11', 'e0b80798-6a75-45d2-99ae-e8fce530f42d'),
 ('79', '55', '11', '1', 'en_us', '4', '', '{\"typeId\":\"12\",\"authorId\":null,\"title\":\"Reservations\",\"slug\":\"test\",\"postDate\":1488212977,\"expiryDate\":null,\"enabled\":1,\"parentId\":null,\"fields\":{\"23\":\"(###)-###-####\",\"25\":\"<p>Here is some information about how to schedule a private party or an event<\\/p>\",\"24\":\"Here is some information about how to make a reservation \"}}', '2017-02-27 16:30:04', '2017-02-27 16:30:04', 'a72dbe67-912a-4c17-9ea9-48e6c124f7b6'),
 ('80', '2', '1', '1', 'en_us', '3', '', '{\"typeId\":null,\"authorId\":null,\"title\":\"Home\",\"slug\":\"homepage\",\"postDate\":1485229871,\"expiryDate\":null,\"enabled\":1,\"parentId\":null,\"fields\":{\"1\":\"<p>It\\u2019s true, this site doesn\\u2019t have a whole lot of content yet, but don\\u2019t worry. Our web developers have just installed the CMS, and they\\u2019re setting things up for the content editors this very moment. Soon Trenokent.com will be an oasis of fresh perspectives, sharp analyses, and astute opinions that will keep you coming back again and again.<\\/p>\"}}', '2017-02-27 16:30:09', '2017-02-27 16:30:09', '7ddf233d-9a28-4540-b306-ff3f096fec51'),
 ('81', '14', '7', '1', 'en_us', '6', '', '{\"typeId\":\"7\",\"authorId\":null,\"title\":\"Directions\",\"slug\":\"directions\",\"postDate\":1486413573,\"expiryDate\":null,\"enabled\":1,\"parentId\":null,\"fields\":{\"8\":\"152 Franklin Ave. Kent, Ohio 44240\",\"7\":[\"7\"],\"32\":\"\"}}', '2017-02-27 16:33:22', '2017-02-27 16:33:22', '94a493c2-a07c-400e-9e0f-05fa46b44036'),
 ('82', '14', '7', '1', 'en_us', '7', '', '{\"typeId\":\"7\",\"authorId\":null,\"title\":\"Directions\",\"slug\":\"directions\",\"postDate\":1488213299,\"expiryDate\":null,\"enabled\":1,\"parentId\":null,\"fields\":{\"8\":\"152 Franklin Ave. Kent, Ohio 44240\",\"7\":[\"7\"],\"32\":\"hi\"}}', '2017-02-27 16:35:50', '2017-02-27 16:35:50', '2064da6a-f3ec-46ca-9c1f-dd0ffe0ad38e'),
 ('83', '14', '7', '1', 'en_us', '8', '', '{\"typeId\":\"7\",\"authorId\":null,\"title\":\"Directions\",\"slug\":\"directions\",\"postDate\":1488213299,\"expiryDate\":null,\"enabled\":1,\"parentId\":null,\"fields\":{\"8\":\"152 Franklin Ave. Kent, Ohio 44240\",\"7\":[\"7\"],\"32\":\"https:\\/\\/www.google.com\\/maps\\/embed?pb=!1m18!1m12!1m3!1d3004.131777930494!2d-81.35954584821805!3d41.15347577918477!2m3!1f0!2f0!3f0!3m2!1i1024!2i768!4f13.1!3m3!1m2!1s0x883125213bb987bb%3A0x25ce1992d4aa5850!2sIdeaBase!5e0!3m2!1sen!2sus!4v1488213388847\"}}', '2017-02-27 16:38:00', '2017-02-27 16:38:00', 'c159a062-450c-47e5-8685-e36c809365ad'),
 ('84', '2', '1', '1', 'en_us', '4', '', '{\"typeId\":null,\"authorId\":null,\"title\":\"Home\",\"slug\":\"homepage\",\"postDate\":1485229871,\"expiryDate\":null,\"enabled\":1,\"parentId\":null,\"fields\":{\"1\":\"<p>It\\u2019s true, this site doesn\\u2019t have a whole lot of content yet, but don\\u2019t worry. Our web developers have just installed the CMS, and they\\u2019re setting things up for the content editors this very moment. Soon Trenokent.com will be an oasis of fresh perspectives, sharp analyses, and astute opinions that will keep you coming back again and again.<\\/p>\",\"7\":[\"56\"],\"29\":[\"56\",\"61\",\"62\"]}}', '2017-03-06 14:23:10', '2017-03-06 14:23:10', '2bad5fcd-cf28-43d4-a14c-e799bfbd23aa'),
 ('85', '66', '13', '1', 'en_us', '1', NULL, '{\"typeId\":\"14\",\"authorId\":null,\"title\":\"Menu Landing Page\",\"slug\":\"menu-landing-page\",\"postDate\":1488814438,\"expiryDate\":null,\"enabled\":1,\"parentId\":null,\"fields\":[]}', '2017-03-06 15:33:59', '2017-03-06 15:33:59', '741b5fed-a0e9-49f1-a1b6-52f70434f405'),
 ('86', '55', '11', '1', 'en_us', '5', '', '{\"typeId\":\"12\",\"authorId\":null,\"title\":\"Reservations\",\"slug\":\"test\",\"postDate\":1488212977,\"expiryDate\":null,\"enabled\":1,\"parentId\":null,\"fields\":{\"7\":[\"56\"],\"23\":\"(###)-###-####\",\"25\":\"<p>Here is some information about how to schedule a private party or an event<\\/p>\",\"24\":\"Here is some information about how to make a reservation \"}}', '2017-03-06 15:34:44', '2017-03-06 15:34:44', 'd94a7dcc-a32a-4774-92c1-b360fd1fc812'),
 ('87', '66', '13', '1', 'en_us', '2', '', '{\"typeId\":null,\"authorId\":null,\"title\":\"Menu Landing Page\",\"slug\":\"menu-landing-page\",\"postDate\":1488814438,\"expiryDate\":null,\"enabled\":1,\"parentId\":null,\"fields\":{\"7\":[\"56\"]}}', '2017-03-06 15:35:15', '2017-03-06 15:35:15', 'c837178b-c849-430f-b45f-1ca2d7969b50'),
 ('88', '66', '13', '1', 'en_us', '3', '', '{\"typeId\":\"14\",\"authorId\":null,\"title\":\"Menu Landing Page\",\"slug\":\"menu-landing-page\",\"postDate\":1488814825,\"expiryDate\":null,\"enabled\":1,\"parentId\":null,\"fields\":{\"7\":[\"56\"]}}', '2017-03-06 15:41:13', '2017-03-06 15:41:13', '962d7721-a9c6-47e7-a329-3c7d7aae1d6b'),
 ('89', '66', '13', '1', 'en_us', '4', '', '{\"typeId\":\"14\",\"authorId\":null,\"title\":\"Menu \",\"slug\":\"menu-landing-page\",\"postDate\":1488814825,\"expiryDate\":null,\"enabled\":1,\"parentId\":null,\"fields\":{\"7\":[\"56\"]}}', '2017-03-06 15:41:24', '2017-03-06 15:41:24', 'f75546c2-696e-47f7-90a5-9e6b0be5d674'),
 ('90', '2', '1', '1', 'en_us', '5', '', '{\"typeId\":null,\"authorId\":null,\"title\":\"Home\",\"slug\":\"homepage\",\"postDate\":1485229871,\"expiryDate\":null,\"enabled\":1,\"parentId\":null,\"fields\":{\"1\":\"<p>It\\u2019s true, this site doesn\\u2019t have a whole lot of content yet, but don\\u2019t worry. Our web developers have just installed the CMS, and they\\u2019re setting things up for the content editors this very moment. Soon Trenokent.com will be an oasis of fresh perspectives, sharp analyses, and astute opinions that will keep you coming back again and again.<\\/p>\",\"7\":[\"56\"],\"34\":[\"75\"],\"29\":[\"56\",\"61\",\"62\"]}}', '2017-03-09 15:07:04', '2017-03-09 15:07:04', 'd6be29de-5a8f-40eb-9943-7e35c66f9721'),
 ('91', '3', '2', '1', 'en_us', '8', '', '{\"typeId\":\"2\",\"authorId\":\"1\",\"title\":\"We just installed Craft!\",\"slug\":\"we-just-installed-craft\",\"postDate\":1485229860,\"expiryDate\":null,\"enabled\":1,\"parentId\":null,\"fields\":{\"1\":\"<p>Craft is the CMS that\\u2019s powering Trenokent.com. It\\u2019s beautiful, powerful, flexible, and easy-to-use, and it\\u2019s made by Pixel & Tonic. We can\\u2019t wait to dive in and see what it\\u2019s capable of!<\\/p>\\r\\n<hr class=\\\"redactor_pagebreak\\\" style=\\\"display:none\\\" unselectable=\\\"on\\\" contenteditable=\\\"false\\\">\\r\\n<p>This is even more captivating content, which you couldn\\u2019t see on the News index page because it was entered after a Page Break, and the News index template only likes to show the content on the first page.<\\/p>\\r\\n<p>Craft: a nice alternative to Word, if you\\u2019re making a website.<\\/p>\\r\\n<p>Hi<\\/p>\",\"31\":\"1\",\"2\":\"\"}}', '2017-03-10 14:28:03', '2017-03-10 14:28:03', 'be93edb6-3baa-4d23-9d51-a4cbeb8f4c27'),
 ('92', '3', '2', '1', 'en_us', '9', '', '{\"typeId\":\"2\",\"authorId\":\"1\",\"title\":\"We just installed Craft!\",\"slug\":\"we-just-installed-craft\",\"postDate\":1485229860,\"expiryDate\":null,\"enabled\":1,\"parentId\":null,\"fields\":{\"1\":\"<p>Craft is the CMS that\\u2019s powering Trenokent.com. It\\u2019s beautiful, powerful, flexible, and easy-to-use, and it\\u2019s made by Pixel & Tonic. We can\\u2019t wait to dive in and see what it\\u2019s capable of!<\\/p>\\r\\n<hr class=\\\"redactor_pagebreak\\\" style=\\\"display:none\\\" unselectable=\\\"on\\\" contenteditable=\\\"false\\\">\\r\\n<p>This is even more captivating content, which you couldn\\u2019t see on the News index page because it was entered after a Page Break, and the News index template only likes to show the content on the first page.<\\/p>\\r\\n<p>Craft: a nice alternative to Word, if you\\u2019re making a website.<\\/p>\\r\\n<p>Hi<\\/p>\",\"31\":\"\",\"2\":\"\"}}', '2017-03-10 14:34:35', '2017-03-10 14:34:35', 'a82107e2-2a0a-4472-9687-ba76d07d9856'),
 ('93', '3', '2', '1', 'en_us', '10', '', '{\"typeId\":\"2\",\"authorId\":\"1\",\"title\":\"We just installed Craft!\",\"slug\":\"we-just-installed-craft\",\"postDate\":1485229860,\"expiryDate\":null,\"enabled\":1,\"parentId\":null,\"fields\":{\"1\":\"<p>Craft is the CMS that\\u2019s powering Trenokent.com. It\\u2019s beautiful, powerful, flexible, and easy-to-use, and it\\u2019s made by Pixel & Tonic. We can\\u2019t wait to dive in and see what it\\u2019s capable of!<\\/p>\\r\\n<hr class=\\\"redactor_pagebreak\\\" style=\\\"display:none\\\" unselectable=\\\"on\\\" contenteditable=\\\"false\\\">\\r\\n<p>This is even more captivating content, which you couldn\\u2019t see on the News index page because it was entered after a Page Break, and the News index template only likes to show the content on the first page.<\\/p>\\r\\n<p>Craft: a nice alternative to Word, if you\\u2019re making a website.<\\/p>\\r\\n<p>Hi<\\/p>\",\"31\":\"1\",\"2\":\"\"}}', '2017-03-10 14:34:45', '2017-03-10 14:34:45', '7a8e1d85-be50-426a-b307-214dccb61664'),
 ('94', '2', '1', '1', 'en_us', '6', '', '{\"typeId\":null,\"authorId\":null,\"title\":\"Home\",\"slug\":\"homepage\",\"postDate\":1485229871,\"expiryDate\":null,\"enabled\":1,\"parentId\":null,\"fields\":{\"1\":\"<p>It\\u2019s true, this site doesn\\u2019t have a whole lot of content yet, but don\\u2019t worry. Our web developers have just installed the CMS, and they\\u2019re setting things up for the content editors this very moment. Soon Trenokent.com will be an oasis of fresh perspectives, sharp analyses, and astute opinions that will keep you coming back again and again.<\\/p>\",\"7\":[\"56\"],\"35\":\"Welcome\",\"36\":\"to Kents\",\"37\":\"Ristorante\",\"34\":[\"75\"],\"29\":[\"56\",\"61\",\"62\"]}}', '2017-03-14 16:26:13', '2017-03-14 16:26:13', 'e3b535db-1e5a-4ed0-855e-ef5e3286e6d3'),
 ('95', '2', '1', '1', 'en_us', '7', '', '{\"typeId\":null,\"authorId\":null,\"title\":\"Home\",\"slug\":\"homepage\",\"postDate\":1485229871,\"expiryDate\":null,\"enabled\":1,\"parentId\":null,\"fields\":{\"1\":\"<p>It\\u2019s true, this site doesn\\u2019t have a whole lot of content yet, but don\\u2019t worry. Our web developers have just installed the CMS, and they\\u2019re setting things up for the content editors this very moment. Soon Trenokent.com will be an oasis of fresh perspectives, sharp analyses, and astute opinions that will keep you coming back again and again.<\\/p>\",\"7\":[\"56\"],\"35\":\"Welcome\",\"36\":\"to Kents\",\"37\":\"Ristorante\",\"34\":[\"75\"],\"29\":[\"56\",\"61\",\"62\"],\"38\":[\"66\"]}}', '2017-03-14 16:27:18', '2017-03-14 16:27:18', 'cc03c7ce-725c-4dfe-8b52-b17835fd8673'),
 ('96', '3', '2', '1', 'en_us', '11', '', '{\"typeId\":\"2\",\"authorId\":\"1\",\"title\":\"We just installed Craft!\",\"slug\":\"we-just-installed-craft\",\"postDate\":1485229860,\"expiryDate\":null,\"enabled\":1,\"parentId\":null,\"fields\":{\"1\":\"<p>Craft is the CMS that\\u2019s powering Trenokent.com. It\\u2019s beautiful, powerful, flexible, and easy-to-use, and it\\u2019s made by Pixel & Tonic. We can\\u2019t wait to dive in and see what it\\u2019s capable of!<\\/p>\\r\\n<hr class=\\\"redactor_pagebreak\\\" style=\\\"display:none\\\" unselectable=\\\"on\\\" contenteditable=\\\"false\\\">\\r\\n<p>This is even more captivating content, which you couldn\\u2019t see on the News index page because it was entered after a Page Break, and the News index template only likes to show the content on the first page.<\\/p>\\r\\n<p>Craft: a nice alternative to Word, if you\\u2019re making a website.<\\/p>\\r\\n<p>Hi<\\/p>\",\"31\":\"1\",\"39\":{\"date\":\"5\\/11\\/2017\"},\"2\":\"\"}}', '2017-03-14 16:28:13', '2017-03-14 16:28:13', '316fd390-3075-4af4-9cb5-2c2959b97e7e'),
 ('97', '14', '7', '1', 'en_us', '9', '', '{\"typeId\":\"7\",\"authorId\":null,\"title\":\"Directions\",\"slug\":\"directions\",\"postDate\":1488213299,\"expiryDate\":null,\"enabled\":1,\"parentId\":null,\"fields\":{\"8\":\"152 Franklin Ave. Kent, Ohio 44240\",\"7\":[\"61\"],\"32\":\"https:\\/\\/www.google.com\\/maps\\/embed?pb=!1m18!1m12!1m3!1d3004.131777930494!2d-81.35954584821805!3d41.15347577918477!2m3!1f0!2f0!3f0!3m2!1i1024!2i768!4f13.1!3m3!1m2!1s0x883125213bb987bb%3A0x25ce1992d4aa5850!2sIdeaBase!5e0!3m2!1sen!2sus!4v1488213388847\"}}', '2017-03-14 16:33:29', '2017-03-14 16:33:29', '7022c572-9dd2-47b8-b59f-9c33c337e277'),
 ('98', '66', '13', '1', 'en_us', '5', '', '{\"typeId\":\"14\",\"authorId\":null,\"title\":\"Menu \",\"slug\":\"menu-landing-page\",\"postDate\":1488814825,\"expiryDate\":null,\"enabled\":1,\"parentId\":null,\"fields\":{\"7\":[\"56\"]}}', '2017-03-14 16:33:34', '2017-03-14 16:33:34', '89c03d24-6ae1-45ab-99c7-5a553c466fa6'),
 ('99', '55', '11', '1', 'en_us', '6', '', '{\"typeId\":\"12\",\"authorId\":null,\"title\":\"Reservations\",\"slug\":\"test\",\"postDate\":1488212977,\"expiryDate\":null,\"enabled\":1,\"parentId\":null,\"fields\":{\"7\":[\"56\"],\"23\":\"(###)-###-####\",\"25\":\"<p>Here is some information about how to schedule a private party or an event<\\/p>\",\"24\":\"Here is some information about how to make a reservation \"}}', '2017-03-14 16:33:41', '2017-03-14 16:33:41', 'e06521dd-9f2f-4474-ab09-a2fe668603d8'),
 ('100', '14', '7', '1', 'en_us', '10', '', '{\"typeId\":\"7\",\"authorId\":null,\"title\":\"Directions\",\"slug\":\"directions\",\"postDate\":1488213299,\"expiryDate\":null,\"enabled\":1,\"parentId\":null,\"fields\":{\"8\":\"152 Franklin Ave. Kent, Ohio 44240\",\"7\":[\"61\"],\"32\":\"https:\\/\\/www.google.com\\/maps\\/embed?pb=!1m18!1m12!1m3!1d3004.131777930494!2d-81.35954584821805!3d41.15347577918477!2m3!1f0!2f0!3f0!3m2!1i1024!2i768!4f13.1!3m3!1m2!1s0x883125213bb987bb%3A0x25ce1992d4aa5850!2sIdeaBase!5e0!3m2!1sen!2sus!4v1488213388847\",\"41\":[\"73\"]}}', '2017-03-21 15:21:35', '2017-03-21 15:21:35', '207ac00b-0ccc-4ac3-a918-b7183baecc79'),
 ('101', '8', '4', '1', 'en_us', '11', '', '{\"typeId\":\"4\",\"authorId\":null,\"title\":\"About Treno\",\"slug\":\"about-treno\",\"postDate\":1488208186,\"expiryDate\":null,\"enabled\":1,\"parentId\":null,\"fields\":{\"30\":\"<p>Lorem ipsum dolor sit amet, consectetuer adipiscing elit. Aenean commodo<br>ligula eget dolor. Aenean massa. Cum sociis natoque penatibus et<br>magnis dis parturient montes, nascetur ridiculus mus. Donec quam felis,<br>ultricies nec, pellentesque eu, pretium quis, sem. Nulla consequat massa<br>quis enim. Donec pede justo, fringilla vel, aliquet nec, vulputate eget, arcu.<br>In enim justo, rhoncus ut, imperdiet a, venenatis vitae, justo. Nullam<br>dictum felis eu pede mollis pretium. Integer tincidunt. Cras dapibus. Vivamus<br>elementum semper nisi. Aenean vulputate eleifend tellus. Aenean<br>leo ligula, porttitor eu, consequat vitae, eleifend ac, enim. Aliquam lorem&nbsp;<\\/p>\",\"8\":\"History\",\"1\":\"<p>Treno is a new website that is opening in Kent Ohio in May of 2017<\\/p>\",\"12\":{\"34\":{\"type\":\"text\",\"enabled\":\"1\",\"fields\":{\"textBlock\":\"<p>Testing information for the matrix field<\\/p>\"}},\"35\":{\"type\":\"image\",\"enabled\":\"1\",\"fields\":{\"imageFile\":[\"13\"]}}},\"7\":[\"56\"],\"29\":[\"56\",\"61\",\"62\"]}}', '2017-03-21 15:35:06', '2017-03-21 15:35:06', '35cf0b54-a339-4bfb-8be2-d05b85a1d81a'),
 ('102', '14', '7', '1', 'en_us', '11', '', '{\"typeId\":\"7\",\"authorId\":null,\"title\":\"Directions\",\"slug\":\"directions\",\"postDate\":1488213299,\"expiryDate\":null,\"enabled\":1,\"parentId\":null,\"fields\":{\"8\":\"152 Franklin Ave. Kent, Ohio 44240\",\"7\":[\"61\"],\"32\":\"https:\\/\\/www.google.com\\/maps\\/embed?pb=!1m18!1m12!1m3!1d3004.131777930494!2d-81.35954584821805!3d41.15347577918477!2m3!1f0!2f0!3f0!3m2!1i1024!2i768!4f13.1!3m3!1m2!1s0x883125213bb987bb%3A0x25ce1992d4aa5850!2sIdeaBase!5e0!3m2!1sen!2sus!4v1488213388847\",\"41\":[\"73\"],\"42\":\"Lorem ipsum dolor sit amet, consectetuer adipiscing elit. Aenean commodo ligula eget dolor. Aenean massa. Cum sociis natoque penatibus et magnis dis parturient montes,\",\"43\":\"Lorem ipsum dolor sit amet, consectetuer adipiscing elit. Aenean commodo ligula eget dolor. Aenean massa. Cum sociis natoque penatibus et magnis dis parturient montes,\",\"44\":\"Lorem ipsum dolor sit amet, consectetuer adipiscing elit. Aenean commodo ligula eget dolor. Aenean massa. Cum sociis natoque penatibus et magnis dis parturient montes,\",\"46\":\"Lorem ipsum dolor sit amet, consectetuer adipiscing elit. Aenean commodo ligula eget dolor. Aenean massa. Cum sociis natoque penatibus et magnis dis parturient montes,\",\"45\":\"$5\"}}', '2017-03-21 15:49:36', '2017-03-21 15:49:36', '3ae65c95-94da-48f1-854a-c7bdf1df1dd0'),
 ('103', '2', '1', '1', 'en_us', '8', '', '{\"typeId\":null,\"authorId\":null,\"title\":\"Home\",\"slug\":\"homepage\",\"postDate\":1485229871,\"expiryDate\":null,\"enabled\":1,\"parentId\":null,\"fields\":{\"1\":\"<p>It\\u2019s true, this site doesn\\u2019t have a whole lot of content yet, but don\\u2019t worry. Our web developers have just installed the CMS, and they\\u2019re setting things up for the content editors this very moment. Soon Trenokent.com will be an oasis of fresh perspectives, sharp analyses, and astute opinions that will keep you coming back again and again.<\\/p>\",\"7\":[\"56\"],\"47\":[\"68\"],\"48\":[\"70\"],\"35\":\"Welcome\",\"36\":\"to Kents\",\"37\":\"Ristorante\",\"34\":[\"75\"],\"29\":[\"56\",\"61\",\"62\"],\"38\":[\"66\"]}}', '2017-04-14 14:02:47', '2017-04-14 14:02:47', 'f0e2d77b-fa7a-4047-912a-d299d98df2a3'),
 ('104', '2', '1', '1', 'en_us', '9', '', '{\"typeId\":null,\"authorId\":null,\"title\":\"Home\",\"slug\":\"homepage\",\"postDate\":1485229871,\"expiryDate\":null,\"enabled\":1,\"parentId\":null,\"fields\":{\"1\":\"<p>It\\u2019s true, this site doesn\\u2019t have a whole lot of content yet, but don\\u2019t worry. Our web developers have just installed the CMS, and they\\u2019re setting things up for the content editors this very moment. Soon Trenokent.com will be an oasis of fresh perspectives, sharp analyses, and astute opinions that will keep you coming back again and again.<\\/p>\",\"7\":[\"56\"],\"47\":[\"68\"],\"48\":[\"70\"],\"35\":\"Welcome\",\"36\":\"to Kents\",\"37\":\"Ristorante\",\"34\":[\"75\"],\"29\":[\"56\",\"61\",\"62\"],\"38\":[\"66\"]}}', '2017-04-14 14:02:47', '2017-04-14 14:02:47', '44ad2d95-7ea2-40ec-aa12-50ec3723d6f9'),
 ('105', '82', '3', '1', 'en_us', '1', '', '{\"typeId\":null,\"authorId\":\"1\",\"title\":\"Special\",\"slug\":\"special\",\"postDate\":1492694598,\"expiryDate\":null,\"enabled\":1,\"parentId\":null,\"fields\":{\"6\":[\"25\"],\"3\":\"Description of the food\",\"4\":\"\",\"5\":\"5\",\"16\":[\"80\"],\"11\":\"\"}}', '2017-04-20 13:23:18', '2017-04-20 13:23:18', 'b85bae16-f2c6-4356-b091-d284dd0b556e'),
 ('106', '83', '3', '1', 'en_us', '1', '', '{\"typeId\":null,\"authorId\":\"1\",\"title\":\"Drink\",\"slug\":\"drink\",\"postDate\":1492694624,\"expiryDate\":null,\"enabled\":1,\"parentId\":null,\"fields\":{\"6\":\"\",\"3\":\"Description of the drink\",\"4\":\"\",\"5\":\"3\",\"16\":[\"81\"],\"11\":\"\"}}', '2017-04-20 13:23:44', '2017-04-20 13:23:44', 'cb532658-9fc4-46ba-969a-6fd85e9a44b3'),
 ('107', '83', '3', '1', 'en_us', '2', '', '{\"typeId\":\"3\",\"authorId\":\"1\",\"title\":\"Drink\",\"slug\":\"drink\",\"postDate\":1492694580,\"expiryDate\":null,\"enabled\":1,\"parentId\":null,\"fields\":{\"6\":[\"85\"],\"3\":\"Description of the drink\",\"4\":\"\",\"5\":\"3\",\"16\":[\"81\"],\"11\":\"\"}}', '2017-04-20 13:24:49', '2017-04-20 13:24:49', '2646e3a7-bf51-4f4b-a6a1-6625c1e0da43'),
 ('108', '87', '2', '1', 'en_us', '1', '', '{\"typeId\":null,\"authorId\":\"1\",\"title\":\"New News Entry\",\"slug\":\"new-news-entry\",\"postDate\":1494598078,\"expiryDate\":null,\"enabled\":1,\"parentId\":null,\"fields\":{\"1\":\"<p>Lorem ipsum dolor sit amet, consectetuer adipiscing elit. Aenean commodo ligula eget dolor. Aenean massa. Cum sociis natoque penatibus et magnis dis parturient montes,<\\/p>\\r\\n\",\"31\":\"1\",\"39\":{\"date\":\"5\\/31\\/2017\"},\"2\":\"\"}}', '2017-05-12 14:07:58', '2017-05-12 14:07:58', '74792315-4691-490f-9921-dbb734308a63'),
 ('109', '50', '12', '1', 'en_us', '2', '', '{\"typeId\":\"13\",\"authorId\":\"1\",\"title\":\"Jon Smith \",\"slug\":\"jon-smith\",\"postDate\":1487086020,\"expiryDate\":null,\"enabled\":1,\"parentId\":null,\"fields\":{\"26\":\"<p>Jon is an excited new member of our team who is looking forward to seeing the website finished.&nbsp;<\\/p>\",\"27\":[\"49\"]}}', '2017-05-12 15:59:43', '2017-05-12 15:59:43', 'f49d1a17-6557-403d-8d63-5727d52f0047'),
 ('110', '2', '1', '1', 'en_us', '10', '', '{\"typeId\":null,\"authorId\":null,\"title\":\"Home\",\"slug\":\"homepage\",\"postDate\":1485229871,\"expiryDate\":null,\"enabled\":1,\"parentId\":null,\"fields\":{\"1\":\"<p>It\\u2019s true, this site doesn\\u2019t have a whole lot of content yet, but don\\u2019t worry. Our web developers have just installed the CMS, and they\\u2019re setting things up for the content editors this very moment. Soon Trenokent.com will be an oasis of fresh perspectives, sharp analyses, and astute opinions that will keep you coming back again and again. this is test number 2<\\/p>\",\"7\":[\"56\"],\"47\":[\"68\"],\"48\":[\"70\"],\"35\":\"Welcome\",\"36\":\"to Kents\",\"37\":\"Ristorante\",\"34\":[\"75\"],\"29\":[\"56\",\"61\",\"62\"],\"38\":[\"66\"]}}', '2017-05-22 17:04:17', '2017-05-22 17:04:17', '12685d23-f23e-4534-9935-5396c9403add'),
 ('111', '2', '1', '1', 'en_us', '11', '', '{\"typeId\":null,\"authorId\":null,\"title\":\"Home\",\"slug\":\"homepage\",\"postDate\":1485229871,\"expiryDate\":null,\"enabled\":1,\"parentId\":null,\"fields\":{\"1\":\"<p>It\\u2019s true, this site doesn\\u2019t have a whole lot of content yet, but don\\u2019t worry. Our web developers have just installed the CMS, and they\\u2019re setting things up for the content editors this very moment. Soon Trenokent.com will be an oasis of fresh perspectives, sharp analyses, and astute opinions that will keep you coming back again and again. this is test number 2<\\/p>\",\"7\":[\"88\"],\"47\":[\"68\"],\"48\":[\"70\"],\"35\":\"Welcome\",\"36\":\"to Kents\",\"37\":\"Ristorante\",\"34\":[\"75\"],\"29\":[\"88\"],\"38\":[\"66\"]}}', '2017-05-22 17:37:14', '2017-05-22 17:37:14', '03eafdeb-a018-44f3-9155-48d82e6c1b3b'),
 ('112', '82', '3', '1', 'en_us', '2', '', '{\"typeId\":\"3\",\"authorId\":\"1\",\"title\":\"Special\",\"slug\":\"special\",\"postDate\":1492694580,\"expiryDate\":null,\"enabled\":1,\"parentId\":null,\"fields\":{\"6\":[\"25\"],\"3\":\"Description of the food\",\"4\":\"\",\"5\":\"5\",\"16\":[\"80\"],\"19\":\"\"}}', '2017-05-22 18:21:55', '2017-05-22 18:21:55', 'b4254cd2-a5ca-423c-9a26-27975e9ccdd4'),
 ('113', '82', '3', '1', 'en_us', '3', '', '{\"typeId\":\"3\",\"authorId\":\"1\",\"title\":\"Special\",\"slug\":\"special\",\"postDate\":1492694580,\"expiryDate\":null,\"enabled\":1,\"parentId\":null,\"fields\":{\"6\":[\"25\"],\"3\":\"Description of the food\",\"4\":\"\",\"5\":\"5\",\"16\":[\"80\"],\"19\":[\"40\"]}}', '2017-05-22 18:26:09', '2017-05-22 18:26:09', '3265d1b2-188a-4282-b36c-67a2c565e206'),
 ('114', '82', '3', '1', 'en_us', '4', '', '{\"typeId\":\"3\",\"authorId\":\"1\",\"title\":\"Special\",\"slug\":\"special\",\"postDate\":1492694580,\"expiryDate\":null,\"enabled\":1,\"parentId\":null,\"fields\":{\"6\":[\"25\"],\"3\":\"Description of the food\",\"4\":\"\",\"5\":\"5\",\"16\":[\"80\"],\"19\":[\"40\",\"41\"]}}', '2017-05-22 18:26:45', '2017-05-22 18:26:45', '74dba23a-7c79-426f-a0cb-7388d2000232'),
 ('115', '82', '3', '1', 'en_us', '5', '', '{\"typeId\":\"3\",\"authorId\":\"1\",\"title\":\"Special\",\"slug\":\"special\",\"postDate\":1492694580,\"expiryDate\":null,\"enabled\":1,\"parentId\":null,\"fields\":{\"6\":[\"25\"],\"3\":\"Description of the food\",\"4\":\"\",\"5\":\"5\",\"16\":[\"80\"],\"19\":\"\"}}', '2017-05-22 18:27:28', '2017-05-22 18:27:28', '58139c76-e6bf-4687-82d6-5bafea9fbdcf'),
 ('116', '82', '3', '1', 'en_us', '6', '', '{\"typeId\":\"3\",\"authorId\":\"1\",\"title\":\"Special\",\"slug\":\"special\",\"postDate\":1492694580,\"expiryDate\":null,\"enabled\":1,\"parentId\":null,\"fields\":{\"6\":[\"25\"],\"3\":\"Description of the food\",\"4\":\"\",\"5\":\"5\",\"16\":[\"80\"],\"19\":[\"40\"]}}', '2017-05-22 18:31:50', '2017-05-22 18:31:50', '59eca096-d076-48e4-b72a-bb308c7b7fa0'),
 ('117', '82', '3', '1', 'en_us', '7', '', '{\"typeId\":\"3\",\"authorId\":\"1\",\"title\":\"Special\",\"slug\":\"special\",\"postDate\":1492694580,\"expiryDate\":null,\"enabled\":1,\"parentId\":null,\"fields\":{\"6\":[\"25\"],\"3\":\"Description of the food\",\"4\":\"\",\"5\":\"5\",\"16\":[\"80\"],\"19\":[\"40\"]}}', '2017-05-22 18:40:26', '2017-05-22 18:40:26', '500a4475-9291-43a5-980a-d9fefaaff3da'),
 ('118', '82', '3', '1', 'en_us', '8', '', '{\"typeId\":\"3\",\"authorId\":\"1\",\"title\":\"Special 123\",\"slug\":\"special\",\"postDate\":1492694580,\"expiryDate\":null,\"enabled\":1,\"parentId\":null,\"fields\":{\"6\":[\"25\"],\"3\":\"Description of the food\",\"4\":\"\",\"5\":\"5\",\"16\":[\"80\"],\"19\":[\"40\"]}}', '2017-05-22 19:16:46', '2017-05-22 19:16:46', '44eccaec-aa9e-4217-af94-8f803f7cff84'),
 ('119', '83', '3', '1', 'en_us', '3', '', '{\"typeId\":\"3\",\"authorId\":\"1\",\"title\":\"Drink\",\"slug\":\"drink\",\"postDate\":1492694580,\"expiryDate\":null,\"enabled\":1,\"parentId\":null,\"fields\":{\"6\":[\"85\"],\"3\":\"Description of the drink\",\"4\":\"\",\"5\":\"3\",\"16\":[\"81\"],\"19\":[\"40\"]}}', '2017-05-22 19:17:08', '2017-05-22 19:17:08', 'c0eed269-be5c-4e35-9ac2-f8b6f1cceed4'),
 ('120', '82', '3', '1', 'en_us', '9', '', '{\"typeId\":\"3\",\"authorId\":\"1\",\"title\":\"Special \",\"slug\":\"special\",\"postDate\":1492694580,\"expiryDate\":null,\"enabled\":1,\"parentId\":null,\"fields\":{\"6\":[\"25\"],\"3\":\"Description of the food\",\"4\":\"\",\"5\":\"5\",\"16\":[\"80\"],\"19\":\"\"}}', '2017-05-22 19:32:15', '2017-05-22 19:32:15', '4b78f47f-a318-46c6-a49c-d3fe0feee336'),
 ('121', '83', '3', '1', 'en_us', '4', '', '{\"typeId\":\"3\",\"authorId\":\"1\",\"title\":\"Drink\",\"slug\":\"drink\",\"postDate\":1492694580,\"expiryDate\":null,\"enabled\":1,\"parentId\":null,\"fields\":{\"6\":[\"85\"],\"3\":\"Description of the drink\",\"4\":\"\",\"5\":\"3\",\"16\":[\"81\"],\"19\":\"\"}}', '2017-05-22 19:32:42', '2017-05-22 19:32:42', '2d799acd-4111-4190-abfd-459cca5903b0'),
 ('122', '82', '3', '1', 'en_us', '10', '', '{\"typeId\":\"3\",\"authorId\":\"1\",\"title\":\"Special \",\"slug\":\"special\",\"postDate\":1492694580,\"expiryDate\":null,\"enabled\":1,\"parentId\":null,\"fields\":{\"6\":[\"25\"],\"3\":\"Description of the food\",\"4\":\"\",\"5\":\"5\",\"16\":[\"80\"],\"19\":[\"40\"]}}', '2017-05-22 19:47:04', '2017-05-22 19:47:04', 'b01d25ff-028b-4194-aaac-7b9a5c552268'),
 ('123', '64', '3', '1', 'en_us', '2', '', '{\"typeId\":\"3\",\"authorId\":\"1\",\"title\":\"Brunch Item\",\"slug\":\"brunch-item\",\"postDate\":1488209280,\"expiryDate\":null,\"enabled\":1,\"parentId\":null,\"fields\":{\"6\":[\"25\"],\"3\":\"Description of the food\",\"4\":\"\",\"5\":\"15\",\"16\":[\"63\"],\"19\":[\"40\"]}}', '2017-05-22 20:02:19', '2017-05-22 20:02:19', '62993049-5567-4b0c-b7bc-e209db6df8d1'),
 ('124', '24', '3', '1', 'en_us', '2', '', '{\"typeId\":\"3\",\"authorId\":\"1\",\"title\":\"Fish Sandwich\",\"slug\":\"fish-sandwich\",\"postDate\":1485882300,\"expiryDate\":null,\"enabled\":1,\"parentId\":null,\"fields\":{\"6\":[\"5\"],\"3\":\"Description of the food\",\"4\":\"\",\"5\":\"15\",\"16\":\"\",\"19\":[\"40\"]}}', '2017-05-22 20:02:31', '2017-05-22 20:02:31', '72094086-3de1-4051-aa8a-b891eb2c5dab'),
 ('125', '64', '3', '1', 'en_us', '3', '', '{\"typeId\":\"3\",\"authorId\":\"1\",\"title\":\"Brunch Item\",\"slug\":\"brunch-item\",\"postDate\":1488209280,\"expiryDate\":null,\"enabled\":1,\"parentId\":null,\"fields\":{\"6\":[\"25\"],\"3\":\"Description of the food\",\"4\":\"\",\"5\":\"15\",\"16\":[\"63\"],\"19\":[\"40\"]}}', '2017-05-22 20:03:58', '2017-05-22 20:03:58', '0d7f7c61-8ee4-4d96-8539-b5670570d9ae'),
 ('126', '24', '3', '1', 'en_us', '3', '', '{\"typeId\":\"3\",\"authorId\":\"1\",\"title\":\"Fish Sandwich\",\"slug\":\"fish-sandwich\",\"postDate\":1485882300,\"expiryDate\":null,\"enabled\":1,\"parentId\":null,\"fields\":{\"6\":[\"5\"],\"3\":\"Description of the food\",\"4\":\"\",\"5\":\"15\",\"16\":\"\",\"19\":\"\"}}', '2017-05-22 20:15:41', '2017-05-22 20:15:41', 'd1b86dd4-ad3e-418b-b401-7c7c87d1509c'),
 ('127', '82', '3', '1', 'en_us', '11', '', '{\"typeId\":\"3\",\"authorId\":\"1\",\"title\":\"Special \",\"slug\":\"special\",\"postDate\":1492694580,\"expiryDate\":null,\"enabled\":1,\"parentId\":null,\"fields\":{\"6\":[\"25\"],\"3\":\"food description\",\"4\":\"\",\"5\":\"5\",\"16\":[\"80\"],\"19\":[\"40\"]}}', '2017-05-22 20:20:26', '2017-05-22 20:20:26', 'feea94f3-f1a0-4fb8-849a-c192b3df82a7'),
 ('128', '64', '3', '1', 'en_us', '4', '', '{\"typeId\":\"3\",\"authorId\":\"1\",\"title\":\"Brunch Item\",\"slug\":\"brunch-item\",\"postDate\":1488209280,\"expiryDate\":null,\"enabled\":1,\"parentId\":null,\"fields\":{\"6\":[\"25\"],\"3\":\"Description of the food\",\"4\":\"\",\"5\":\"15\",\"16\":[\"63\"],\"19\":\"\"}}', '2017-05-22 20:25:20', '2017-05-22 20:25:20', 'd1327372-9baa-41e2-b7cf-c35a6a81938f'),
 ('129', '64', '3', '1', 'en_us', '5', '', '{\"typeId\":\"3\",\"authorId\":\"1\",\"title\":\"Brunch Item\",\"slug\":\"brunch-item\",\"postDate\":1488209280,\"expiryDate\":null,\"enabled\":1,\"parentId\":null,\"fields\":{\"6\":[\"25\"],\"3\":\"Description of the food\",\"4\":\"\",\"5\":\"15\",\"16\":[\"63\"],\"19\":[\"41\"]}}', '2017-05-22 20:25:36', '2017-05-22 20:25:36', '50b92dbe-b979-4b4c-aa27-dd8bf16fc28f'),
 ('130', '82', '3', '1', 'en_us', '12', '', '{\"typeId\":\"3\",\"authorId\":\"1\",\"title\":\"Special \",\"slug\":\"special\",\"postDate\":1492694580,\"expiryDate\":null,\"enabled\":1,\"parentId\":null,\"fields\":{\"6\":[\"25\"],\"3\":\"food description food description. this is done this way and that way. really good. ready to eat. lets make this food\",\"4\":\"\",\"5\":\"5\",\"16\":[\"80\"],\"19\":[\"40\"]}}', '2017-05-22 20:30:11', '2017-05-22 20:30:11', 'd2f8cac6-ff28-45f6-a1b0-267e3c0e41db'),
 ('131', '66', '13', '1', 'en_us', '6', '', '{\"typeId\":\"14\",\"authorId\":null,\"title\":\"Menu \",\"slug\":\"menu-landing-page\",\"postDate\":1488814825,\"expiryDate\":null,\"enabled\":1,\"parentId\":null,\"fields\":{\"7\":[\"56\"]}}', '2017-05-30 16:28:36', '2017-05-30 16:28:36', 'a501bb63-95a7-4ca5-a0f0-49e0a796e2a9'),
 ('132', '66', '13', '1', 'en_us', '7', '', '{\"typeId\":\"14\",\"authorId\":null,\"title\":\"Menu 123\",\"slug\":\"menu-landing-page\",\"postDate\":1488814825,\"expiryDate\":null,\"enabled\":1,\"parentId\":null,\"fields\":{\"7\":[\"56\"]}}', '2017-05-30 16:28:46', '2017-05-30 16:28:46', '4492a8ea-502f-4c90-8908-d0d27d0af5fe'),
 ('133', '66', '13', '1', 'en_us', '8', '', '{\"typeId\":\"14\",\"authorId\":null,\"title\":\"Menu\",\"slug\":\"menu-landing-page\",\"postDate\":1488814825,\"expiryDate\":null,\"enabled\":1,\"parentId\":null,\"fields\":{\"7\":[\"56\"]}}', '2017-05-30 16:29:05', '2017-05-30 16:29:05', 'dff274e3-5439-4722-96d4-d00727cfc439'),
 ('134', '66', '13', '1', 'en_us', '9', '', '{\"typeId\":\"14\",\"authorId\":null,\"title\":\"Menu\",\"slug\":\"menu-landing-page\",\"postDate\":1488814825,\"expiryDate\":null,\"enabled\":1,\"parentId\":null,\"fields\":{\"7\":[\"56\"]}}', '2017-05-30 16:29:29', '2017-05-30 16:29:29', '91bb428b-71ee-435a-b254-b845ae2b5111'),
 ('135', '8', '4', '1', 'en_us', '12', '', '{\"typeId\":\"4\",\"authorId\":null,\"title\":\"About Treno\",\"slug\":\"about-treno\",\"postDate\":1495479971,\"expiryDate\":null,\"enabled\":1,\"parentId\":null,\"fields\":{\"30\":\"<p>Lorem ipsum dolor sit amet, consectetuer adipiscing elit. Aenean commodo<br>ligula eget dolor. Aenean massa. Cum sociis natoque penatibus et<br>magnis dis parturient montes, nascetur ridiculus mus. Donec quam felis,<br>ultricies nec, pellentesque eu, pretium quis, sem. Nulla consequat massa<br>quis enim. Donec pede justo, fringilla vel, aliquet nec, vulputate eget, arcu.<br>In enim justo, rhoncus ut, imperdiet a, venenatis vitae, justo. Nullam<br>dictum felis eu pede mollis pretium. Integer tincidunt. Cras dapibus. Vivamus<br>elementum semper nisi. Aenean vulputate eleifend tellus. Aenean<br>leo ligula, porttitor eu, consequat vitae, eleifend ac, enim. Aliquam lorem&nbsp;<\\/p>\",\"8\":\"History\",\"1\":\"<p>Treno is a new website that is opening in Kent Ohio in May of 2017<\\/p>\",\"7\":[\"88\"],\"29\":[\"88\",\"89\"]}}', '2017-05-30 18:42:31', '2017-05-30 18:42:31', 'c574fa32-4aef-4c95-a929-a49fc59b73d3'),
 ('136', '2', '1', '1', 'en_us', '12', '', '{\"typeId\":null,\"authorId\":null,\"title\":\"Home\",\"slug\":\"homepage\",\"postDate\":1485229871,\"expiryDate\":null,\"enabled\":1,\"parentId\":null,\"fields\":{\"1\":\"<p>It\\u2019s true, this site doesn\\u2019t have a whole lot of content yet, but don\\u2019t worry. Our web developers have just installed the CMS, and they\\u2019re setting things up for the content editors this very moment. Soon Trenokent.com will be an oasis of fresh perspectives, sharp analyses, and astute opinions that will keep you coming back again and again. this is test number 2<\\/p>\",\"7\":[\"88\"],\"47\":[\"68\"],\"48\":[\"70\"],\"35\":\"Welcome\",\"36\":\"to Kents\",\"37\":\"Ristorante\",\"34\":[\"75\"],\"29\":[\"88\",\"89\"],\"38\":[\"66\"]}}', '2017-05-30 18:57:38', '2017-05-30 18:57:38', 'c4d6c8f9-99ed-485a-9115-1f5fbd9eb42f'),
 ('137', '66', '13', '1', 'en_us', '10', '', '{\"typeId\":\"14\",\"authorId\":null,\"title\":\"Menu\",\"slug\":\"menu-landing-page\",\"postDate\":1488814825,\"expiryDate\":null,\"enabled\":1,\"parentId\":null,\"fields\":{\"1\":\"<p>lorem ipsum dsfmfaldf fdlsm\'fdsa\' dsfdsafsaf<\\/p>\",\"7\":[\"56\"]}}', '2017-05-30 18:59:10', '2017-05-30 18:59:10', '2fbfdae0-f518-4e1b-b934-2c4fe8967a3d'),
 ('138', '66', '13', '1', 'en_us', '11', '', '{\"typeId\":\"14\",\"authorId\":null,\"title\":\"Menu\",\"slug\":\"menu-landing-page\",\"postDate\":1488814825,\"expiryDate\":null,\"enabled\":1,\"parentId\":null,\"fields\":{\"1\":\"<p>lorem ipsum dsfmfaldf fdlsm\'fdsa\' dsfdsafsaf<\\/p>\",\"7\":[\"56\"]}}', '2017-05-31 17:37:08', '2017-05-31 17:37:08', '5dffc21e-990a-4704-a862-4e15d1308c12'),
 ('139', '26', '3', '1', 'en_us', '4', '', '{\"typeId\":\"3\",\"authorId\":\"1\",\"title\":\"Prime Rib\",\"slug\":\"prime-rib\",\"postDate\":1485882360,\"expiryDate\":null,\"enabled\":1,\"parentId\":null,\"fields\":{\"6\":[\"25\"],\"3\":\"Description of the food lorem ipsumsdaasdadslakf;n;fdnasknd dskjnfsd;knfsa\",\"4\":\"\",\"5\":\"20\",\"16\":[\"28\",\"29\"],\"19\":\"\"}}', '2017-05-31 17:39:38', '2017-05-31 17:39:38', '6bc9546e-6347-4b8a-97f5-318407c73497'),
 ('140', '26', '3', '1', 'en_us', '5', '', '{\"typeId\":\"3\",\"authorId\":\"1\",\"title\":\"Prime Rib\",\"slug\":\"prime-rib\",\"postDate\":1485882360,\"expiryDate\":null,\"enabled\":1,\"parentId\":null,\"fields\":{\"6\":[\"25\"],\"3\":\"Description of the food lorem ipsumsdaasdadslakf;n;fdnasknd dskjnfsd;knfsa dsfadsfas sdfasdf dsfafaf sdafsdafdsaf dffds.Lorem ipsum dolor sit amet, consectetur adipiscing elit. Vivamus pulvinar risus est, quis pellentesque eros viverra ac. Sed nec arcu vel ex fermentum blandit eleifend sit amet dui. Nunc gravida tempus turpis. Maecenas odio diam, auctor id ultricies non, ultricies vel metus. Morbi lobortis, magna mollis rhoncus congue, orci quam ullamcorper tellus, a faucibus dolor dolor sed lorem. Proin eget dictum eros, vehicula gravida nunc. Sed dignissim tincidunt metus. Suspendisse commodo molestie nibh vel pulvinar. Curabitur ut eros at arcu mollis vestibulum sit amet in augue. Nunc consequat nulla eget ipsum hendrerit, in rutrum odio sollicitudin. In feugiat consectetur velit.  Suspendisse sit amet dignissim felis. Morbi a mi magna. Morbi orci libero, iaculis eget condimentum a, vulputate vitae risus. Nunc dui velit, elementum ut urna in, pharetra convallis eros. Aliquam iaculis eros vel massa volutpat, ac porttitor ipsum hendrerit. Morbi at metus eu neque scelerisque porttitor. Etiam sem felis, volutpat vitae vestibulum id, consequat luctus sapien. Fusce nec mi ut dolor mattis bibendum. Donec vel pulvinar tortor, non sodales lorem. Praesent euismod urna non tellus malesuada, nec dapibus arcu fringilla.  Ut eu tortor ut metus sollicitudin tempus. Ut mauris urna, placerat quis ultrices vel, dapibus eget purus. Pellentesque congue eleifend justo sed fermentum. Ut luctus aliquet purus et molestie. Suspendisse accumsan est at venenatis faucibus. Pellentesque pulvinar rhoncus porttitor. Donec eget orci elit. Vestibulum faucibus leo non nisi pretium, sit amet bibendum orci feugiat. Cras et lacus sed elit tempus imperdiet.  Aenean lacinia aliquam suscipit. Nam rhoncus commodo massa vitae semper. Ut sapien odio, commodo id turpis sit amet, luctus varius metus. Vivamus quis lorem pellentesque, tempor enim a, viverra enim. Fusce aliquet, turpis fermentum accumsan porta, ex arcu condimentum ligula, vitae sagittis eros sem at arcu. Aliquam porttitor aliquet gravida. Cras varius nec dolor in luctus.  Ut feugiat tortor ac nisi viverra, in porta velit congue. Vestibulum fermentum vehicula consectetur. Etiam fringilla ipsum a diam faucibus lobortis. Proin velit diam, egestas eu arcu sit amet, hendrerit consectetur ipsum. Vestibulum velit ante, egestas in semper vel, sollicitudin eu felis. Donec scelerisque nisi a efficitur scelerisque. Curabitur convallis condimentum ipsum. Phasellus at lacus sed ante commodo elementum nec eget turpis. Suspendisse euismod sed dui sed sagittis. Cras congue, ipsum in volutpat fermentum, purus tellus laoreet enim, in porta mauris sapien faucibus lorem. Vivamus vitae nibh velit. Etiam scelerisque enim sit amet tincidunt laoreet. Nam sed pretium nulla, nec tincidunt libero. Aliquam et neque nec magna vestibulum tempor a quis dolor. Pellentesque dui velit, commodo nec venenatis a, fermentum eget ipsum.  Etiam vitae pellentesque orci, vitae lobortis arcu. Suspendisse non dapibus velit. Vivamus auctor eros vel urna feugiat luctus. Mauris lacinia, ex at imperdiet accumsan, velit arcu elementum felis, eu sollicitudin eros purus a est. Curabitur ultricies tempus lorem ut pulvinar. Ut diam tortor, venenatis in ligula eget, venenatis molestie purus. Proin eu turpis at quam vestibulum ornare. Curabitur a dictum lacus, at elementum quam. Proin convallis leo sit amet laoreet efficitur. In hac habitasse platea dictumst. Morbi egestas at felis ut varius.  Quisque scelerisque neque libero, aliquam dictum urna condimentum eget. Maecenas pretium vitae felis sit amet placerat. Nam ornare eget urna ac condimentum. Morbi in augue id augue lacinia tincidunt eget vel leo. Pellentesque pharetra lacus enim, eu congue lectus lobortis sit amet. Donec tempor elit quis felis consectetur, et tempor elit ultricies. Nunc sit amet turpis felis. Etiam malesuada diam neque, ac auctor urna molestie a. Aenean erat velit, porttitor vel elit nec, maximus dictum lectus. Sed vehicula risus nec est elementum tincidunt. Quisque vitae tellus eget eros faucibus scelerisque. Nulla dapibus, turpis non vestibulum egestas, ex lectus condimentum sem, vitae pharetra mi turpis nec felis. Quisque in massa euismod, varius lectus id, consectetur lacus. In eu mollis odio.  Morbi tristique turpis ac dolor placerat lobortis in sit amet dolor. Nam ac ante arcu. Mauris ligula tortor, consectetur nec turpis facilisis, blandit laoreet enim. Morbi et nisi mattis, ornare massa in, hendrerit libero. Maecenas semper sem vitae leo varius ullamcorper. Sed ex lacus, interdum vel odio vel, imperdiet gravida massa. Vivamus sit amet odio et nunc faucibus consequat eget sed elit. Phasellus maximus aliquam lorem, nec lacinia risus interdum consectetur. Sed aliquam nisl nec pretium venenatis. Nullam mauris arcu, tincidunt molestie velit quis, elementum mattis felis.\",\"4\":\"\",\"5\":\"20\",\"16\":[\"28\",\"29\"],\"19\":\"\"}}', '2017-05-31 17:41:03', '2017-05-31 17:41:03', '18a7d537-a735-4555-8f5f-9d095c5e6667'),
 ('141', '66', '13', '1', 'en_us', '12', '', '{\"typeId\":\"14\",\"authorId\":null,\"title\":\"Menu\",\"slug\":\"menu-landing-page\",\"postDate\":1488814825,\"expiryDate\":null,\"enabled\":1,\"parentId\":null,\"fields\":{\"1\":\"<p>lorem ipsum dsfmfaldf fdlsm\'fdsa\' dsfdsafsaf<\\/p>\",\"7\":[\"88\"]}}', '2017-06-06 15:40:05', '2017-06-06 15:40:05', 'd6cb6bca-4603-419c-b107-b194e0097610'),
 ('142', '90', '2', '1', 'en_us', '1', '', '{\"typeId\":null,\"authorId\":\"1\",\"title\":\"gfdgdfgfdgfd\",\"slug\":\"gfdgdfgfdgfd\",\"postDate\":1496858062,\"expiryDate\":null,\"enabled\":1,\"parentId\":null,\"fields\":{\"1\":\"<p>gfdgfdgdfgdfgfdgdfggfddf<\\/p>\",\"31\":\"1\",\"39\":{\"date\":\"\"},\"2\":\"\"}}', '2017-06-07 17:54:22', '2017-06-07 17:54:22', '64e0ca02-fc0b-4717-84e3-64973860f306'),
 ('143', '90', '2', '1', 'en_us', '2', '', '{\"typeId\":\"2\",\"authorId\":\"1\",\"title\":\"gfdgdfgfdgfd\",\"slug\":\"gfdgdfgfdgfd\",\"postDate\":1496858040,\"expiryDate\":null,\"enabled\":1,\"parentId\":null,\"fields\":{\"1\":\"<p>gfdgfdgdfgdfgfdgdfggfddf<\\/p>\",\"31\":\"1\",\"39\":{\"date\":\"6\\/15\\/2017\"},\"2\":\"\"}}', '2017-06-07 18:23:26', '2017-06-07 18:23:26', '7651943e-a7a5-4027-8f59-0c6c4cf5c525');
INSERT INTO `craft_entryversions` (`id`, `entryId`, `sectionId`, `creatorId`, `locale`, `num`, `notes`, `data`, `dateCreated`, `dateUpdated`, `uid`) VALUES
 ('144', '24', '3', '1', 'en_us', '4', '', '{\"typeId\":\"3\",\"authorId\":\"1\",\"title\":\"Fish Sandwich\",\"slug\":\"fish-sandwich\",\"postDate\":1485882300,\"expiryDate\":null,\"enabled\":1,\"parentId\":null,\"fields\":{\"6\":[\"5\"],\"3\":\"Description of the food\",\"4\":\"\",\"5\":\"15\",\"16\":\"\",\"19\":[\"42\"]}}', '2017-06-07 18:53:57', '2017-06-07 18:53:57', 'd28a9624-d6b3-4f88-97d2-073808585276'),
 ('145', '26', '3', '1', 'en_us', '6', '', '{\"typeId\":\"3\",\"authorId\":\"1\",\"title\":\"Prime Rib\",\"slug\":\"prime-rib\",\"postDate\":1485882360,\"expiryDate\":null,\"enabled\":1,\"parentId\":null,\"fields\":{\"6\":[\"25\"],\"3\":\"Description of the food lorem ipsumsdaasdadslakf;n;fdnasknd dskjnfsd;knfsa dsfadsfas sdfasdf dsfafaf sdafsdafdsaf dffds.Lorem ipsum dolor sit amet, consectetur adipiscing elit. Vivamus pulvinar risus est, quis pellentesque eros viverra ac. Sed nec arcu vel ex fermentum blandit eleifend sit amet dui. Nunc gravida tempus turpis. Maecenas odio diam, auctor id ultricies non, ultricies vel metus. Morbi lobortis, magna mollis rhoncus congue, orci quam ullamcorper tellus, a faucibus dolor dolor sed lorem. Proin eget dictum eros, vehicula gravida nunc. Sed dignissim tincidunt metus. Suspendisse commodo molestie nibh vel pulvinar. Curabitur ut eros at arcu mollis vestibulum sit amet in augue. Nunc consequat nulla eget ipsum hendrerit, in rutrum odio sollicitudin. In feugiat consectetur velit.  Suspendisse sit amet dignissim felis. Morbi a mi magna. Morbi orci libero, iaculis eget condimentum a, vulputate vitae risus. Nunc dui velit, elementum ut urna in, pharetra convallis eros. Aliquam iaculis eros vel massa volutpat, ac porttitor ipsum hendrerit. Morbi at metus eu neque scelerisque porttitor. Etiam sem felis, volutpat vitae vestibulum id, consequat luctus sapien. Fusce nec mi ut dolor mattis bibendum. Donec vel pulvinar tortor, non sodales lorem. Praesent euismod urna non tellus malesuada, nec dapibus arcu fringilla.  Ut eu tortor ut metus sollicitudin tempus. Ut mauris urna, placerat quis ultrices vel, dapibus eget purus. Pellentesque congue eleifend justo sed fermentum. Ut luctus aliquet purus et molestie. Suspendisse accumsan est at venenatis faucibus. Pellentesque pulvinar rhoncus porttitor. Donec eget orci elit. Vestibulum faucibus leo non nisi pretium, sit amet bibendum orci feugiat. Cras et lacus sed elit tempus imperdiet.  Aenean lacinia aliquam suscipit. Nam rhoncus commodo massa vitae semper. Ut sapien odio, commodo id turpis sit amet, luctus varius metus. Vivamus quis lorem pellentesque, tempor enim a, viverra enim. Fusce aliquet, turpis fermentum accumsan porta, ex arcu condimentum ligula, vitae sagittis eros sem at arcu. Aliquam porttitor aliquet gravida. Cras varius nec dolor in luctus.  Ut feugiat tortor ac nisi viverra, in porta velit congue. Vestibulum fermentum vehicula consectetur. Etiam fringilla ipsum a diam faucibus lobortis. Proin velit diam, egestas eu arcu sit amet, hendrerit consectetur ipsum. Vestibulum velit ante, egestas in semper vel, sollicitudin eu felis. Donec scelerisque nisi a efficitur scelerisque. Curabitur convallis condimentum ipsum. Phasellus at lacus sed ante commodo elementum nec eget turpis. Suspendisse euismod sed dui sed sagittis. Cras congue, ipsum in volutpat fermentum, purus tellus laoreet enim, in porta mauris sapien faucibus lorem. Vivamus vitae nibh velit. Etiam scelerisque enim sit amet tincidunt laoreet. Nam sed pretium nulla, nec tincidunt libero. Aliquam et neque nec magna vestibulum tempor a quis dolor. Pellentesque dui velit, commodo nec venenatis a, fermentum eget ipsum.  Etiam vitae pellentesque orci, vitae lobortis arcu. Suspendisse non dapibus velit. Vivamus auctor eros vel urna feugiat luctus. Mauris lacinia, ex at imperdiet accumsan, velit arcu elementum felis, eu sollicitudin eros purus a est. Curabitur ultricies tempus lorem ut pulvinar. Ut diam tortor, venenatis in ligula eget, venenatis molestie purus. Proin eu turpis at quam vestibulum ornare. Curabitur a dictum lacus, at elementum quam. Proin convallis leo sit amet laoreet efficitur. In hac habitasse platea dictumst. Morbi egestas at felis ut varius.  Quisque scelerisque neque libero, aliquam dictum urna condimentum eget. Maecenas pretium vitae felis sit amet placerat. Nam ornare eget urna ac condimentum. Morbi in augue id augue lacinia tincidunt eget vel leo. Pellentesque pharetra lacus enim, eu congue lectus lobortis sit amet. Donec tempor elit quis felis consectetur, et tempor elit ultricies. Nunc sit amet turpis felis. Etiam malesuada diam neque, ac auctor urna molestie a. Aenean erat velit, porttitor vel elit nec, maximus dictum lectus. Sed vehicula risus nec est elementum tincidunt. Quisque vitae tellus eget eros faucibus scelerisque. Nulla dapibus, turpis non vestibulum egestas, ex lectus condimentum sem, vitae pharetra mi turpis nec felis. Quisque in massa euismod, varius lectus id, consectetur lacus. In eu mollis odio.  Morbi tristique turpis ac dolor placerat lobortis in sit amet dolor. Nam ac ante arcu. Mauris ligula tortor, consectetur nec turpis facilisis, blandit laoreet enim. Morbi et nisi mattis, ornare massa in, hendrerit libero. Maecenas semper sem vitae leo varius ullamcorper. Sed ex lacus, interdum vel odio vel, imperdiet gravida massa. Vivamus sit amet odio et nunc faucibus consequat eget sed elit. Phasellus maximus aliquam lorem, nec lacinia risus interdum consectetur. Sed aliquam nisl nec pretium venenatis. Nullam mauris arcu, tincidunt molestie velit quis, elementum mattis felis.\",\"4\":\"\",\"5\":\"20\",\"16\":[\"28\",\"29\"],\"19\":[\"42\"]}}', '2017-06-07 18:54:09', '2017-06-07 18:54:09', 'c55588c0-cb0f-4eda-87db-300575438e89');



DROP TABLE IF EXISTS `craft_fieldgroups`;


--
-- Schema for table `craft_fieldgroups`
--
CREATE TABLE `craft_fieldgroups` (
  `id` int(11) NOT NULL AUTO_INCREMENT,
  `name` varchar(255) COLLATE utf8_unicode_ci NOT NULL,
  `dateCreated` datetime NOT NULL,
  `dateUpdated` datetime NOT NULL,
  `uid` char(36) COLLATE utf8_unicode_ci NOT NULL DEFAULT '0',
  PRIMARY KEY (`id`),
  UNIQUE KEY `craft_fieldgroups_name_unq_idx` (`name`)
) ENGINE=InnoDB AUTO_INCREMENT=4 DEFAULT CHARSET=utf8 COLLATE=utf8_unicode_ci;

--
-- Data for table `craft_fieldgroups`
--

INSERT INTO `craft_fieldgroups` (`id`, `name`, `dateCreated`, `dateUpdated`, `uid`) VALUES
 ('1', 'Default', '2017-01-24 03:51:11', '2017-01-24 03:51:11', '8893de67-7dd4-4df8-b879-c708831c5816'),
 ('2', 'Menu', '2017-03-21 15:31:46', '2017-03-21 15:31:46', 'ffb7b532-0fc4-413b-b47c-5dbefcba5579'),
 ('3', 'Homepage', '2017-03-21 15:33:13', '2017-03-21 15:33:13', '3fe6e08d-0025-4365-a4a5-a27a33477411');



DROP TABLE IF EXISTS `craft_fieldlayoutfields`;


--
-- Schema for table `craft_fieldlayoutfields`
--
CREATE TABLE `craft_fieldlayoutfields` (
  `id` int(11) NOT NULL AUTO_INCREMENT,
  `layoutId` int(11) NOT NULL,
  `tabId` int(11) NOT NULL,
  `fieldId` int(11) NOT NULL,
  `required` tinyint(1) unsigned NOT NULL DEFAULT '0',
  `sortOrder` smallint(6) unsigned DEFAULT NULL,
  `dateCreated` datetime NOT NULL,
  `dateUpdated` datetime NOT NULL,
  `uid` char(36) COLLATE utf8_unicode_ci NOT NULL DEFAULT '0',
  PRIMARY KEY (`id`),
  UNIQUE KEY `craft_fieldlayoutfields_layoutId_fieldId_unq_idx` (`layoutId`,`fieldId`),
  KEY `craft_fieldlayoutfields_sortOrder_idx` (`sortOrder`),
  KEY `craft_fieldlayoutfields_tabId_fk` (`tabId`),
  KEY `craft_fieldlayoutfields_fieldId_fk` (`fieldId`)
) ENGINE=InnoDB AUTO_INCREMENT=233 DEFAULT CHARSET=utf8 COLLATE=utf8_unicode_ci;

--
-- Data for table `craft_fieldlayoutfields`
--

INSERT INTO `craft_fieldlayoutfields` (`id`, `layoutId`, `tabId`, `fieldId`, `required`, `sortOrder`, `dateCreated`, `dateUpdated`, `uid`) VALUES
 ('15', '20', '8', '9', '0', '1', '2017-01-24 16:32:41', '2017-01-24 16:32:41', 'a05ed768-e1f4-43e2-8181-849eaf2f03e8'),
 ('49', '43', '24', '13', '0', '1', '2017-02-02 17:36:12', '2017-02-02 17:36:12', 'c8fa066e-8935-47c1-9655-323fcbaa96d7'),
 ('50', '44', '25', '14', '0', '1', '2017-02-02 17:36:12', '2017-02-02 17:36:12', 'b90bf933-4b0a-4982-b71e-3066cc5bf8ac'),
 ('109', '75', '44', '26', '0', '1', '2017-02-14 16:27:16', '2017-02-14 16:27:16', '3c0648ba-1cb6-4ce7-9ae3-30dad37e46e1'),
 ('110', '75', '44', '27', '0', '2', '2017-02-14 16:27:16', '2017-02-14 16:27:16', '7e4ea312-f076-4b38-b937-c42cfe1ec3d5'),
 ('138', '83', '52', '33', '0', '1', '2017-03-06 15:32:33', '2017-03-06 15:32:33', 'e0bbd32b-cebb-4119-b2cd-9d84f7edb71b'),
 ('164', '91', '59', '1', '1', '1', '2017-03-14 16:28:00', '2017-03-14 16:28:00', '01ca1bf7-20be-4782-852d-3e74970f87ce'),
 ('165', '91', '59', '2', '0', '2', '2017-03-14 16:28:00', '2017-03-14 16:28:00', '5f5c1acf-1a78-4ada-9b19-935bcd4668a6'),
 ('166', '91', '59', '31', '0', '3', '2017-03-14 16:28:00', '2017-03-14 16:28:00', 'd1a22137-7e38-4819-993a-9a1336b6685a'),
 ('167', '91', '59', '39', '0', '4', '2017-03-14 16:28:00', '2017-03-14 16:28:00', '72d9f8a9-d7b7-4153-9bda-13daa9016724'),
 ('168', '92', '60', '23', '0', '1', '2017-03-14 16:28:41', '2017-03-14 16:28:41', '77c6e2bf-7533-47b5-a9a2-b41ba6ac909b'),
 ('169', '92', '60', '21', '0', '2', '2017-03-14 16:28:41', '2017-03-14 16:28:41', '976460cb-e014-43cd-8d80-807dfb247511'),
 ('170', '92', '60', '22', '0', '3', '2017-03-14 16:28:41', '2017-03-14 16:28:41', 'fd9759c0-614f-464c-9e39-a7ca6c6d648d'),
 ('171', '92', '60', '8', '0', '4', '2017-03-14 16:28:41', '2017-03-14 16:28:41', '387f82b8-88bf-4503-bb27-474727502146'),
 ('172', '92', '60', '40', '0', '5', '2017-03-14 16:28:41', '2017-03-14 16:28:41', '0cc701c4-5aaf-4ea1-b88e-116d0631ec7e'),
 ('177', '94', '62', '8', '0', '1', '2017-03-21 15:49:21', '2017-03-21 15:49:21', 'aa6ea3a3-4d6a-4536-8977-182bccdf56ae'),
 ('178', '94', '62', '7', '0', '2', '2017-03-21 15:49:21', '2017-03-21 15:49:21', '44da9c73-9bcc-40a3-a8bd-ed5727bf1943'),
 ('179', '94', '62', '32', '0', '3', '2017-03-21 15:49:21', '2017-03-21 15:49:21', '232c4278-c05e-4292-9524-06b3b10d499a'),
 ('180', '94', '62', '41', '0', '4', '2017-03-21 15:49:21', '2017-03-21 15:49:21', '5cfd182a-1d15-4ce0-80fa-542439883785'),
 ('181', '94', '62', '42', '0', '5', '2017-03-21 15:49:21', '2017-03-21 15:49:21', '2853e0d4-fe71-49cb-99cb-451e1fd8dc05'),
 ('182', '94', '62', '43', '0', '6', '2017-03-21 15:49:21', '2017-03-21 15:49:21', '888cc61a-cf15-4235-9e38-cb5020e71999'),
 ('183', '94', '62', '44', '0', '7', '2017-03-21 15:49:21', '2017-03-21 15:49:21', 'e57da377-72b4-4899-8ead-3ea7aed9b27a'),
 ('184', '94', '62', '46', '0', '8', '2017-03-21 15:49:21', '2017-03-21 15:49:21', '7bf9facd-c691-42fc-9877-f279c7af0abf'),
 ('185', '94', '62', '45', '0', '9', '2017-03-21 15:49:21', '2017-03-21 15:49:21', 'abfc10aa-1c59-4936-b0ae-0b3e34f66100'),
 ('186', '95', '63', '1', '1', '1', '2017-04-14 14:01:41', '2017-04-14 14:01:41', '751d137a-e63b-4a70-88e8-9c8a75aaa402'),
 ('187', '95', '63', '7', '0', '2', '2017-04-14 14:01:41', '2017-04-14 14:01:41', '1aa4a766-a5d3-477a-9cf5-9b2185b37c00'),
 ('188', '95', '63', '29', '0', '3', '2017-04-14 14:01:41', '2017-04-14 14:01:41', '5822924c-f3dd-4c53-92aa-0b199704e676'),
 ('189', '95', '63', '34', '0', '4', '2017-04-14 14:01:41', '2017-04-14 14:01:41', '610875f7-745b-467b-928e-4a8fdda9238c'),
 ('190', '95', '63', '35', '0', '5', '2017-04-14 14:01:41', '2017-04-14 14:01:41', '8dd72ac1-fe2d-49ba-8a7b-3a2806fa9870'),
 ('191', '95', '63', '36', '0', '6', '2017-04-14 14:01:41', '2017-04-14 14:01:41', '905d0c2e-6889-45e0-b3d4-0aa29c5eabeb'),
 ('192', '95', '63', '37', '0', '7', '2017-04-14 14:01:41', '2017-04-14 14:01:41', '7f5c0ad1-dea2-4fd1-acb7-8e00b6113c29'),
 ('193', '95', '63', '38', '0', '8', '2017-04-14 14:01:41', '2017-04-14 14:01:41', 'a00e6b8a-d451-4fd8-a466-7039c4f4dea8'),
 ('194', '95', '63', '47', '0', '9', '2017-04-14 14:01:41', '2017-04-14 14:01:41', '2cc8763f-888e-4319-844b-37feda0c4e2f'),
 ('195', '95', '63', '48', '0', '10', '2017-04-14 14:01:41', '2017-04-14 14:01:41', '9ce8bda0-153f-4ee3-a71a-21387a0a95b2'),
 ('201', '97', '65', '6', '0', '1', '2017-05-12 14:46:46', '2017-05-12 14:46:46', 'f3af2087-3d6d-4720-b90c-90443455c9ca'),
 ('202', '97', '65', '3', '0', '2', '2017-05-12 14:46:46', '2017-05-12 14:46:46', 'c4034f22-847b-44bc-9910-789cb9ea8d96'),
 ('203', '97', '65', '5', '0', '3', '2017-05-12 14:46:46', '2017-05-12 14:46:46', 'e6990b85-349b-4915-8d9f-67f01462c01a'),
 ('204', '97', '65', '4', '0', '4', '2017-05-12 14:46:46', '2017-05-12 14:46:46', '04b49039-060a-45e0-97d0-abc2c26a236b'),
 ('205', '97', '65', '16', '0', '5', '2017-05-12 14:46:46', '2017-05-12 14:46:46', '1416f4a6-174b-4232-b8c7-1b0ed9a6db09'),
 ('206', '97', '65', '19', '0', '6', '2017-05-12 14:46:46', '2017-05-12 14:46:46', '7b266e05-75f8-4248-a169-f6aae671c3be'),
 ('222', '101', '69', '24', '0', '1', '2017-05-12 16:00:50', '2017-05-12 16:00:50', 'e42a0678-7921-44a4-8658-45ca18790e48'),
 ('223', '101', '69', '23', '0', '2', '2017-05-12 16:00:50', '2017-05-12 16:00:50', '3f4cbf44-86e6-4be1-af1d-de08329b7187'),
 ('224', '101', '69', '25', '0', '3', '2017-05-12 16:00:50', '2017-05-12 16:00:50', '86d1664c-d3f9-458f-9d28-dae45a1e291c'),
 ('225', '101', '69', '7', '0', '4', '2017-05-12 16:00:50', '2017-05-12 16:00:50', '586714b8-7de6-4271-bef2-b557aa443636'),
 ('226', '102', '70', '8', '0', '1', '2017-05-12 16:02:27', '2017-05-12 16:02:27', 'a772e5a8-8094-4afd-9a78-13fdbcd4a7bc'),
 ('227', '102', '70', '1', '0', '2', '2017-05-12 16:02:27', '2017-05-12 16:02:27', '4c2b1ede-91ad-4438-8242-340fa106f846'),
 ('228', '102', '70', '7', '0', '3', '2017-05-12 16:02:27', '2017-05-12 16:02:27', '3399d02a-8a4e-4608-a21b-26f63cc6caac'),
 ('229', '102', '70', '29', '0', '4', '2017-05-12 16:02:27', '2017-05-12 16:02:27', '356e891b-2b46-4ace-9a9a-9988245bb067'),
 ('230', '102', '70', '30', '0', '5', '2017-05-12 16:02:27', '2017-05-12 16:02:27', '760f425e-4fad-4ca3-b82b-945ca6b9ee33'),
 ('231', '103', '71', '1', '0', '1', '2017-05-30 18:58:51', '2017-05-30 18:58:51', '21fe9fef-6fc5-4329-b803-2d490d28ad14'),
 ('232', '103', '71', '7', '0', '2', '2017-05-30 18:58:51', '2017-05-30 18:58:51', '1908cc89-3d5f-4c5a-acb4-2b91c4d864ee');



DROP TABLE IF EXISTS `craft_fieldlayouts`;


--
-- Schema for table `craft_fieldlayouts`
--
CREATE TABLE `craft_fieldlayouts` (
  `id` int(11) NOT NULL AUTO_INCREMENT,
  `type` varchar(150) COLLATE utf8_unicode_ci NOT NULL,
  `dateCreated` datetime NOT NULL,
  `dateUpdated` datetime NOT NULL,
  `uid` char(36) COLLATE utf8_unicode_ci NOT NULL DEFAULT '0',
  PRIMARY KEY (`id`),
  KEY `craft_fieldlayouts_type_idx` (`type`)
) ENGINE=InnoDB AUTO_INCREMENT=104 DEFAULT CHARSET=utf8 COLLATE=utf8_unicode_ci;

--
-- Data for table `craft_fieldlayouts`
--

INSERT INTO `craft_fieldlayouts` (`id`, `type`, `dateCreated`, `dateUpdated`, `uid`) VALUES
 ('1', 'Tag', '2017-01-24 03:51:11', '2017-01-24 03:51:11', '7ba0c133-2f49-418e-8f01-055b85b4fb6c'),
 ('20', 'GlobalSet', '2017-01-24 16:32:41', '2017-01-24 16:32:41', 'df3c2f82-86af-4b9b-9151-1276f92ab749'),
 ('21', 'Asset', '2017-01-24 16:41:40', '2017-01-24 16:41:40', 'ffc60805-2ac4-4af4-94fa-26bbb6cbaa23'),
 ('33', 'Category', '2017-01-31 16:08:26', '2017-01-31 16:08:26', 'cdf38f0a-31d1-4b8a-9134-6c8bc2fae2ce'),
 ('34', 'Category', '2017-01-31 16:39:09', '2017-01-31 16:39:09', '2af99af7-d7ad-4a82-9cc4-56785b656996'),
 ('43', 'MatrixBlock', '2017-02-02 17:36:12', '2017-02-02 17:36:12', '4ddca364-fa76-4023-8b90-ac3019c1d5b6'),
 ('44', 'MatrixBlock', '2017-02-02 17:36:12', '2017-02-02 17:36:12', 'ddac4f54-c481-4876-a944-bf4678ce1112'),
 ('46', 'Category', '2017-02-02 17:36:56', '2017-02-02 17:36:56', 'bebd0d1c-64ec-4106-8381-dbb6f86aab25'),
 ('58', 'Category', '2017-02-09 17:10:03', '2017-02-09 17:10:03', '29e96098-ac77-4563-8232-ad5103dc6f82'),
 ('75', 'Entry', '2017-02-14 16:27:16', '2017-02-14 16:27:16', 'e38f44e3-1a2d-4ea6-92a9-808ffbaa1c2c'),
 ('83', 'Category', '2017-03-06 15:32:33', '2017-03-06 15:32:33', 'eaa18952-b619-44ae-be9b-116a7c7bac62'),
 ('91', 'Entry', '2017-03-14 16:28:00', '2017-03-14 16:28:00', '29131e77-a217-430a-a308-03461902c42f'),
 ('92', 'GlobalSet', '2017-03-14 16:28:41', '2017-03-14 16:28:41', 'a3bfcec9-0a8f-40e7-a21f-8507b628ffa5'),
 ('94', 'Entry', '2017-03-21 15:49:21', '2017-03-21 15:49:21', '06ae04e5-4ef2-4829-ad27-b197afe1aaf7'),
 ('95', 'Entry', '2017-04-14 14:01:41', '2017-04-14 14:01:41', 'be566bbb-0524-49d0-bd41-d6004ca1f986'),
 ('97', 'Entry', '2017-05-12 14:46:46', '2017-05-12 14:46:46', '3cd398fc-c33e-4502-928c-143b48216d24'),
 ('101', 'Entry', '2017-05-12 16:00:50', '2017-05-12 16:00:50', 'cfa3ab82-ecb0-42e8-b079-f2cee3ae1ce7'),
 ('102', 'Entry', '2017-05-12 16:02:27', '2017-05-12 16:02:27', 'd1efcf3c-9c71-4f0b-b90c-48b4e8941dd3'),
 ('103', 'Entry', '2017-05-30 18:58:51', '2017-05-30 18:58:51', 'c34bc2ca-e691-4a17-9e75-217a4cdf90d3');



DROP TABLE IF EXISTS `craft_fieldlayouttabs`;


--
-- Schema for table `craft_fieldlayouttabs`
--
CREATE TABLE `craft_fieldlayouttabs` (
  `id` int(11) NOT NULL AUTO_INCREMENT,
  `layoutId` int(11) NOT NULL,
  `name` varchar(255) COLLATE utf8_unicode_ci NOT NULL,
  `sortOrder` smallint(6) unsigned DEFAULT NULL,
  `dateCreated` datetime NOT NULL,
  `dateUpdated` datetime NOT NULL,
  `uid` char(36) COLLATE utf8_unicode_ci NOT NULL DEFAULT '0',
  PRIMARY KEY (`id`),
  KEY `craft_fieldlayouttabs_sortOrder_idx` (`sortOrder`),
  KEY `craft_fieldlayouttabs_layoutId_fk` (`layoutId`)
) ENGINE=InnoDB AUTO_INCREMENT=72 DEFAULT CHARSET=utf8 COLLATE=utf8_unicode_ci;

--
-- Data for table `craft_fieldlayouttabs`
--

INSERT INTO `craft_fieldlayouttabs` (`id`, `layoutId`, `name`, `sortOrder`, `dateCreated`, `dateUpdated`, `uid`) VALUES
 ('8', '20', 'Content', '1', '2017-01-24 16:32:41', '2017-01-24 16:32:41', '5665ebe0-dfac-43a2-950e-1ca0aac9e918'),
 ('24', '43', 'Content', '1', '2017-02-02 17:36:12', '2017-02-02 17:36:12', '0467fe49-531b-4b01-94b0-ebd49cd81c8d'),
 ('25', '44', 'Content', '1', '2017-02-02 17:36:12', '2017-02-02 17:36:12', '45548723-a916-4413-bf40-99de30ed2cd8'),
 ('44', '75', 'Tab 1', '1', '2017-02-14 16:27:16', '2017-02-14 16:27:16', '712fc72e-d02e-4023-95a5-e8e96ddf7545'),
 ('52', '83', 'Tab 1', '1', '2017-03-06 15:32:33', '2017-03-06 15:32:33', '7db48e6e-fce1-4ddb-a148-81b918b7c9cd'),
 ('59', '91', 'Content', '1', '2017-03-14 16:28:00', '2017-03-14 16:28:00', '68542bbb-22f8-4c4c-a89d-195439cf3e63'),
 ('60', '92', 'Content', '1', '2017-03-14 16:28:41', '2017-03-14 16:28:41', '728c46b0-ce40-4347-8143-104257294e6a'),
 ('62', '94', 'Tab 1', '1', '2017-03-21 15:49:21', '2017-03-21 15:49:21', '3d8c424a-d7b5-4dc4-bbbb-e048329922f9'),
 ('63', '95', 'Content', '1', '2017-04-14 14:01:41', '2017-04-14 14:01:41', '46ff9fc4-89d0-4e63-ba10-e7b5e4fd06ea'),
 ('65', '97', 'Tab 1', '1', '2017-05-12 14:46:46', '2017-05-12 14:46:46', '2e1031d6-f9e5-45f6-bdb3-e497c831ae52'),
 ('69', '101', 'Tab 1', '1', '2017-05-12 16:00:50', '2017-05-12 16:00:50', '60a73a58-862e-4b48-8a9d-76073664c441'),
 ('70', '102', 'Tab 1', '1', '2017-05-12 16:02:27', '2017-05-12 16:02:27', 'b0df4613-e670-4afe-a199-8530fb54e53b'),
 ('71', '103', 'Tab 1', '1', '2017-05-30 18:58:51', '2017-05-30 18:58:51', '97ebe7cc-da8c-45cb-89de-a91b7b2d636f');



DROP TABLE IF EXISTS `craft_fields`;


--
-- Schema for table `craft_fields`
--
CREATE TABLE `craft_fields` (
  `id` int(11) NOT NULL AUTO_INCREMENT,
  `groupId` int(11) DEFAULT NULL,
  `name` varchar(255) COLLATE utf8_unicode_ci NOT NULL,
  `handle` varchar(58) COLLATE utf8_unicode_ci NOT NULL,
  `context` varchar(255) COLLATE utf8_unicode_ci NOT NULL DEFAULT 'global',
  `instructions` text COLLATE utf8_unicode_ci,
  `translatable` tinyint(1) unsigned NOT NULL DEFAULT '0',
  `type` varchar(150) COLLATE utf8_unicode_ci NOT NULL,
  `settings` text COLLATE utf8_unicode_ci,
  `dateCreated` datetime NOT NULL,
  `dateUpdated` datetime NOT NULL,
  `uid` char(36) COLLATE utf8_unicode_ci NOT NULL DEFAULT '0',
  PRIMARY KEY (`id`),
  UNIQUE KEY `craft_fields_handle_context_unq_idx` (`handle`,`context`),
  KEY `craft_fields_context_idx` (`context`),
  KEY `craft_fields_groupId_fk` (`groupId`)
) ENGINE=InnoDB AUTO_INCREMENT=49 DEFAULT CHARSET=utf8 COLLATE=utf8_unicode_ci;

--
-- Data for table `craft_fields`
--

INSERT INTO `craft_fields` (`id`, `groupId`, `name`, `handle`, `context`, `instructions`, `translatable`, `type`, `settings`, `dateCreated`, `dateUpdated`, `uid`) VALUES
 ('1', '1', 'Body', 'body', 'global', NULL, '1', 'RichText', '{\"configFile\":\"Standard.json\",\"columnType\":\"text\"}', '2017-01-24 03:51:11', '2017-01-24 03:51:11', '31dbf5d1-3032-447f-b95a-eea41f31b854'),
 ('2', '1', 'Tags', 'tags', 'global', NULL, '0', 'Tags', '{\"source\":\"taggroup:1\"}', '2017-01-24 03:51:11', '2017-01-24 03:51:11', '068215aa-1988-4a9e-bc64-a2aa6576e9d8'),
 ('3', '2', 'Food Description', 'foodDescription', 'global', '', '0', 'PlainText', '{\"placeholder\":\"\",\"maxLength\":\"\",\"multiline\":\"\",\"initialRows\":\"4\"}', '2017-01-24 15:28:40', '2017-03-21 15:32:21', '8be5fbdf-49a5-45bc-aec5-c741b1c092bd'),
 ('4', '2', 'Food Picture', 'foodPicture', 'global', '', '0', 'Assets', '{\"useSingleFolder\":\"\",\"sources\":\"*\",\"defaultUploadLocationSource\":\"1\",\"defaultUploadLocationSubpath\":\"\",\"singleUploadLocationSource\":\"1\",\"singleUploadLocationSubpath\":\"\",\"restrictFiles\":\"\",\"limit\":\"\",\"viewMode\":\"list\",\"selectionLabel\":\"\"}', '2017-01-24 15:29:13', '2017-03-21 15:32:30', 'ef17cbd7-5bed-447a-a1c7-b59650dcab6a'),
 ('5', '2', 'Food Price', 'foodPrice', 'global', '', '0', 'Number', '{\"min\":\"0\",\"max\":\"\",\"decimals\":\"2\"}', '2017-01-24 15:29:42', '2017-03-21 15:32:39', 'a02b41a5-851e-43e3-84d3-6a7f403ad91c'),
 ('6', '2', 'Food Category', 'foodCategory', 'global', '', '0', 'Categories', '{\"source\":\"group:1\",\"limit\":\"\",\"selectionLabel\":\"\"}', '2017-01-24 15:32:06', '2017-03-21 15:32:10', '945c71c2-7119-4434-a6e0-518ca2265cdb'),
 ('7', '1', 'Feature Image', 'featureImage', 'global', '', '0', 'Assets', '{\"useSingleFolder\":\"\",\"sources\":\"*\",\"defaultUploadLocationSource\":\"1\",\"defaultUploadLocationSubpath\":\"\",\"singleUploadLocationSource\":\"1\",\"singleUploadLocationSubpath\":\"\",\"restrictFiles\":\"\",\"limit\":\"\",\"viewMode\":\"list\",\"selectionLabel\":\"\"}', '2017-01-24 16:05:21', '2017-01-24 16:05:21', 'd5727815-3603-4009-a9a5-2a5e4141a207'),
 ('8', '1', 'Basic Text', 'basicText', 'global', '', '0', 'PlainText', '{\"placeholder\":\"\",\"maxLength\":\"\",\"multiline\":\"\",\"initialRows\":\"4\"}', '2017-01-24 16:30:40', '2017-01-24 16:30:40', 'f40924e3-c7a8-4f1f-a060-63b66074a0ed'),
 ('9', '1', 'Logo', 'logo', 'global', '', '0', 'Assets', '{\"useSingleFolder\":\"\",\"sources\":\"*\",\"defaultUploadLocationSource\":\"1\",\"defaultUploadLocationSubpath\":\"\",\"singleUploadLocationSource\":\"1\",\"singleUploadLocationSubpath\":\"\",\"restrictFiles\":\"\",\"limit\":\"\",\"viewMode\":\"list\",\"selectionLabel\":\"\"}', '2017-01-24 16:32:02', '2017-01-24 16:32:02', '0ad04739-00e1-4585-9510-a97fe34c07d9'),
 ('10', '1', 'Special Description', 'specialDescription', 'global', 'This Field should only be filled out for the first entry in each special category ', '0', 'RichText', '{\"configFile\":\"\",\"availableAssetSources\":\"*\",\"availableTransforms\":\"*\",\"cleanupHtml\":\"1\",\"purifyHtml\":\"1\",\"columnType\":\"text\"}', '2017-01-31 15:50:54', '2017-01-31 15:50:54', 'be675f47-9890-4ea7-98b4-48c470d8876b'),
 ('11', '1', 'Special Category', 'specialCategory', 'global', '', '0', 'Categories', '{\"source\":\"group:2\",\"limit\":\"\",\"selectionLabel\":\"\"}', '2017-01-31 16:39:36', '2017-01-31 16:39:36', '1c3c2560-1323-48f3-9573-db80a5519cd4'),
 ('12', '1', 'Content Blocks', 'contentBlocks', 'global', '', '0', 'Matrix', '{\"maxBlocks\":null}', '2017-02-02 17:36:12', '2017-02-02 17:36:12', 'cec53cbf-abb9-4a00-b159-a4fe63ec751d'),
 ('13', NULL, 'Text Block', 'textBlock', 'matrixBlockType:1', '', '0', 'RichText', '{\"configFile\":\"\",\"availableAssetSources\":\"*\",\"availableTransforms\":\"*\",\"cleanupHtml\":\"1\",\"purifyHtml\":\"1\",\"columnType\":\"text\"}', '2017-02-02 17:36:12', '2017-02-02 17:36:12', '0fa810ef-b0e9-446a-a6f5-458e7285c62b'),
 ('14', NULL, 'Image File', 'imageFile', 'matrixBlockType:2', '', '0', 'Assets', '{\"useSingleFolder\":\"\",\"sources\":\"*\",\"defaultUploadLocationSource\":\"1\",\"defaultUploadLocationSubpath\":\"\",\"singleUploadLocationSource\":\"1\",\"singleUploadLocationSubpath\":\"\",\"restrictFiles\":\"\",\"limit\":\"\",\"viewMode\":\"list\",\"selectionLabel\":\"\"}', '2017-02-02 17:36:12', '2017-02-02 17:36:12', '173bb0b2-765a-4b92-8b1b-4285c895761a'),
 ('15', '2', 'Drink Category', 'drinkCategory', 'global', '', '0', 'Categories', '{\"source\":\"group:4\",\"limit\":\"\",\"selectionLabel\":\"\"}', '2017-02-02 17:38:13', '2017-03-21 15:32:01', '6634c1c5-2aa9-4459-8bc1-c791467c7925'),
 ('16', '2', 'Menu Category', 'menuCategory', 'global', '', '0', 'Categories', '{\"source\":\"group:3\",\"limit\":\"\",\"selectionLabel\":\"\"}', '2017-02-02 17:40:07', '2017-03-21 15:32:54', '50682230-99ed-48b0-a21d-cb285a7241db'),
 ('17', '1', 'Menu Items', 'menuItems', 'global', '', '0', 'Entries', '{\"sources\":[\"section:3\"],\"limit\":\"\",\"selectionLabel\":\"\"}', '2017-02-02 17:41:20', '2017-02-02 17:41:20', '024e2cf7-652f-4251-853a-9ccd8be3b786'),
 ('18', '1', 'Drink Items', 'drinkItems', 'global', '', '0', 'Entries', '{\"sources\":[\"section:10\"],\"limit\":\"\",\"selectionLabel\":\"\"}', '2017-02-02 17:41:36', '2017-02-02 17:41:36', '571a165d-5651-4896-90e2-d1e387a1ff17'),
 ('19', '1', 'Special Date', 'specialDate', 'global', '', '0', 'Categories', '{\"source\":\"group:5\",\"limit\":\"\",\"selectionLabel\":\"\"}', '2017-02-07 17:43:49', '2017-02-09 17:10:47', '146fbfd4-58ff-43c3-ac47-2d95a1a8911e'),
 ('20', '1', 'Special Light Switch', 'specialLightSwitch', 'global', '', '0', 'Lightswitch', '{\"default\":\"1\"}', '2017-02-13 14:45:24', '2017-02-13 14:45:24', '7eb30f40-a58c-42ae-8648-e1569c413111'),
 ('21', '1', 'email', 'email', 'global', '', '0', 'PlainText', '{\"placeholder\":\"\",\"maxLength\":\"\",\"multiline\":\"\",\"initialRows\":\"4\"}', '2017-02-13 14:45:41', '2017-02-13 14:45:41', '6f6a4e16-833c-4ab4-9beb-2b908891fbb3'),
 ('22', '1', 'Hours', 'hours', 'global', '', '0', 'Table', '{\"columns\":{\"col1\":{\"heading\":\"Day of Week\",\"handle\":\"dayOfWeek\",\"width\":\"\",\"type\":\"singleline\"},\"col2\":{\"heading\":\"Hours\",\"handle\":\"hours\",\"width\":\"\",\"type\":\"singleline\"}},\"defaults\":{\"row1\":{\"col1\":\"\",\"col2\":\"\"}}}', '2017-02-13 14:46:33', '2017-02-13 14:46:33', '6b49f53b-7686-4323-87aa-360bd1678631'),
 ('23', '1', 'Phone Number', 'phoneNumber', 'global', '', '0', 'PlainText', '{\"placeholder\":\"\",\"maxLength\":\"\",\"multiline\":\"\",\"initialRows\":\"4\"}', '2017-02-13 14:47:12', '2017-02-13 14:47:12', 'c1a2a2f9-9bf3-429d-a98a-bf67bb5c04d1'),
 ('24', '1', 'Reservation Info', 'reservationInfo', 'global', '', '0', 'PlainText', '{\"placeholder\":\"\",\"maxLength\":\"\",\"multiline\":\"\",\"initialRows\":\"4\"}', '2017-02-13 14:47:51', '2017-02-13 14:47:51', '791d2bc9-745a-464d-9b97-e0c50dbe0a37'),
 ('25', '1', 'Private Party/Event', 'privateParty', 'global', '', '0', 'RichText', '{\"configFile\":\"\",\"availableAssetSources\":\"*\",\"availableTransforms\":\"*\",\"cleanupHtml\":\"1\",\"purifyHtml\":\"1\",\"columnType\":\"text\"}', '2017-02-13 14:48:23', '2017-02-13 14:48:23', 'be0adf19-afc2-4784-be8d-b10bd0add51d'),
 ('26', '1', 'Team Member Bio', 'teamMemberBio', 'global', '', '0', 'RichText', '{\"configFile\":\"\",\"availableAssetSources\":\"*\",\"availableTransforms\":\"*\",\"cleanupHtml\":\"1\",\"purifyHtml\":\"1\",\"columnType\":\"text\"}', '2017-02-14 15:23:25', '2017-02-14 15:23:34', '060d531a-8476-4cc6-aea5-7b3c3523c0b2'),
 ('27', '1', 'Team Member Photo', 'teamMemberPhoto', 'global', '', '0', 'Assets', '{\"useSingleFolder\":\"\",\"sources\":\"*\",\"defaultUploadLocationSource\":\"1\",\"defaultUploadLocationSubpath\":\"\",\"singleUploadLocationSource\":\"1\",\"singleUploadLocationSubpath\":\"\",\"restrictFiles\":\"\",\"limit\":\"\",\"viewMode\":\"list\",\"selectionLabel\":\"\"}', '2017-02-14 15:23:40', '2017-02-14 15:24:12', 'afe4abf6-09f2-41d5-8fae-a3f23a5034bc'),
 ('28', '1', 'map', 'map', 'global', '', '0', 'Assets', '{\"useSingleFolder\":\"\",\"sources\":\"*\",\"defaultUploadLocationSource\":\"1\",\"defaultUploadLocationSubpath\":\"\",\"singleUploadLocationSource\":\"1\",\"singleUploadLocationSubpath\":\"\",\"restrictFiles\":\"\",\"limit\":\"\",\"viewMode\":\"list\",\"selectionLabel\":\"\"}', '2017-02-14 15:24:27', '2017-02-14 15:24:27', 'bb5708bb-be31-410f-8f16-ce70d3ec4a49'),
 ('29', '1', 'Photo Gallery', 'photoGallery', 'global', '', '0', 'Assets', '{\"useSingleFolder\":\"\",\"sources\":\"*\",\"defaultUploadLocationSource\":\"1\",\"defaultUploadLocationSubpath\":\"\",\"singleUploadLocationSource\":\"1\",\"singleUploadLocationSubpath\":\"\",\"restrictFiles\":\"\",\"limit\":\"\",\"viewMode\":\"list\",\"selectionLabel\":\"\"}', '2017-02-14 15:27:46', '2017-02-14 15:30:55', 'e1e41dce-a4a5-4078-a88a-6bf619a91b28'),
 ('30', '1', 'About for Homepage', 'aboutForHomepage', 'global', '', '0', 'RichText', '{\"configFile\":\"\",\"availableAssetSources\":\"*\",\"availableTransforms\":\"*\",\"cleanupHtml\":\"1\",\"purifyHtml\":\"1\",\"columnType\":\"text\"}', '2017-02-21 14:22:23', '2017-02-21 14:22:23', '81fe6819-bb63-43cf-ba14-0193b007fa39'),
 ('31', '1', 'Current Lightswitch', 'currentLightswitch', 'global', '', '0', 'Lightswitch', '{\"default\":\"1\"}', '2017-02-27 15:03:38', '2017-02-27 15:03:38', 'a0ae30f8-f790-45d5-8695-efdaa388d6f2'),
 ('32', '1', 'Interactive Map', 'interactiveMap', 'global', '', '0', 'PlainText', '{\"placeholder\":\"\",\"maxLength\":\"\",\"multiline\":\"\",\"initialRows\":\"4\"}', '2017-02-27 16:30:53', '2017-02-27 16:30:53', 'a07ea0f4-d6b9-43b4-9bdd-b985bfc4f6e5'),
 ('33', '2', 'Menu Download', 'menuDownload', 'global', '', '0', 'Assets', '{\"useSingleFolder\":\"\",\"sources\":\"*\",\"defaultUploadLocationSource\":\"1\",\"defaultUploadLocationSubpath\":\"\",\"singleUploadLocationSource\":\"1\",\"singleUploadLocationSubpath\":\"\",\"restrictFiles\":\"\",\"limit\":\"\",\"viewMode\":\"list\",\"selectionLabel\":\"\"}', '2017-03-06 15:32:14', '2017-03-21 15:33:03', '4bf45d35-662c-443f-a68b-0a464544c723'),
 ('34', '3', 'illustration', 'illustration', 'global', '', '0', 'Assets', '{\"useSingleFolder\":\"\",\"sources\":\"*\",\"defaultUploadLocationSource\":\"1\",\"defaultUploadLocationSubpath\":\"\",\"singleUploadLocationSource\":\"1\",\"singleUploadLocationSubpath\":\"\",\"restrictFiles\":\"\",\"limit\":\"\",\"viewMode\":\"list\",\"selectionLabel\":\"\"}', '2017-03-09 15:04:58', '2017-03-21 15:33:48', '402a3505-1b71-4050-8b0b-5dfd6bd90e71'),
 ('35', '3', 'Header Title 1', 'headerTitle1', 'global', '', '0', 'PlainText', '{\"placeholder\":\"\",\"maxLength\":\"\",\"multiline\":\"\",\"initialRows\":\"4\"}', '2017-03-14 16:25:21', '2017-03-21 15:33:21', '1113611a-9a8b-4f09-976f-69d12289ed8e'),
 ('36', '3', 'Header Title 2', 'headerTitle2', 'global', '', '0', 'PlainText', '{\"placeholder\":\"\",\"maxLength\":\"\",\"multiline\":\"\",\"initialRows\":\"4\"}', '2017-03-14 16:25:29', '2017-03-21 15:33:29', 'd8eafdd7-8145-4386-ac34-7017d57bfd96'),
 ('37', '3', 'Header Title 3', 'headerTitle3', 'global', '', '0', 'PlainText', '{\"placeholder\":\"\",\"maxLength\":\"\",\"multiline\":\"\",\"initialRows\":\"4\"}', '2017-03-14 16:25:36', '2017-03-21 15:33:39', '747b9ed0-d931-444f-9c32-091a3b873cd0'),
 ('38', '1', 'Slide Show Link', 'slideShowLink', 'global', '', '0', 'Entries', '{\"sources\":\"*\",\"limit\":\"\",\"selectionLabel\":\"\"}', '2017-03-14 16:26:40', '2017-03-14 16:26:40', '120b9f0e-74fb-40d8-8b0d-ebf98d1ada87'),
 ('39', '1', 'Event Date', 'eventDate', 'global', '', '0', 'Date', '{\"minuteIncrement\":\"30\",\"showDate\":1,\"showTime\":0}', '2017-03-14 16:27:38', '2017-03-14 16:27:38', '9be6de1d-3bf4-47a9-ae8c-454c0328cab4'),
 ('40', '1', 'Copy Right Text', 'copyRightText', 'global', '', '0', 'PlainText', '{\"placeholder\":\"\",\"maxLength\":\"\",\"multiline\":\"\",\"initialRows\":\"4\"}', '2017-03-14 16:28:31', '2017-03-14 16:28:31', '9f098f85-5ad1-48b4-ae8b-343d5a5d5f60'),
 ('41', '1', 'Map Circle', 'mapCircle', 'global', '', '0', 'Assets', '{\"useSingleFolder\":\"\",\"sources\":\"*\",\"defaultUploadLocationSource\":\"1\",\"defaultUploadLocationSubpath\":\"\",\"singleUploadLocationSource\":\"1\",\"singleUploadLocationSubpath\":\"\",\"restrictFiles\":\"\",\"limit\":\"\",\"viewMode\":\"list\",\"selectionLabel\":\"\"}', '2017-03-21 15:21:03', '2017-03-21 15:21:03', '2a2f04e1-6690-48a0-ab27-d3a96e21b4d1'),
 ('42', '1', 'parking Information', 'parkingInformation', 'global', '', '0', 'PlainText', '{\"placeholder\":\"\",\"maxLength\":\"\",\"multiline\":\"\",\"initialRows\":\"4\"}', '2017-03-21 15:48:07', '2017-03-21 15:48:07', 'ca92fe2f-91c3-4ea3-8a45-432c28593fb2'),
 ('43', '1', 'Parking Information2', 'parkingInformation2', 'global', '', '0', 'PlainText', '{\"placeholder\":\"\",\"maxLength\":\"\",\"multiline\":\"\",\"initialRows\":\"4\"}', '2017-03-21 15:48:15', '2017-03-21 15:48:15', '610fed35-f39b-4c2c-b245-61461a0dd675'),
 ('44', '1', 'Parking Information3', 'parkingInformation3', 'global', '', '0', 'PlainText', '{\"placeholder\":\"\",\"maxLength\":\"\",\"multiline\":\"\",\"initialRows\":\"4\"}', '2017-03-21 15:48:24', '2017-03-21 15:48:24', 'ca736ea3-c1ef-4d0b-87c1-02ca9678755e'),
 ('45', '1', 'Valet Price', 'valetPrice', 'global', '', '0', 'PlainText', '{\"placeholder\":\"\",\"maxLength\":\"\",\"multiline\":\"\",\"initialRows\":\"4\"}', '2017-03-21 15:48:35', '2017-03-21 15:48:35', '9138c627-bee6-4360-bc89-a325a546ebb2'),
 ('46', '1', 'Valet Information', 'valetInformation', 'global', '', '0', 'PlainText', '{\"placeholder\":\"\",\"maxLength\":\"\",\"multiline\":\"\",\"initialRows\":\"4\"}', '2017-03-21 15:48:39', '2017-03-21 15:48:39', 'be418969-bc8f-41a9-96fa-b07ffcd67716'),
 ('47', '1', 'Gallery Arrow', 'galleryArrow', 'global', '', '0', 'Assets', '{\"useSingleFolder\":\"\",\"sources\":\"*\",\"defaultUploadLocationSource\":\"1\",\"defaultUploadLocationSubpath\":\"\",\"singleUploadLocationSource\":\"1\",\"singleUploadLocationSubpath\":\"\",\"restrictFiles\":\"\",\"limit\":\"\",\"viewMode\":\"list\",\"selectionLabel\":\"\"}', '2017-04-14 14:00:51', '2017-04-14 14:00:51', '1d71a94c-6a6f-4122-ba58-41c0d3d47db4'),
 ('48', '1', 'Gallery Arrow2', 'galleryArrow2', 'global', '', '0', 'Assets', '{\"useSingleFolder\":\"\",\"sources\":\"*\",\"defaultUploadLocationSource\":\"1\",\"defaultUploadLocationSubpath\":\"\",\"singleUploadLocationSource\":\"1\",\"singleUploadLocationSubpath\":\"\",\"restrictFiles\":\"\",\"limit\":\"\",\"viewMode\":\"list\",\"selectionLabel\":\"\"}', '2017-04-14 14:01:08', '2017-04-14 14:01:08', 'ee3cf7f0-2aed-451a-aec9-ff3029b28d2a');



DROP TABLE IF EXISTS `craft_globalsets`;


--
-- Schema for table `craft_globalsets`
--
CREATE TABLE `craft_globalsets` (
  `id` int(11) NOT NULL,
  `name` varchar(255) COLLATE utf8_unicode_ci NOT NULL,
  `handle` varchar(255) COLLATE utf8_unicode_ci NOT NULL,
  `fieldLayoutId` int(10) DEFAULT NULL,
  `dateCreated` datetime NOT NULL,
  `dateUpdated` datetime NOT NULL,
  `uid` char(36) COLLATE utf8_unicode_ci NOT NULL DEFAULT '0',
  PRIMARY KEY (`id`),
  UNIQUE KEY `craft_globalsets_name_unq_idx` (`name`),
  UNIQUE KEY `craft_globalsets_handle_unq_idx` (`handle`),
  KEY `craft_globalsets_fieldLayoutId_fk` (`fieldLayoutId`)
) ENGINE=InnoDB DEFAULT CHARSET=utf8 COLLATE=utf8_unicode_ci;

--
-- Data for table `craft_globalsets`
--

INSERT INTO `craft_globalsets` (`id`, `name`, `handle`, `fieldLayoutId`, `dateCreated`, `dateUpdated`, `uid`) VALUES
 ('10', 'Footer', 'footer', '92', '2017-01-24 16:31:35', '2017-03-14 16:28:41', '06d0c9ff-7c97-42d8-922c-baee26b2ad18'),
 ('11', 'Header', 'header', '20', '2017-01-24 16:31:51', '2017-01-24 16:32:41', '4048044e-d207-4922-b6e8-943e12656ac7');



DROP TABLE IF EXISTS `craft_info`;


--
-- Schema for table `craft_info`
--
CREATE TABLE `craft_info` (
  `id` int(11) NOT NULL AUTO_INCREMENT,
  `version` varchar(50) COLLATE utf8_unicode_ci NOT NULL,
  `schemaVersion` varchar(15) COLLATE utf8_unicode_ci NOT NULL,
  `edition` tinyint(1) unsigned NOT NULL DEFAULT '0',
  `siteName` varchar(100) COLLATE utf8_unicode_ci NOT NULL,
  `siteUrl` varchar(255) COLLATE utf8_unicode_ci NOT NULL,
  `timezone` varchar(30) COLLATE utf8_unicode_ci DEFAULT NULL,
  `on` tinyint(1) unsigned NOT NULL DEFAULT '0',
  `maintenance` tinyint(1) unsigned NOT NULL DEFAULT '0',
  `dateCreated` datetime NOT NULL,
  `dateUpdated` datetime NOT NULL,
  `uid` char(36) COLLATE utf8_unicode_ci NOT NULL DEFAULT '0',
  PRIMARY KEY (`id`)
) ENGINE=InnoDB AUTO_INCREMENT=2 DEFAULT CHARSET=utf8 COLLATE=utf8_unicode_ci;

--
-- Data for table `craft_info`
--

INSERT INTO `craft_info` (`id`, `version`, `schemaVersion`, `edition`, `siteName`, `siteUrl`, `timezone`, `on`, `maintenance`, `dateCreated`, `dateUpdated`, `uid`) VALUES
 ('1', '2.6.2968', '2.6.9', '0', 'Treno Kent', 'http://trenokent.com/production', 'America/New_York', '1', '1', '2017-01-24 03:51:09', '2017-06-14 16:08:19', 'f8104a9e-a6ee-43dd-a6ac-d34eadd95dbf');



DROP TABLE IF EXISTS `craft_locales`;


--
-- Schema for table `craft_locales`
--
CREATE TABLE `craft_locales` (
  `locale` char(12) COLLATE utf8_unicode_ci NOT NULL,
  `sortOrder` smallint(6) unsigned DEFAULT NULL,
  `dateCreated` datetime NOT NULL,
  `dateUpdated` datetime NOT NULL,
  `uid` char(36) COLLATE utf8_unicode_ci NOT NULL DEFAULT '0',
  PRIMARY KEY (`locale`),
  KEY `craft_locales_sortOrder_idx` (`sortOrder`)
) ENGINE=InnoDB DEFAULT CHARSET=utf8 COLLATE=utf8_unicode_ci;

--
-- Data for table `craft_locales`
--

INSERT INTO `craft_locales` (`locale`, `sortOrder`, `dateCreated`, `dateUpdated`, `uid`) VALUES
 ('en_us', '1', '2017-01-24 03:51:09', '2017-01-24 03:51:09', '800cf736-4ffc-4016-9bad-6b02226731de');



DROP TABLE IF EXISTS `craft_matrixblocks`;


--
-- Schema for table `craft_matrixblocks`
--
CREATE TABLE `craft_matrixblocks` (
  `id` int(11) NOT NULL,
  `ownerId` int(11) NOT NULL,
  `fieldId` int(11) NOT NULL,
  `typeId` int(11) DEFAULT NULL,
  `sortOrder` smallint(6) unsigned DEFAULT NULL,
  `ownerLocale` char(12) COLLATE utf8_unicode_ci DEFAULT NULL,
  `dateCreated` datetime NOT NULL,
  `dateUpdated` datetime NOT NULL,
  `uid` char(36) COLLATE utf8_unicode_ci NOT NULL DEFAULT '0',
  PRIMARY KEY (`id`),
  KEY `craft_matrixblocks_ownerId_idx` (`ownerId`),
  KEY `craft_matrixblocks_fieldId_idx` (`fieldId`),
  KEY `craft_matrixblocks_typeId_idx` (`typeId`),
  KEY `craft_matrixblocks_sortOrder_idx` (`sortOrder`),
  KEY `craft_matrixblocks_ownerLocale_fk` (`ownerLocale`)
) ENGINE=InnoDB DEFAULT CHARSET=utf8 COLLATE=utf8_unicode_ci;

--
-- Data for table `craft_matrixblocks`
--

INSERT INTO `craft_matrixblocks` (`id`, `ownerId`, `fieldId`, `typeId`, `sortOrder`, `ownerLocale`, `dateCreated`, `dateUpdated`, `uid`) VALUES
 ('34', '8', '12', '1', '1', NULL, '2017-02-02 17:43:02', '2017-03-21 15:35:06', '9898f839-48d1-46d7-9966-aa2dd74c0802'),
 ('35', '8', '12', '2', '2', NULL, '2017-02-02 17:43:02', '2017-03-21 15:35:06', '1eb51572-b751-43e2-8442-7adc5de3489e');



DROP TABLE IF EXISTS `craft_matrixblocktypes`;


--
-- Schema for table `craft_matrixblocktypes`
--
CREATE TABLE `craft_matrixblocktypes` (
  `id` int(11) NOT NULL AUTO_INCREMENT,
  `fieldId` int(11) NOT NULL,
  `fieldLayoutId` int(11) DEFAULT NULL,
  `name` varchar(255) COLLATE utf8_unicode_ci NOT NULL,
  `handle` varchar(255) COLLATE utf8_unicode_ci NOT NULL,
  `sortOrder` smallint(6) unsigned DEFAULT NULL,
  `dateCreated` datetime NOT NULL,
  `dateUpdated` datetime NOT NULL,
  `uid` char(36) COLLATE utf8_unicode_ci NOT NULL DEFAULT '0',
  PRIMARY KEY (`id`),
  UNIQUE KEY `craft_matrixblocktypes_name_fieldId_unq_idx` (`name`,`fieldId`),
  UNIQUE KEY `craft_matrixblocktypes_handle_fieldId_unq_idx` (`handle`,`fieldId`),
  KEY `craft_matrixblocktypes_fieldId_fk` (`fieldId`),
  KEY `craft_matrixblocktypes_fieldLayoutId_fk` (`fieldLayoutId`)
) ENGINE=InnoDB AUTO_INCREMENT=3 DEFAULT CHARSET=utf8 COLLATE=utf8_unicode_ci;

--
-- Data for table `craft_matrixblocktypes`
--

INSERT INTO `craft_matrixblocktypes` (`id`, `fieldId`, `fieldLayoutId`, `name`, `handle`, `sortOrder`, `dateCreated`, `dateUpdated`, `uid`) VALUES
 ('1', '12', '43', 'Text', 'text', '1', '2017-02-02 17:36:12', '2017-02-02 17:36:12', '4a01d84f-1df3-43ce-beeb-d1fb57ba2be7'),
 ('2', '12', '44', 'Image', 'image', '2', '2017-02-02 17:36:12', '2017-02-02 17:36:12', 'f2e8bcbd-6257-4710-83d5-2076d7625b4a');



DROP TABLE IF EXISTS `craft_matrixcontent_contentblocks`;


--
-- Schema for table `craft_matrixcontent_contentblocks`
--
CREATE TABLE `craft_matrixcontent_contentblocks` (
  `id` int(11) NOT NULL AUTO_INCREMENT,
  `elementId` int(11) NOT NULL,
  `locale` char(12) COLLATE utf8_unicode_ci NOT NULL,
  `field_text_textBlock` text COLLATE utf8_unicode_ci,
  `dateCreated` datetime NOT NULL,
  `dateUpdated` datetime NOT NULL,
  `uid` char(36) COLLATE utf8_unicode_ci NOT NULL DEFAULT '0',
  PRIMARY KEY (`id`),
  UNIQUE KEY `craft_matrixcontent_contentblocks_elementId_locale_unq_idx` (`elementId`,`locale`),
  KEY `craft_matrixcontent_contentblocks_locale_fk` (`locale`)
) ENGINE=InnoDB AUTO_INCREMENT=3 DEFAULT CHARSET=utf8 COLLATE=utf8_unicode_ci;

--
-- Data for table `craft_matrixcontent_contentblocks`
--

INSERT INTO `craft_matrixcontent_contentblocks` (`id`, `elementId`, `locale`, `field_text_textBlock`, `dateCreated`, `dateUpdated`, `uid`) VALUES
 ('1', '34', 'en_us', '<p>Testing information for the matrix field</p>', '2017-02-02 17:43:02', '2017-03-21 15:35:06', '981cb0f4-65de-45ce-a035-a8f7b9a8ab2a'),
 ('2', '35', 'en_us', NULL, '2017-02-02 17:43:02', '2017-03-21 15:35:06', '14eca3dd-2b0b-4d0b-8dcb-32536a027553');



DROP TABLE IF EXISTS `craft_migrations`;


--
-- Schema for table `craft_migrations`
--
CREATE TABLE `craft_migrations` (
  `id` int(11) NOT NULL AUTO_INCREMENT,
  `pluginId` int(11) DEFAULT NULL,
  `version` varchar(255) COLLATE utf8_unicode_ci NOT NULL,
  `applyTime` datetime NOT NULL,
  `dateCreated` datetime NOT NULL,
  `dateUpdated` datetime NOT NULL,
  `uid` char(36) COLLATE utf8_unicode_ci NOT NULL DEFAULT '0',
  PRIMARY KEY (`id`),
  UNIQUE KEY `craft_migrations_version_unq_idx` (`version`),
  KEY `craft_migrations_pluginId_fk` (`pluginId`)
) ENGINE=InnoDB AUTO_INCREMENT=68 DEFAULT CHARSET=utf8 COLLATE=utf8_unicode_ci;

--
-- Data for table `craft_migrations`
--

INSERT INTO `craft_migrations` (`id`, `pluginId`, `version`, `applyTime`, `dateCreated`, `dateUpdated`, `uid`) VALUES
 ('1', NULL, 'm000000_000000_base', '2017-01-24 03:51:09', '2017-01-24 03:51:09', '2017-01-24 03:51:09', '1f110924-8875-40d6-b9b8-8f3c79b0698e'),
 ('2', NULL, 'm140730_000001_add_filename_and_format_to_transformindex', '2017-01-24 03:51:09', '2017-01-24 03:51:09', '2017-01-24 03:51:09', 'd90bddcf-2d40-456a-9b9f-6b2c705d5892'),
 ('3', NULL, 'm140815_000001_add_format_to_transforms', '2017-01-24 03:51:09', '2017-01-24 03:51:09', '2017-01-24 03:51:09', '1346a499-a20a-44e4-9249-22848b4cc2cb'),
 ('4', NULL, 'm140822_000001_allow_more_than_128_items_per_field', '2017-01-24 03:51:09', '2017-01-24 03:51:09', '2017-01-24 03:51:09', '8fa13b03-c121-4c6c-87b7-93ad2b05f93e'),
 ('5', NULL, 'm140829_000001_single_title_formats', '2017-01-24 03:51:09', '2017-01-24 03:51:09', '2017-01-24 03:51:09', '2530a034-0f49-43a4-946b-4f24a73b1d43'),
 ('6', NULL, 'm140831_000001_extended_cache_keys', '2017-01-24 03:51:09', '2017-01-24 03:51:09', '2017-01-24 03:51:09', '5e19bfff-3edd-4099-8f16-3e8b77b4a99e'),
 ('7', NULL, 'm140922_000001_delete_orphaned_matrix_blocks', '2017-01-24 03:51:09', '2017-01-24 03:51:09', '2017-01-24 03:51:09', 'aecb5562-c485-4ccc-8183-32c1a0f77327'),
 ('8', NULL, 'm141008_000001_elements_index_tune', '2017-01-24 03:51:09', '2017-01-24 03:51:09', '2017-01-24 03:51:09', '4362a32d-adc4-463e-b79c-5a1bb23a22f0'),
 ('9', NULL, 'm141009_000001_assets_source_handle', '2017-01-24 03:51:09', '2017-01-24 03:51:09', '2017-01-24 03:51:09', 'c9a8f4e1-315b-4a26-a90e-5e934fb2fca3'),
 ('10', NULL, 'm141024_000001_field_layout_tabs', '2017-01-24 03:51:09', '2017-01-24 03:51:09', '2017-01-24 03:51:09', '089f566a-8667-4aaa-adc9-af4219579b46'),
 ('11', NULL, 'm141030_000000_plugin_schema_versions', '2017-01-24 03:51:09', '2017-01-24 03:51:09', '2017-01-24 03:51:09', 'af78472d-d7d0-4da9-8f84-af01cf037034'),
 ('12', NULL, 'm141030_000001_drop_structure_move_permission', '2017-01-24 03:51:09', '2017-01-24 03:51:09', '2017-01-24 03:51:09', '02c77709-b7ed-4d43-8ae9-f1b06f6127f5'),
 ('13', NULL, 'm141103_000001_tag_titles', '2017-01-24 03:51:09', '2017-01-24 03:51:09', '2017-01-24 03:51:09', 'f1f1745f-c9cf-4149-b913-daaf38c6090c'),
 ('14', NULL, 'm141109_000001_user_status_shuffle', '2017-01-24 03:51:09', '2017-01-24 03:51:09', '2017-01-24 03:51:09', '85f84711-948b-4d6c-9af6-794dcb5bf869'),
 ('15', NULL, 'm141126_000001_user_week_start_day', '2017-01-24 03:51:09', '2017-01-24 03:51:09', '2017-01-24 03:51:09', '629b0b90-a345-44f2-958f-3899a35af336'),
 ('16', NULL, 'm150210_000001_adjust_user_photo_size', '2017-01-24 03:51:09', '2017-01-24 03:51:09', '2017-01-24 03:51:09', '03e858fc-2a22-45ee-973a-58be4133d948'),
 ('17', NULL, 'm150724_000001_adjust_quality_settings', '2017-01-24 03:51:09', '2017-01-24 03:51:09', '2017-01-24 03:51:09', '24dd6869-a61a-467f-b355-2f35bda4746f'),
 ('18', NULL, 'm150827_000000_element_index_settings', '2017-01-24 03:51:09', '2017-01-24 03:51:09', '2017-01-24 03:51:09', '60f981be-69fd-4760-9d74-6220ebdb7810'),
 ('19', NULL, 'm150918_000001_add_colspan_to_widgets', '2017-01-24 03:51:09', '2017-01-24 03:51:09', '2017-01-24 03:51:09', '3a8f9d12-5cac-4717-b6cd-4c3ad91302da'),
 ('20', NULL, 'm151007_000000_clear_asset_caches', '2017-01-24 03:51:09', '2017-01-24 03:51:09', '2017-01-24 03:51:09', '7d066f0c-7dc6-4233-a04a-422401681986'),
 ('21', NULL, 'm151109_000000_text_url_formats', '2017-01-24 03:51:09', '2017-01-24 03:51:09', '2017-01-24 03:51:09', 'c5ca397d-8944-4ce1-84d7-86399e76a3bb'),
 ('22', NULL, 'm151110_000000_move_logo', '2017-01-24 03:51:09', '2017-01-24 03:51:09', '2017-01-24 03:51:09', 'b7e679c5-3539-49c4-ad1a-82e72f5a348d'),
 ('23', NULL, 'm151117_000000_adjust_image_widthheight', '2017-01-24 03:51:09', '2017-01-24 03:51:09', '2017-01-24 03:51:09', 'a3eae875-0c3f-46e0-b82b-c63750f605a5'),
 ('24', NULL, 'm151127_000000_clear_license_key_status', '2017-01-24 03:51:09', '2017-01-24 03:51:09', '2017-01-24 03:51:09', '08e391e4-60f4-4cb4-b60d-60f969e7b6a4'),
 ('25', NULL, 'm151127_000000_plugin_license_keys', '2017-01-24 03:51:09', '2017-01-24 03:51:09', '2017-01-24 03:51:09', 'f1bb9fe4-ddb1-4960-895a-4bb1967f54c9'),
 ('26', NULL, 'm151130_000000_update_pt_widget_feeds', '2017-01-24 03:51:09', '2017-01-24 03:51:09', '2017-01-24 03:51:09', 'dc886c6f-647e-46e3-800e-0be08a3b2e43'),
 ('27', NULL, 'm160114_000000_asset_sources_public_url_default_true', '2017-01-24 03:51:09', '2017-01-24 03:51:09', '2017-01-24 03:51:09', 'ecb8eca2-643e-463b-9aae-7cd028401a9c'),
 ('28', NULL, 'm160223_000000_sortorder_to_smallint', '2017-01-24 03:51:09', '2017-01-24 03:51:09', '2017-01-24 03:51:09', '14c8ccae-6cea-42c0-9a73-4aa722a5cf5d'),
 ('29', NULL, 'm160229_000000_set_default_entry_statuses', '2017-01-24 03:51:09', '2017-01-24 03:51:09', '2017-01-24 03:51:09', 'ccd5451c-b22d-4285-92e0-188aa22fd56e'),
 ('30', NULL, 'm160304_000000_client_permissions', '2017-01-24 03:51:09', '2017-01-24 03:51:09', '2017-01-24 03:51:09', '91e60924-8aa3-42d8-b7ae-621408eb493b'),
 ('31', NULL, 'm160322_000000_asset_filesize', '2017-01-24 03:51:09', '2017-01-24 03:51:09', '2017-01-24 03:51:09', '599c9089-1b93-4ea9-8a72-5af250c735ea'),
 ('32', NULL, 'm160503_000000_orphaned_fieldlayouts', '2017-01-24 03:51:09', '2017-01-24 03:51:09', '2017-01-24 03:51:09', 'eb34a5fd-6d06-47b4-a406-b838dc8ccfe0'),
 ('33', NULL, 'm160510_000000_tasksettings', '2017-01-24 03:51:09', '2017-01-24 03:51:09', '2017-01-24 03:51:09', '12fbacec-deb8-48a8-a961-5e925984be67'),
 ('34', NULL, 'm160829_000000_pending_user_content_cleanup', '2017-01-24 03:51:09', '2017-01-24 03:51:09', '2017-01-24 03:51:09', 'f7ecc74b-c95a-4f0b-a3f2-0187f2560000'),
 ('35', NULL, 'm160830_000000_asset_index_uri_increase', '2017-01-24 03:51:09', '2017-01-24 03:51:09', '2017-01-24 03:51:09', '407b7ea7-c36c-4711-8961-649bf0ba4bf8'),
 ('36', NULL, 'm160919_000000_usergroup_handle_title_unique', '2017-01-24 03:51:09', '2017-01-24 03:51:09', '2017-01-24 03:51:09', '717486be-b856-4f64-8939-b7eda8422d39'),
 ('37', NULL, 'm161108_000000_new_version_format', '2017-01-24 03:51:09', '2017-01-24 03:51:09', '2017-01-24 03:51:09', 'cc658f15-9a8c-4f2c-82e4-f5c103c1051a'),
 ('38', NULL, 'm161109_000000_index_shuffle', '2017-01-24 03:51:09', '2017-01-24 03:51:09', '2017-01-24 03:51:09', '57a2ed4c-90f3-412b-9266-c44edfaaee58'),
 ('39', '1', 'm151225_000000_seomatic_addHumansField', '2017-02-21 17:07:11', '2017-02-21 17:07:11', '2017-02-21 17:07:11', '50f908ac-939e-44cc-989f-2ffa0c2f89b0'),
 ('40', '1', 'm151226_000000_seomatic_addTwitterFacebookFields', '2017-02-21 17:07:11', '2017-02-21 17:07:11', '2017-02-21 17:07:11', 'eb08cf9b-d0ee-45a8-900e-b185fac04a69'),
 ('41', '1', 'm160101_000000_seomatic_addRobotsFields', '2017-02-21 17:07:11', '2017-02-21 17:07:11', '2017-02-21 17:07:11', '49364be3-cf2d-4b1f-8945-0d087b27194b'),
 ('42', '1', 'm160111_000000_seomatic_addTitleFields', '2017-02-21 17:07:11', '2017-02-21 17:07:11', '2017-02-21 17:07:11', '4dda3200-0c0c-4d6f-9e65-e3c030a0c2a3'),
 ('43', '1', 'm160122_000000_seomatic_addTypeFields', '2017-02-21 17:07:11', '2017-02-21 17:07:11', '2017-02-21 17:07:11', '2768d535-c125-48b2-8fe2-7f3ce07b7e2d'),
 ('44', '1', 'm160123_000000_seomatic_addOpeningHours', '2017-02-21 17:07:11', '2017-02-21 17:07:11', '2017-02-21 17:07:11', '1c21cb4b-f504-4cb1-ad69-34a7702799e3'),
 ('45', '1', 'm160202_000000_seomatic_addSocialHandles', '2017-02-21 17:07:11', '2017-02-21 17:07:11', '2017-02-21 17:07:11', 'e3c44bbd-ba8e-44b3-a405-601d4cb8a20a'),
 ('46', '1', 'm160204_000000_seomatic_addGoogleAnalytics', '2017-02-21 17:07:11', '2017-02-21 17:07:11', '2017-02-21 17:07:11', '61adcf1f-9b42-4626-81fe-8e2167418fda'),
 ('47', '1', 'm160205_000000_seomatic_addResturantMenu', '2017-02-21 17:07:11', '2017-02-21 17:07:11', '2017-02-21 17:07:11', '8f780d3e-ddc8-41ff-8542-ec5e64cc220f'),
 ('48', '1', 'm160206_000000_seomatic_addGoogleAnalyticsPlugins', '2017-02-21 17:07:11', '2017-02-21 17:07:11', '2017-02-21 17:07:11', '4fc13bf9-32f2-4fd8-a3e2-23ff923ee95d'),
 ('49', '1', 'm160206_000000_seomatic_addGoogleAnalyticsSendPageView', '2017-02-21 17:07:11', '2017-02-21 17:07:11', '2017-02-21 17:07:11', '9b9984c4-15e7-40e3-84ae-7661bfb69525'),
 ('50', '1', 'm160209_000000_seomatic_alterDescriptionsColumns', '2017-02-21 17:07:11', '2017-02-21 17:07:11', '2017-02-21 17:07:11', '6c61b671-7ad6-4e10-9a1b-b04b54b499ca'),
 ('51', '1', 'm160209_000001_seomatic_addRobotsTxt', '2017-02-21 17:07:11', '2017-02-21 17:07:11', '2017-02-21 17:07:11', 'a3602ca9-a3a8-44cf-82c8-c3bd73cc3c62'),
 ('52', '1', 'm160227_000000_seomatic_addFacebookAppId', '2017-02-21 17:07:11', '2017-02-21 17:07:11', '2017-02-21 17:07:11', '2b1960b0-006d-4593-9f7d-5027be239ad5'),
 ('53', '1', 'm160416_000000_seomatic_addContactPoints', '2017-02-21 17:07:11', '2017-02-21 17:07:11', '2017-02-21 17:07:11', '83dff77e-3ce4-47b3-ab9c-ed0756f08c16'),
 ('54', '1', 'm160509_000000_seomatic_addSiteLinksBing', '2017-02-21 17:07:11', '2017-02-21 17:07:12', '2017-02-21 17:07:12', '739bec6e-e5cc-45b2-bb88-251fc08f313c'),
 ('55', '1', 'm160707_000000_seomatic_addGoogleTagManager', '2017-02-21 17:07:11', '2017-02-21 17:07:12', '2017-02-21 17:07:12', 'a6ea5bca-4494-40df-81be-27184e228ecf'),
 ('56', '1', 'm160715_000000_seomatic_addSeoImageTransforms', '2017-02-21 17:07:11', '2017-02-21 17:07:12', '2017-02-21 17:07:12', '301e2136-ab66-42dc-ab30-64fa063c2342'),
 ('57', '1', 'm160723_000000_seomatic_addSeoMainEntityOfPage', '2017-02-21 17:07:11', '2017-02-21 17:07:12', '2017-02-21 17:07:12', 'ae5417f0-fcfa-4a96-a1ac-17ebb96f9a0e'),
 ('58', '1', 'm160724_000000_seomatic_addSeoMainEntityCategory', '2017-02-21 17:07:11', '2017-02-21 17:07:12', '2017-02-21 17:07:12', '18db2586-fc3a-4939-a995-e3454c36bb92'),
 ('59', '1', 'm160811_000000_seomatic_addVimeo', '2017-02-21 17:07:11', '2017-02-21 17:07:12', '2017-02-21 17:07:12', 'c21073c1-750a-4ac9-adf2-2247d9e1c512'),
 ('60', '1', 'm160904_000000_seomatic_addTwitterFacebookImages', '2017-02-21 17:07:11', '2017-02-21 17:07:12', '2017-02-21 17:07:12', 'c6540654-4a1f-4f04-b37a-1e4762dc3205'),
 ('61', '1', 'm161220_000000_seomatic_addPriceRange', '2017-02-21 17:07:11', '2017-02-21 17:07:12', '2017-02-21 17:07:12', '99989390-839a-49c0-b384-bebd3547530c'),
 ('62', '1', 'm170212_000000_seomatic_addGoogleAnalyticsAnonymizeIp', '2017-02-21 17:07:11', '2017-02-21 17:07:12', '2017-02-21 17:07:12', '5f3a16d3-1519-4302-81d2-95a09d85ddd1'),
 ('63', '1', 'm170212_000000_seomatic_addWikipedia', '2017-02-21 17:07:11', '2017-02-21 17:07:12', '2017-02-21 17:07:12', 'c47c7e36-2711-4615-81e3-a5f689dba844'),
 ('64', '2', 'm150212_145000_AmNav_renamePagesToNodes', '2017-02-27 16:27:10', '2017-02-27 16:27:10', '2017-02-27 16:27:10', '9231b6fa-1de4-4ece-9bd8-7d2c338180fa'),
 ('65', '2', 'm150217_112800_AmNav_expandPageData', '2017-02-27 16:27:10', '2017-02-27 16:27:10', '2017-02-27 16:27:10', '4a249099-4944-4db9-95c8-6ac964cde09d'),
 ('66', '2', 'm150403_093000_AmNav_nodesWithElements', '2017-02-27 16:27:10', '2017-02-27 16:27:10', '2017-02-27 16:27:10', '9929fc63-b894-4476-8d79-977fd5ae59d9'),
 ('67', '2', 'm150512_105600_AmNav_addOptionalClass', '2017-02-27 16:27:10', '2017-02-27 16:27:10', '2017-02-27 16:27:10', '8f1ed96b-05b7-4c09-8ce2-df203be0b081');



DROP TABLE IF EXISTS `craft_plugins`;


--
-- Schema for table `craft_plugins`
--
CREATE TABLE `craft_plugins` (
  `id` int(11) NOT NULL AUTO_INCREMENT,
  `class` varchar(150) COLLATE utf8_unicode_ci NOT NULL,
  `version` varchar(15) COLLATE utf8_unicode_ci NOT NULL,
  `schemaVersion` varchar(15) COLLATE utf8_unicode_ci DEFAULT NULL,
  `licenseKey` char(24) COLLATE utf8_unicode_ci DEFAULT NULL,
  `licenseKeyStatus` enum('valid','invalid','mismatched','unknown') COLLATE utf8_unicode_ci NOT NULL DEFAULT 'unknown',
  `enabled` tinyint(1) unsigned NOT NULL DEFAULT '0',
  `settings` text COLLATE utf8_unicode_ci,
  `installDate` datetime NOT NULL,
  `dateCreated` datetime NOT NULL,
  `dateUpdated` datetime NOT NULL,
  `uid` char(36) COLLATE utf8_unicode_ci NOT NULL DEFAULT '0',
  PRIMARY KEY (`id`)
) ENGINE=InnoDB AUTO_INCREMENT=3 DEFAULT CHARSET=utf8 COLLATE=utf8_unicode_ci;

--
-- Data for table `craft_plugins`
--

INSERT INTO `craft_plugins` (`id`, `class`, `version`, `schemaVersion`, `licenseKey`, `licenseKeyStatus`, `enabled`, `settings`, `installDate`, `dateCreated`, `dateUpdated`, `uid`) VALUES
 ('1', 'Seomatic', '1.1.43', '1.1.25', NULL, 'unknown', '1', NULL, '2017-02-21 17:07:11', '2017-02-21 17:07:11', '2017-06-14 16:08:17', 'ae6b1bda-539f-41b4-aea0-e7f67a2b8e7f'),
 ('2', 'AmNav', '1.7.4', '1.7.4', NULL, 'unknown', '1', '{\"pluginName\":\"Navigation\",\"canDoActions\":\"\",\"quietErrors\":\"\"}', '2017-02-27 16:27:10', '2017-02-27 16:27:10', '2017-06-14 16:08:17', '901a3427-edba-44fb-b2d6-1dc0212d9bbe');



DROP TABLE IF EXISTS `craft_rackspaceaccess`;


--
-- Schema for table `craft_rackspaceaccess`
--
CREATE TABLE `craft_rackspaceaccess` (
  `id` int(11) NOT NULL AUTO_INCREMENT,
  `connectionKey` varchar(255) COLLATE utf8_unicode_ci NOT NULL,
  `token` varchar(255) COLLATE utf8_unicode_ci NOT NULL,
  `storageUrl` varchar(255) COLLATE utf8_unicode_ci NOT NULL,
  `cdnUrl` varchar(255) COLLATE utf8_unicode_ci NOT NULL,
  `dateCreated` datetime NOT NULL,
  `dateUpdated` datetime NOT NULL,
  `uid` char(36) COLLATE utf8_unicode_ci NOT NULL DEFAULT '0',
  PRIMARY KEY (`id`),
  UNIQUE KEY `craft_rackspaceaccess_connectionKey_unq_idx` (`connectionKey`)
) ENGINE=InnoDB DEFAULT CHARSET=utf8 COLLATE=utf8_unicode_ci;

DROP TABLE IF EXISTS `craft_relations`;


--
-- Schema for table `craft_relations`
--
CREATE TABLE `craft_relations` (
  `id` int(11) NOT NULL AUTO_INCREMENT,
  `fieldId` int(11) NOT NULL,
  `sourceId` int(11) NOT NULL,
  `sourceLocale` char(12) COLLATE utf8_unicode_ci DEFAULT NULL,
  `targetId` int(11) NOT NULL,
  `sortOrder` smallint(6) DEFAULT NULL,
  `dateCreated` datetime NOT NULL,
  `dateUpdated` datetime NOT NULL,
  `uid` char(36) COLLATE utf8_unicode_ci NOT NULL DEFAULT '0',
  PRIMARY KEY (`id`),
  UNIQUE KEY `craft_relations_fieldId_sourceId_sourceLocale_targetId_unq_idx` (`fieldId`,`sourceId`,`sourceLocale`,`targetId`),
  KEY `craft_relations_sourceId_fk` (`sourceId`),
  KEY `craft_relations_sourceLocale_fk` (`sourceLocale`),
  KEY `craft_relations_targetId_fk` (`targetId`)
) ENGINE=InnoDB AUTO_INCREMENT=260 DEFAULT CHARSET=utf8 COLLATE=utf8_unicode_ci;

--
-- Data for table `craft_relations`
--

INSERT INTO `craft_relations` (`id`, `fieldId`, `sourceId`, `sourceLocale`, `targetId`, `sortOrder`, `dateCreated`, `dateUpdated`, `uid`) VALUES
 ('2', '6', '6', NULL, '5', '1', '2017-01-24 15:44:04', '2017-01-24 15:44:04', '70958d64-cd04-487c-9580-1b56f8faf62d'),
 ('3', '4', '6', NULL, '7', '1', '2017-01-24 15:44:04', '2017-01-24 15:44:04', '630d40d4-2196-4737-a053-254e6ed67afd'),
 ('23', '11', '24', NULL, '23', '1', '2017-01-31 17:05:35', '2017-01-31 17:05:35', '91e94f0b-fc8c-47f6-af7a-82bea58c2fb5'),
 ('44', '11', '26', NULL, '23', '1', '2017-02-09 17:07:04', '2017-02-09 17:07:04', 'dbe7bf73-9d4a-4cd8-97b1-9698933471b2'),
 ('79', '28', '14', NULL, '51', '1', '2017-02-14 16:26:31', '2017-02-14 16:26:31', '276d3134-9190-4a6d-bd6c-41962aca48f1'),
 ('111', '33', '28', NULL, '56', '1', '2017-03-06 15:32:58', '2017-03-06 15:32:58', '75e6c4bd-d194-4429-8894-25b59428c3d5'),
 ('121', '9', '11', NULL, '77', '1', '2017-03-09 15:07:41', '2017-03-09 15:07:41', '74faec78-f7d3-49cc-86a9-384d3c76a8e6'),
 ('135', '7', '55', NULL, '56', '1', '2017-03-14 16:33:41', '2017-03-14 16:33:41', '343fd763-d8a8-4e63-9f06-350d8d865423'),
 ('139', '14', '35', NULL, '13', '1', '2017-03-21 15:35:06', '2017-03-21 15:35:06', 'dcabb0d1-8f70-464e-9680-26f12451173a'),
 ('143', '7', '14', NULL, '61', '1', '2017-03-21 15:49:36', '2017-03-21 15:49:36', '65d9a2d7-5b9c-4fb1-a415-8dad2cb64b2a'),
 ('144', '41', '14', NULL, '73', '1', '2017-03-21 15:49:36', '2017-03-21 15:49:36', '8a0cc91a-03ff-4a4e-b8ce-cafca92e85b0'),
 ('166', '27', '50', NULL, '49', '1', '2017-05-12 15:59:43', '2017-05-12 15:59:43', 'eeb0e1e5-9592-495e-88b0-5f8ac5150672'),
 ('206', '6', '83', NULL, '85', '1', '2017-05-22 19:32:42', '2017-05-22 19:32:42', '098bdaf8-bfb0-4440-a039-7710c093b2f3'),
 ('207', '16', '83', NULL, '81', '1', '2017-05-22 19:32:42', '2017-05-22 19:32:42', '7a35cd7b-5d63-4dff-bcb1-26f53cf6447b'),
 ('225', '6', '64', NULL, '25', '1', '2017-05-22 20:25:36', '2017-05-22 20:25:36', 'dce22264-fa35-4054-aa62-5befc3e62491'),
 ('226', '16', '64', NULL, '63', '1', '2017-05-22 20:25:36', '2017-05-22 20:25:36', '9ebeac1f-76fe-41ca-bf79-9aa5c6423cce'),
 ('227', '19', '64', NULL, '41', '1', '2017-05-22 20:25:36', '2017-05-22 20:25:36', '242e6001-929f-47bf-b722-a9df468b2e70'),
 ('228', '6', '82', NULL, '25', '1', '2017-05-22 20:30:11', '2017-05-22 20:30:11', '1579d3fa-1c14-48d0-9565-c8e5ade202a6'),
 ('229', '16', '82', NULL, '80', '1', '2017-05-22 20:30:11', '2017-05-22 20:30:11', 'cb2f3487-c55e-4712-aab4-f67e03d424f7'),
 ('230', '19', '82', NULL, '40', '1', '2017-05-22 20:30:11', '2017-05-22 20:30:11', '11ec2678-2b77-473b-a58b-7d60871205d5'),
 ('235', '7', '8', NULL, '88', '1', '2017-05-30 18:42:31', '2017-05-30 18:42:31', '610e7aa3-a02f-40e5-91c3-a7a14dfa9e9d'),
 ('236', '29', '8', NULL, '88', '1', '2017-05-30 18:42:31', '2017-05-30 18:42:31', '062999ee-fa7b-494f-bbc7-96e30fd830af'),
 ('237', '29', '8', NULL, '89', '2', '2017-05-30 18:42:31', '2017-05-30 18:42:31', '88781da5-5ae6-4ca9-9cb0-c1462b6827de'),
 ('238', '7', '2', NULL, '88', '1', '2017-05-30 18:57:38', '2017-05-30 18:57:38', '6e7afd82-d2a9-4dfb-b648-4d4d24e410dc'),
 ('239', '29', '2', NULL, '88', '1', '2017-05-30 18:57:38', '2017-05-30 18:57:38', 'db4b9bbe-e0dc-4fd0-8a92-011951d76879'),
 ('240', '29', '2', NULL, '89', '2', '2017-05-30 18:57:38', '2017-05-30 18:57:38', '66612d49-0319-4f17-ae11-7c06c0e9d630'),
 ('241', '34', '2', NULL, '75', '1', '2017-05-30 18:57:38', '2017-05-30 18:57:38', 'b8c20d6a-a5a2-4078-9dd2-35d050deb2d3'),
 ('242', '38', '2', NULL, '66', '1', '2017-05-30 18:57:38', '2017-05-30 18:57:38', '55029344-38d6-4256-b307-8fcb5d4bda7c'),
 ('243', '47', '2', NULL, '68', '1', '2017-05-30 18:57:38', '2017-05-30 18:57:38', 'aec7e04c-5b3a-4af3-9291-145413fde79a'),
 ('244', '48', '2', NULL, '70', '1', '2017-05-30 18:57:38', '2017-05-30 18:57:38', 'ecc3c72c-4ab7-4689-96b9-7373770adce0'),
 ('253', '7', '66', NULL, '88', '1', '2017-06-06 15:40:05', '2017-06-06 15:40:05', '9ce200fa-e57b-443d-a2a2-cea8fd60ad7c'),
 ('254', '6', '24', NULL, '5', '1', '2017-06-07 18:53:57', '2017-06-07 18:53:57', '6cb71867-ff62-4ea7-a9a6-5c15f80e35d1'),
 ('255', '19', '24', NULL, '42', '1', '2017-06-07 18:53:57', '2017-06-07 18:53:57', '9e6150ec-dfd7-4b2b-a663-92c08b0c15fb'),
 ('256', '6', '26', NULL, '25', '1', '2017-06-07 18:54:09', '2017-06-07 18:54:09', '4b556a1d-2e95-4541-83a1-65238960a7f7'),
 ('257', '16', '26', NULL, '28', '1', '2017-06-07 18:54:09', '2017-06-07 18:54:09', '1caaf306-7e41-437c-8ac0-e88d4f581565'),
 ('258', '16', '26', NULL, '29', '2', '2017-06-07 18:54:09', '2017-06-07 18:54:09', '274164eb-204e-411c-9fd4-711658cc9293'),
 ('259', '19', '26', NULL, '42', '1', '2017-06-07 18:54:09', '2017-06-07 18:54:09', '285dd4fa-46b9-484a-884b-94ff07acfd5d');



DROP TABLE IF EXISTS `craft_routes`;


--
-- Schema for table `craft_routes`
--
CREATE TABLE `craft_routes` (
  `id` int(11) NOT NULL AUTO_INCREMENT,
  `locale` char(12) COLLATE utf8_unicode_ci DEFAULT NULL,
  `urlParts` varchar(255) COLLATE utf8_unicode_ci NOT NULL,
  `urlPattern` varchar(255) COLLATE utf8_unicode_ci NOT NULL,
  `template` varchar(255) COLLATE utf8_unicode_ci NOT NULL,
  `sortOrder` smallint(6) unsigned DEFAULT NULL,
  `dateCreated` datetime NOT NULL,
  `dateUpdated` datetime NOT NULL,
  `uid` char(36) COLLATE utf8_unicode_ci NOT NULL DEFAULT '0',
  PRIMARY KEY (`id`),
  UNIQUE KEY `craft_routes_urlPattern_unq_idx` (`urlPattern`),
  KEY `craft_routes_locale_idx` (`locale`)
) ENGINE=InnoDB DEFAULT CHARSET=utf8 COLLATE=utf8_unicode_ci;

DROP TABLE IF EXISTS `craft_searchindex`;


--
-- Schema for table `craft_searchindex`
--
CREATE TABLE `craft_searchindex` (
  `elementId` int(11) NOT NULL,
  `attribute` varchar(25) COLLATE utf8_unicode_ci NOT NULL,
  `fieldId` int(11) NOT NULL,
  `locale` char(12) COLLATE utf8_unicode_ci NOT NULL,
  `keywords` text COLLATE utf8_unicode_ci NOT NULL,
  PRIMARY KEY (`elementId`,`attribute`,`fieldId`,`locale`),
  FULLTEXT KEY `craft_searchindex_keywords_idx` (`keywords`)
) ENGINE=MyISAM DEFAULT CHARSET=utf8 COLLATE=utf8_unicode_ci;

--
-- Data for table `craft_searchindex`
--

INSERT INTO `craft_searchindex` (`elementId`, `attribute`, `fieldId`, `locale`, `keywords`) VALUES
 ('2', 'slug', '0', 'en_us', ' homepage '),
 ('2', 'title', '0', 'en_us', ' home '),
 ('2', 'field', '1', 'en_us', ' it s true this site doesn t have a whole lot of content yet but don t worry our web developers have just installed the cms and they re setting things up for the content editors this very moment soon trenokent com will be an oasis of fresh perspectives sharp analyses and astute opinions that will keep you coming back again and again this is test number 2 '),
 ('3', 'slug', '0', 'en_us', ' we just installed craft '),
 ('3', 'title', '0', 'en_us', ' we just installed craft '),
 ('3', 'field', '1', 'en_us', ' craft is the cms that s powering trenokent com it s beautiful powerful flexible and easy to use and it s made by pixel tonic we can t wait to dive in and see what it s capable of this is even more captivating content which you couldn t see on the news index page because it was entered after a page break and the news index template only likes to show the content on the first page craft a nice alternative to word if you re making a website hi '),
 ('3', 'field', '2', 'en_us', ''),
 ('1', 'username', '0', 'en_us', ' ideabase '),
 ('1', 'firstname', '0', 'en_us', ' ideabase '),
 ('1', 'lastname', '0', 'en_us', ''),
 ('1', 'fullname', '0', 'en_us', ' ideabase '),
 ('1', 'email', '0', 'en_us', ' challahan ideabasekent com '),
 ('1', 'slug', '0', 'en_us', ''),
 ('56', 'extension', '0', 'en_us', ' jpg '),
 ('56', 'filename', '0', 'en_us', ' dscf2212_2_170214_113443 jpg '),
 ('5', 'slug', '0', 'en_us', ' appetizer '),
 ('5', 'title', '0', 'en_us', ' appetizer '),
 ('6', 'field', '6', 'en_us', ' appetizer '),
 ('6', 'field', '3', 'en_us', ' description of the food '),
 ('6', 'field', '5', 'en_us', ' 20 00 '),
 ('6', 'field', '4', 'en_us', ' idea base logo horizontal color '),
 ('6', 'slug', '0', 'en_us', ' steak '),
 ('6', 'title', '0', 'en_us', ' steak '),
 ('7', 'filename', '0', 'en_us', ' ideabase_logo_horizontalcolor png '),
 ('7', 'extension', '0', 'en_us', ' png '),
 ('7', 'kind', '0', 'en_us', ' image '),
 ('7', 'slug', '0', 'en_us', ' idea base logo horizontal color '),
 ('7', 'title', '0', 'en_us', ' idea base logo horizontal color '),
 ('8', 'slug', '0', 'en_us', ' about treno '),
 ('8', 'title', '0', 'en_us', ' about treno '),
 ('8', 'field', '1', 'en_us', ' treno is a new website that is opening in kent ohio in may of 2017 '),
 ('8', 'field', '7', 'en_us', ' man 1416138 1920 '),
 ('14', 'field', '7', 'en_us', ' kent bw pufferbelly '),
 ('10', 'slug', '0', 'en_us', ''),
 ('11', 'slug', '0', 'en_us', ''),
 ('11', 'field', '9', 'en_us', ' treno logo 01 '),
 ('14', 'slug', '0', 'en_us', ' directions '),
 ('14', 'title', '0', 'en_us', ' directions '),
 ('14', 'field', '8', 'en_us', ' 152 franklin ave kent ohio 44240 '),
 ('13', 'filename', '0', 'en_us', ' ideabase_logo_horizontalcolor_170127_153106 png '),
 ('13', 'extension', '0', 'en_us', ' png '),
 ('13', 'kind', '0', 'en_us', ' image '),
 ('13', 'slug', '0', 'en_us', ' idea base logo horizontal color '),
 ('13', 'title', '0', 'en_us', ' idea base logo horizontal color '),
 ('14', 'field', '41', 'en_us', ' location ring '),
 ('26', 'title', '0', 'en_us', ' prime rib '),
 ('24', 'field', '11', 'en_us', ' specials '),
 ('24', 'field', '5', 'en_us', ' 15 '),
 ('24', 'field', '4', 'en_us', ''),
 ('24', 'field', '3', 'en_us', ' description of the food '),
 ('23', 'slug', '0', 'en_us', ' specials '),
 ('23', 'title', '0', 'en_us', ' specials '),
 ('24', 'field', '6', 'en_us', ' appetizer '),
 ('26', 'field', '5', 'en_us', ' 20 '),
 ('26', 'field', '4', 'en_us', ''),
 ('26', 'field', '3', 'en_us', ' description of the food lorem ipsumsdaasdadslakf n fdnasknd dskjnfsd knfsa dsfadsfas sdfasdf dsfafaf sdafsdafdsaf dffds lorem ipsum dolor sit amet consectetur adipiscing elit vivamus pulvinar risus est quis pellentesque eros viverra ac sed nec arcu vel ex fermentum blandit eleifend sit amet dui nunc gravida tempus turpis maecenas odio diam auctor id ultricies non ultricies vel metus morbi lobortis magna mollis rhoncus congue orci quam ullamcorper tellus a faucibus dolor dolor sed lorem proin eget dictum eros vehicula gravida nunc sed dignissim tincidunt metus suspendisse commodo molestie nibh vel pulvinar curabitur ut eros at arcu mollis vestibulum sit amet in augue nunc consequat nulla eget ipsum hendrerit in rutrum odio sollicitudin in feugiat consectetur velit suspendisse sit amet dignissim felis morbi a mi magna morbi orci libero iaculis eget condimentum a vulputate vitae risus nunc dui velit elementum ut urna in pharetra convallis eros aliquam iaculis eros vel massa volutpat ac porttitor ipsum hendrerit morbi at metus eu neque scelerisque porttitor etiam sem felis volutpat vitae vestibulum id consequat luctus sapien fusce nec mi ut dolor mattis bibendum donec vel pulvinar tortor non sodales lorem praesent euismod urna non tellus malesuada nec dapibus arcu fringilla ut eu tortor ut metus sollicitudin tempus ut mauris urna placerat quis ultrices vel dapibus eget purus pellentesque congue eleifend justo sed fermentum ut luctus aliquet purus et molestie suspendisse accumsan est at venenatis faucibus pellentesque pulvinar rhoncus porttitor donec eget orci elit vestibulum faucibus leo non nisi pretium sit amet bibendum orci feugiat cras et lacus sed elit tempus imperdiet aenean lacinia aliquam suscipit nam rhoncus commodo massa vitae semper ut sapien odio commodo id turpis sit amet luctus varius metus vivamus quis lorem pellentesque tempor enim a viverra enim fusce aliquet turpis fermentum accumsan porta ex arcu condimentum ligula vitae sagittis eros sem at arcu aliquam porttitor aliquet gravida cras varius nec dolor in luctus ut feugiat tortor ac nisi viverra in porta velit congue vestibulum fermentum vehicula consectetur etiam fringilla ipsum a diam faucibus lobortis proin velit diam egestas eu arcu sit amet hendrerit consectetur ipsum vestibulum velit ante egestas in semper vel sollicitudin eu felis donec scelerisque nisi a efficitur scelerisque curabitur convallis condimentum ipsum phasellus at lacus sed ante commodo elementum nec eget turpis suspendisse euismod sed dui sed sagittis cras congue ipsum in volutpat fermentum purus tellus laoreet enim in porta mauris sapien faucibus lorem vivamus vitae nibh velit etiam scelerisque enim sit amet tincidunt laoreet nam sed pretium nulla nec tincidunt libero aliquam et neque nec magna vestibulum tempor a quis dolor pellentesque dui velit commodo nec venenatis a fermentum eget ipsum etiam vitae pellentesque orci vitae lobortis arcu suspendisse non dapibus velit vivamus auctor eros vel urna feugiat luctus mauris lacinia ex at imperdiet accumsan velit arcu elementum felis eu sollicitudin eros purus a est curabitur ultricies tempus lorem ut pulvinar ut diam tortor venenatis in ligula eget venenatis molestie purus proin eu turpis at quam vestibulum ornare curabitur a dictum lacus at elementum quam proin convallis leo sit amet laoreet efficitur in hac habitasse platea dictumst morbi egestas at felis ut varius quisque scelerisque neque libero aliquam dictum urna condimentum eget maecenas pretium vitae felis sit amet placerat nam ornare eget urna ac condimentum morbi in augue id augue lacinia tincidunt eget vel leo pellentesque pharetra lacus enim eu congue lectus lobortis sit amet donec tempor elit quis felis consectetur et tempor elit ultricies nunc sit amet turpis felis etiam malesuada diam neque ac auctor urna molestie a aenean erat velit porttitor vel elit nec maximus dictum lectus sed vehicula risus nec est elementum tincidunt quisque vitae tellus eget eros faucibus scelerisque nulla dapibus turpis non vestibulum egestas ex lectus condimentum sem vitae pharetra mi turpis nec felis quisque in massa euismod varius lectus id consectetur lacus in eu mollis odio morbi tristique turpis ac dolor placerat lobortis in sit amet dolor nam ac ante arcu mauris ligula tortor consectetur nec turpis facilisis blandit laoreet enim morbi et nisi mattis ornare massa in hendrerit libero maecenas semper sem vitae leo varius ullamcorper sed ex lacus interdum vel odio vel imperdiet gravida massa vivamus sit amet odio et nunc faucibus consequat eget sed elit phasellus maximus aliquam lorem nec lacinia risus interdum consectetur sed aliquam nisl nec pretium venenatis nullam mauris arcu tincidunt molestie velit quis elementum mattis felis '),
 ('26', 'field', '6', 'en_us', ' entree '),
 ('24', 'slug', '0', 'en_us', ' fish sandwich '),
 ('24', 'title', '0', 'en_us', ' fish sandwich '),
 ('25', 'slug', '0', 'en_us', ' entree '),
 ('25', 'title', '0', 'en_us', ' entree '),
 ('26', 'slug', '0', 'en_us', ' prime rib '),
 ('26', 'field', '11', 'en_us', ' specials '),
 ('28', 'slug', '0', 'en_us', ' lunch '),
 ('28', 'title', '0', 'en_us', ' lunch '),
 ('29', 'slug', '0', 'en_us', ' dinner '),
 ('29', 'title', '0', 'en_us', ' dinner '),
 ('30', 'slug', '0', 'en_us', ' soda '),
 ('30', 'title', '0', 'en_us', ' soda '),
 ('31', 'slug', '0', 'en_us', ' beer '),
 ('31', 'title', '0', 'en_us', ' beer '),
 ('32', 'slug', '0', 'en_us', ' wine '),
 ('32', 'title', '0', 'en_us', ' wine '),
 ('6', 'field', '11', 'en_us', ''),
 ('24', 'field', '16', 'en_us', ''),
 ('6', 'field', '16', 'en_us', ''),
 ('8', 'field', '12', 'en_us', ' testing information for the matrix field idea base logo horizontal color '),
 ('34', 'field', '13', 'en_us', ' testing information for the matrix field '),
 ('34', 'slug', '0', 'en_us', ''),
 ('35', 'field', '14', 'en_us', ' idea base logo horizontal color '),
 ('35', 'slug', '0', 'en_us', ''),
 ('26', 'field', '16', 'en_us', ' lunch dinner '),
 ('40', 'slug', '0', 'en_us', ' monday '),
 ('40', 'title', '0', 'en_us', ' monday '),
 ('41', 'slug', '0', 'en_us', ' tuesday '),
 ('41', 'title', '0', 'en_us', ' tuesday '),
 ('42', 'slug', '0', 'en_us', ' wednesday '),
 ('42', 'title', '0', 'en_us', ' wednesday '),
 ('43', 'slug', '0', 'en_us', ' thursday '),
 ('43', 'title', '0', 'en_us', ' thursday '),
 ('44', 'slug', '0', 'en_us', ' friday '),
 ('44', 'title', '0', 'en_us', ' friday '),
 ('45', 'slug', '0', 'en_us', ' saturday '),
 ('45', 'title', '0', 'en_us', ' saturday '),
 ('46', 'slug', '0', 'en_us', ' sunday '),
 ('46', 'title', '0', 'en_us', ' sunday '),
 ('10', 'field', '23', 'en_us', ''),
 ('10', 'field', '21', 'en_us', ' info trenokent com '),
 ('10', 'field', '22', 'en_us', ' mon thurs 11a m 10p m mon thurs 11a m 10p m fri sun 11a m 11p m fri sun 11a m 11p m '),
 ('80', 'field', '33', 'en_us', '');
INSERT INTO `craft_searchindex` (`elementId`, `attribute`, `fieldId`, `locale`, `keywords`) VALUES
 ('49', 'filename', '0', 'en_us', ' heatshot_170214_102649 svg '),
 ('49', 'extension', '0', 'en_us', ' svg '),
 ('49', 'kind', '0', 'en_us', ' image '),
 ('49', 'slug', '0', 'en_us', ' heatshot '),
 ('49', 'title', '0', 'en_us', ' heatshot '),
 ('50', 'field', '26', 'en_us', ' jon is an excited new member of our team who is looking forward to seeing the website finished '),
 ('50', 'field', '27', 'en_us', ' heatshot '),
 ('50', 'slug', '0', 'en_us', ' jon smith '),
 ('50', 'title', '0', 'en_us', ' jon smith '),
 ('51', 'filename', '0', 'en_us', ' map_170214_103003 jpg '),
 ('51', 'extension', '0', 'en_us', ' jpg '),
 ('51', 'kind', '0', 'en_us', ' image '),
 ('51', 'slug', '0', 'en_us', ' map '),
 ('51', 'title', '0', 'en_us', ' map '),
 ('14', 'field', '28', 'en_us', ' map '),
 ('52', 'filename', '0', 'en_us', ' ideabase_logo_horizontalcolor_170214_103143 png '),
 ('52', 'extension', '0', 'en_us', ' png '),
 ('52', 'kind', '0', 'en_us', ' image '),
 ('52', 'slug', '0', 'en_us', ' idea base logo horizontal color '),
 ('52', 'title', '0', 'en_us', ' idea base logo horizontal color '),
 ('8', 'field', '29', 'en_us', ' man 1416138 1920 mj smiling 3 '),
 ('54', 'extension', '0', 'en_us', ' png '),
 ('54', 'filename', '0', 'en_us', ' 5ffa85b58a16a432_170214_112822 png '),
 ('54', 'kind', '0', 'en_us', ' image '),
 ('54', 'slug', '0', 'en_us', ' 5 ffa85 b58 a16 a432 '),
 ('54', 'title', '0', 'en_us', ' 5 ffa85 b58 a16 a432 '),
 ('55', 'field', '24', 'en_us', ' here is some information about how to make a reservation '),
 ('55', 'field', '23', 'en_us', ''),
 ('55', 'field', '25', 'en_us', ' here is some information about how to schedule a private party or an event '),
 ('55', 'slug', '0', 'en_us', ' test '),
 ('55', 'title', '0', 'en_us', ' reservations '),
 ('56', 'kind', '0', 'en_us', ' image '),
 ('56', 'slug', '0', 'en_us', ' dscf2212 2 '),
 ('56', 'title', '0', 'en_us', ' dscf2212 2 '),
 ('8', 'field', '30', 'en_us', ' lorem ipsum dolor sit amet consectetuer adipiscing elit aenean commodoligula eget dolor aenean massa cum sociis natoque penatibus etmagnis dis parturient montes nascetur ridiculus mus donec quam felis ultricies nec pellentesque eu pretium quis sem nulla consequat massaquis enim donec pede justo fringilla vel aliquet nec vulputate eget arcu in enim justo rhoncus ut imperdiet a venenatis vitae justo nullamdictum felis eu pede mollis pretium integer tincidunt cras dapibus vivamuselementum semper nisi aenean vulputate eleifend tellus aeneanleo ligula porttitor eu consequat vitae eleifend ac enim aliquam lorem  '),
 ('10', 'field', '8', 'en_us', ' 152 franklin ave kent ohio 44240 '),
 ('62', 'title', '0', 'en_us', ' low angle pufferbelly '),
 ('62', 'kind', '0', 'en_us', ' image '),
 ('62', 'slug', '0', 'en_us', ' low angle pufferbelly '),
 ('62', 'extension', '0', 'en_us', ' jpg '),
 ('62', 'filename', '0', 'en_us', ' low angle pufferbelly_170224_100709 jpg '),
 ('61', 'title', '0', 'en_us', ' kent bw pufferbelly '),
 ('61', 'kind', '0', 'en_us', ' image '),
 ('61', 'slug', '0', 'en_us', ' kent bw pufferbelly '),
 ('61', 'extension', '0', 'en_us', ' jpg '),
 ('61', 'filename', '0', 'en_us', ' kent bw pufferbelly_170224_100658 jpg '),
 ('63', 'slug', '0', 'en_us', ' brunch '),
 ('63', 'title', '0', 'en_us', ' brunch '),
 ('3', 'field', '31', 'en_us', ' 1 '),
 ('8', 'field', '8', 'en_us', ' history '),
 ('64', 'field', '6', 'en_us', ' entree '),
 ('64', 'field', '3', 'en_us', ' description of the food '),
 ('64', 'field', '5', 'en_us', ' 15 '),
 ('64', 'field', '4', 'en_us', ''),
 ('64', 'field', '11', 'en_us', ''),
 ('64', 'field', '16', 'en_us', ' brunch '),
 ('64', 'slug', '0', 'en_us', ' brunch item '),
 ('64', 'title', '0', 'en_us', ' brunch item '),
 ('14', 'field', '32', 'en_us', ' https www google com maps embed pb= 1m18 1m12 1m3 1d3004 131777930494 2d 81 35954584821805 3d41 15347577918477 2m3 1f0 2f0 3f0 3m2 1i1024 2i768 4f13 1 3m3 1m2 1s0x883125213bb987bb%3a0x25ce1992d4aa5850 2sideabase 5e0 3m2 1sen 2sus 4v1488213388847 '),
 ('2', 'field', '7', 'en_us', ' man 1416138 1920 '),
 ('2', 'field', '29', 'en_us', ' man 1416138 1920 mj smiling 3 '),
 ('65', 'filename', '0', 'en_us', ' czek 1 pdf '),
 ('65', 'extension', '0', 'en_us', ' pdf '),
 ('65', 'kind', '0', 'en_us', ' pdf '),
 ('65', 'slug', '0', 'en_us', ' czek 1 '),
 ('65', 'title', '0', 'en_us', ' czek 1 '),
 ('28', 'field', '33', 'en_us', ' dscf2212 2 '),
 ('66', 'slug', '0', 'en_us', ' menu landing page '),
 ('66', 'title', '0', 'en_us', ' menu '),
 ('55', 'field', '7', 'en_us', ' dscf2212 2 '),
 ('66', 'field', '7', 'en_us', ' man 1416138 1920 '),
 ('67', 'filename', '0', 'en_us', ' arrow left gold svg '),
 ('67', 'extension', '0', 'en_us', ' svg '),
 ('67', 'kind', '0', 'en_us', ' image '),
 ('67', 'slug', '0', 'en_us', ' arrow left gold '),
 ('67', 'title', '0', 'en_us', ' arrow left gold '),
 ('68', 'filename', '0', 'en_us', ' arrow left white svg '),
 ('68', 'extension', '0', 'en_us', ' svg '),
 ('68', 'kind', '0', 'en_us', ' image '),
 ('68', 'slug', '0', 'en_us', ' arrow left white '),
 ('68', 'title', '0', 'en_us', ' arrow left white '),
 ('69', 'filename', '0', 'en_us', ' arrow right gold svg '),
 ('69', 'extension', '0', 'en_us', ' svg '),
 ('69', 'kind', '0', 'en_us', ' image '),
 ('69', 'slug', '0', 'en_us', ' arrow right gold '),
 ('69', 'title', '0', 'en_us', ' arrow right gold '),
 ('70', 'filename', '0', 'en_us', ' arrow right white svg '),
 ('70', 'extension', '0', 'en_us', ' svg '),
 ('70', 'kind', '0', 'en_us', ' image '),
 ('70', 'slug', '0', 'en_us', ' arrow right white '),
 ('70', 'title', '0', 'en_us', ' arrow right white '),
 ('71', 'filename', '0', 'en_us', ' face circles svg '),
 ('71', 'extension', '0', 'en_us', ' svg '),
 ('71', 'kind', '0', 'en_us', ' image '),
 ('71', 'slug', '0', 'en_us', ' face circles '),
 ('71', 'title', '0', 'en_us', ' face circles '),
 ('72', 'filename', '0', 'en_us', ' history building svg '),
 ('72', 'extension', '0', 'en_us', ' svg '),
 ('72', 'kind', '0', 'en_us', ' image '),
 ('72', 'slug', '0', 'en_us', ' history building ');
INSERT INTO `craft_searchindex` (`elementId`, `attribute`, `fieldId`, `locale`, `keywords`) VALUES
 ('72', 'title', '0', 'en_us', ' history building '),
 ('73', 'filename', '0', 'en_us', ' location ring svg '),
 ('73', 'extension', '0', 'en_us', ' svg '),
 ('73', 'kind', '0', 'en_us', ' image '),
 ('73', 'slug', '0', 'en_us', ' location ring '),
 ('73', 'title', '0', 'en_us', ' location ring '),
 ('74', 'filename', '0', 'en_us', ' pasta svg '),
 ('74', 'extension', '0', 'en_us', ' svg '),
 ('74', 'kind', '0', 'en_us', ' image '),
 ('74', 'slug', '0', 'en_us', ' pasta '),
 ('74', 'title', '0', 'en_us', ' pasta '),
 ('75', 'filename', '0', 'en_us', ' tomato plant graphic svg '),
 ('75', 'extension', '0', 'en_us', ' svg '),
 ('75', 'kind', '0', 'en_us', ' image '),
 ('75', 'slug', '0', 'en_us', ' tomato plant graphic '),
 ('75', 'title', '0', 'en_us', ' tomato plant graphic '),
 ('76', 'filename', '0', 'en_us', ' tomatoes svg '),
 ('76', 'extension', '0', 'en_us', ' svg '),
 ('76', 'kind', '0', 'en_us', ' image '),
 ('76', 'slug', '0', 'en_us', ' tomatoes '),
 ('76', 'title', '0', 'en_us', ' tomatoes '),
 ('77', 'filename', '0', 'en_us', ' treno logo 01 svg '),
 ('77', 'extension', '0', 'en_us', ' svg '),
 ('77', 'kind', '0', 'en_us', ' image '),
 ('77', 'slug', '0', 'en_us', ' treno logo 01 '),
 ('77', 'title', '0', 'en_us', ' treno logo 01 '),
 ('78', 'filename', '0', 'en_us', ' treno logomark 02 svg '),
 ('78', 'extension', '0', 'en_us', ' svg '),
 ('78', 'kind', '0', 'en_us', ' image '),
 ('78', 'slug', '0', 'en_us', ' treno logomark 02 '),
 ('78', 'title', '0', 'en_us', ' treno logomark 02 '),
 ('79', 'filename', '0', 'en_us', ' welcome building svg '),
 ('79', 'extension', '0', 'en_us', ' svg '),
 ('79', 'kind', '0', 'en_us', ' image '),
 ('79', 'slug', '0', 'en_us', ' welcome building '),
 ('79', 'title', '0', 'en_us', ' welcome building '),
 ('2', 'field', '34', 'en_us', ' tomato plant graphic '),
 ('2', 'field', '35', 'en_us', ' welcome '),
 ('2', 'field', '36', 'en_us', ' to kents '),
 ('2', 'field', '37', 'en_us', ' ristorante '),
 ('2', 'field', '38', 'en_us', ' menu '),
 ('3', 'field', '39', 'en_us', ' 2017 05 11 '),
 ('10', 'field', '40', 'en_us', ' treno ristorante all rights reserved '),
 ('14', 'field', '42', 'en_us', ' lorem ipsum dolor sit amet consectetuer adipiscing elit aenean commodo ligula eget dolor aenean massa cum sociis natoque penatibus et magnis dis parturient montes '),
 ('14', 'field', '43', 'en_us', ' lorem ipsum dolor sit amet consectetuer adipiscing elit aenean commodo ligula eget dolor aenean massa cum sociis natoque penatibus et magnis dis parturient montes '),
 ('14', 'field', '44', 'en_us', ' lorem ipsum dolor sit amet consectetuer adipiscing elit aenean commodo ligula eget dolor aenean massa cum sociis natoque penatibus et magnis dis parturient montes '),
 ('14', 'field', '46', 'en_us', ' lorem ipsum dolor sit amet consectetuer adipiscing elit aenean commodo ligula eget dolor aenean massa cum sociis natoque penatibus et magnis dis parturient montes '),
 ('14', 'field', '45', 'en_us', ' $5 '),
 ('2', 'field', '47', 'en_us', ' arrow left white '),
 ('2', 'field', '48', 'en_us', ' arrow right white '),
 ('80', 'slug', '0', 'en_us', ' specials '),
 ('80', 'title', '0', 'en_us', ' specials '),
 ('81', 'field', '33', 'en_us', ''),
 ('81', 'slug', '0', 'en_us', ' drinks '),
 ('81', 'title', '0', 'en_us', ' drinks '),
 ('82', 'field', '6', 'en_us', ' entree '),
 ('82', 'field', '3', 'en_us', ' food description food description this is done this way and that way really good ready to eat lets make this food '),
 ('82', 'field', '5', 'en_us', ' 5 '),
 ('82', 'field', '4', 'en_us', ''),
 ('82', 'field', '11', 'en_us', ''),
 ('82', 'field', '16', 'en_us', ' specials '),
 ('82', 'slug', '0', 'en_us', ' special '),
 ('82', 'title', '0', 'en_us', ' special '),
 ('83', 'field', '6', 'en_us', ' soda '),
 ('83', 'field', '3', 'en_us', ' description of the drink '),
 ('83', 'field', '5', 'en_us', ' 3 '),
 ('83', 'field', '4', 'en_us', ''),
 ('83', 'field', '11', 'en_us', ''),
 ('83', 'field', '16', 'en_us', ' drinks '),
 ('83', 'slug', '0', 'en_us', ' drink '),
 ('83', 'title', '0', 'en_us', ' drink '),
 ('84', 'slug', '0', 'en_us', ' sides '),
 ('84', 'title', '0', 'en_us', ' sides '),
 ('85', 'slug', '0', 'en_us', ' soda '),
 ('85', 'title', '0', 'en_us', ' soda '),
 ('86', 'slug', '0', 'en_us', ' desserts '),
 ('86', 'title', '0', 'en_us', ' desserts '),
 ('87', 'field', '1', 'en_us', ' lorem ipsum dolor sit amet consectetuer adipiscing elit aenean commodo ligula eget dolor aenean massa cum sociis natoque penatibus et magnis dis parturient montes '),
 ('87', 'field', '2', 'en_us', ''),
 ('87', 'field', '31', 'en_us', ' 1 '),
 ('87', 'field', '39', 'en_us', ' 2017 05 31 '),
 ('87', 'slug', '0', 'en_us', ' new news entry '),
 ('87', 'title', '0', 'en_us', ' new news entry '),
 ('88', 'filename', '0', 'en_us', ' man 1416138_1920 jpg '),
 ('88', 'extension', '0', 'en_us', ' jpg '),
 ('88', 'kind', '0', 'en_us', ' image '),
 ('88', 'slug', '0', 'en_us', ' man 1416138 1920 '),
 ('88', 'title', '0', 'en_us', ' man 1416138 1920 '),
 ('82', 'field', '19', 'en_us', ' monday '),
 ('6', 'field', '19', 'en_us', ''),
 ('24', 'field', '19', 'en_us', ' wednesday '),
 ('26', 'field', '19', 'en_us', ' wednesday '),
 ('64', 'field', '19', 'en_us', ' tuesday '),
 ('83', 'field', '19', 'en_us', ''),
 ('89', 'filename', '0', 'en_us', ' mj smiling 3 jpg '),
 ('89', 'extension', '0', 'en_us', ' jpg '),
 ('89', 'kind', '0', 'en_us', ' image '),
 ('89', 'slug', '0', 'en_us', ' mj smiling 3 '),
 ('89', 'title', '0', 'en_us', ' mj smiling 3 '),
 ('66', 'field', '1', 'en_us', ' lorem ipsum dsfmfaldf fdlsm fdsa dsfdsafsaf ');
INSERT INTO `craft_searchindex` (`elementId`, `attribute`, `fieldId`, `locale`, `keywords`) VALUES
 ('90', 'field', '1', 'en_us', ' gfdgfdgdfgdfgfdgdfggfddf '),
 ('90', 'field', '2', 'en_us', ''),
 ('90', 'field', '31', 'en_us', ' 1 '),
 ('90', 'field', '39', 'en_us', ' 2017 06 15 '),
 ('90', 'slug', '0', 'en_us', ' gfdgdfgfdgfd '),
 ('90', 'title', '0', 'en_us', ' gfdgdfgfdgfd ');



DROP TABLE IF EXISTS `craft_sections`;


--
-- Schema for table `craft_sections`
--
CREATE TABLE `craft_sections` (
  `id` int(11) NOT NULL AUTO_INCREMENT,
  `structureId` int(11) DEFAULT NULL,
  `name` varchar(255) COLLATE utf8_unicode_ci NOT NULL,
  `handle` varchar(255) COLLATE utf8_unicode_ci NOT NULL,
  `type` enum('single','channel','structure') COLLATE utf8_unicode_ci NOT NULL DEFAULT 'channel',
  `hasUrls` tinyint(1) unsigned NOT NULL DEFAULT '1',
  `template` varchar(500) COLLATE utf8_unicode_ci DEFAULT NULL,
  `enableVersioning` tinyint(1) unsigned NOT NULL DEFAULT '0',
  `dateCreated` datetime NOT NULL,
  `dateUpdated` datetime NOT NULL,
  `uid` char(36) COLLATE utf8_unicode_ci NOT NULL DEFAULT '0',
  PRIMARY KEY (`id`),
  UNIQUE KEY `craft_sections_name_unq_idx` (`name`),
  UNIQUE KEY `craft_sections_handle_unq_idx` (`handle`),
  KEY `craft_sections_structureId_fk` (`structureId`)
) ENGINE=InnoDB AUTO_INCREMENT=14 DEFAULT CHARSET=utf8 COLLATE=utf8_unicode_ci;

--
-- Data for table `craft_sections`
--

INSERT INTO `craft_sections` (`id`, `structureId`, `name`, `handle`, `type`, `hasUrls`, `template`, `enableVersioning`, `dateCreated`, `dateUpdated`, `uid`) VALUES
 ('1', NULL, 'Homepage', 'homepage', 'single', '1', 'index', '1', '2017-01-24 03:51:11', '2017-01-24 03:51:11', '9192c274-7d82-4fca-b180-6e3bff3d3893'),
 ('2', NULL, 'News', 'news', 'channel', '1', 'news/_entry', '1', '2017-01-24 03:51:11', '2017-02-14 16:23:14', '0de03d06-ba42-4155-91db-dabc4ed67e8a'),
 ('3', NULL, 'Food', 'menu', 'channel', '1', 'menu/index.html', '1', '2017-01-24 15:27:12', '2017-05-22 19:06:06', 'e0010c7a-2d0b-4944-adfb-c27f797cf3bd'),
 ('4', NULL, 'About Treno', 'aboutTreno', 'single', '1', 'about', '1', '2017-01-24 16:04:18', '2017-05-22 19:06:11', '6bc3a776-c850-424f-8827-d0f85ddd66fa'),
 ('7', NULL, 'Directions', 'directions', 'single', '1', 'Directions', '1', '2017-01-30 15:31:53', '2017-05-22 19:06:17', 'e5590ff9-fa95-41ed-9a9c-7a34aa49ede7'),
 ('11', NULL, 'Reservations', 'reservations', 'single', '1', 'reservations/index.html', '1', '2017-02-13 14:51:27', '2017-02-27 16:29:37', '82fb84fb-b353-46bc-8649-bdab313f53b9'),
 ('12', NULL, 'Team Profiles', 'profiles', 'channel', '1', 'team-profiles/_entry', '1', '2017-02-14 15:25:43', '2017-02-14 15:25:43', '5eec8b4e-6878-4b00-bbf8-93164d16efcf'),
 ('13', NULL, 'Menu ', 'menuLandingPage', 'single', '1', 'menu/index.html', '1', '2017-03-06 15:33:58', '2017-03-06 15:40:25', 'a8ae9d03-5abd-4eee-aa66-9be442216b23');



DROP TABLE IF EXISTS `craft_sections_i18n`;


--
-- Schema for table `craft_sections_i18n`
--
CREATE TABLE `craft_sections_i18n` (
  `id` int(11) NOT NULL AUTO_INCREMENT,
  `sectionId` int(11) NOT NULL,
  `locale` char(12) COLLATE utf8_unicode_ci NOT NULL,
  `enabledByDefault` tinyint(1) unsigned NOT NULL DEFAULT '1',
  `urlFormat` text COLLATE utf8_unicode_ci,
  `nestedUrlFormat` text COLLATE utf8_unicode_ci,
  `dateCreated` datetime NOT NULL,
  `dateUpdated` datetime NOT NULL,
  `uid` char(36) COLLATE utf8_unicode_ci NOT NULL DEFAULT '0',
  PRIMARY KEY (`id`),
  UNIQUE KEY `craft_sections_i18n_sectionId_locale_unq_idx` (`sectionId`,`locale`),
  KEY `craft_sections_i18n_locale_fk` (`locale`)
) ENGINE=InnoDB AUTO_INCREMENT=14 DEFAULT CHARSET=utf8 COLLATE=utf8_unicode_ci;

--
-- Data for table `craft_sections_i18n`
--

INSERT INTO `craft_sections_i18n` (`id`, `sectionId`, `locale`, `enabledByDefault`, `urlFormat`, `nestedUrlFormat`, `dateCreated`, `dateUpdated`, `uid`) VALUES
 ('1', '1', 'en_us', '1', '__home__', NULL, '2017-01-24 03:51:11', '2017-01-24 03:51:11', '3d302c27-8d20-48db-9709-b4854a055ba2'),
 ('2', '2', 'en_us', '1', 'news/{postDate.year}/{slug}', NULL, '2017-01-24 03:51:11', '2017-01-24 03:51:11', 'e3bf2101-8d7d-47f9-aea5-4b35d283b153'),
 ('3', '3', 'en_us', '1', 'menu/{slug}', NULL, '2017-01-24 15:27:12', '2017-01-24 15:27:12', '554862a3-b0a8-4c35-b02a-42315f62a2e5'),
 ('4', '4', 'en_us', '1', 'about', NULL, '2017-01-24 16:04:18', '2017-01-24 16:04:18', 'b68ab40f-5ce1-40a6-a94e-7b5fb944943e'),
 ('7', '7', 'en_us', '1', 'directions', NULL, '2017-01-30 15:31:53', '2017-01-30 15:31:53', 'd4d32e30-d8a4-4535-9400-6d658a0537e4'),
 ('11', '11', 'en_us', '1', 'reservations', NULL, '2017-02-13 14:51:27', '2017-02-27 16:29:37', '070f2ce7-bab7-4e75-8836-b38c51dd800d'),
 ('12', '12', 'en_us', '1', 'team-profiles/{slug}', NULL, '2017-02-14 15:25:43', '2017-02-14 15:25:43', 'becb225c-a622-45d3-af31-6978a8d7e2ef'),
 ('13', '13', 'en_us', '1', 'menu', NULL, '2017-03-06 15:33:58', '2017-03-06 15:33:58', '51268ae2-b3e3-4856-9b9f-56e1cf5cbd64');



DROP TABLE IF EXISTS `craft_seomatic_meta`;


--
-- Schema for table `craft_seomatic_meta`
--
CREATE TABLE `craft_seomatic_meta` (
  `id` int(11) NOT NULL,
  `seoImageId` int(11) DEFAULT NULL,
  `seoTwitterImageId` int(11) DEFAULT NULL,
  `seoFacebookImageId` int(11) DEFAULT NULL,
  `locale` varchar(255) COLLATE utf8_unicode_ci DEFAULT 'en_us',
  `elementId` int(10) DEFAULT '0',
  `metaType` enum('default','template') COLLATE utf8_unicode_ci DEFAULT 'template',
  `metaPath` varchar(255) COLLATE utf8_unicode_ci DEFAULT '',
  `seoMainEntityCategory` varchar(255) COLLATE utf8_unicode_ci DEFAULT '',
  `seoMainEntityOfPage` varchar(255) COLLATE utf8_unicode_ci DEFAULT '',
  `seoTitle` varchar(255) COLLATE utf8_unicode_ci DEFAULT '',
  `seoDescription` varchar(255) COLLATE utf8_unicode_ci DEFAULT '',
  `seoKeywords` varchar(255) COLLATE utf8_unicode_ci DEFAULT '',
  `seoImageTransform` varchar(255) COLLATE utf8_unicode_ci DEFAULT '',
  `seoFacebookImageTransform` varchar(255) COLLATE utf8_unicode_ci DEFAULT '',
  `seoTwitterImageTransform` varchar(255) COLLATE utf8_unicode_ci DEFAULT '',
  `twitterCardType` varchar(255) COLLATE utf8_unicode_ci DEFAULT 'summary',
  `openGraphType` varchar(255) COLLATE utf8_unicode_ci DEFAULT 'website',
  `robots` varchar(255) COLLATE utf8_unicode_ci DEFAULT '',
  `dateCreated` datetime NOT NULL,
  `dateUpdated` datetime NOT NULL,
  `uid` char(36) COLLATE utf8_unicode_ci NOT NULL DEFAULT '0',
  PRIMARY KEY (`id`),
  KEY `craft_seomatic_meta_seoImageId_fk` (`seoImageId`),
  KEY `craft_seomatic_meta_seoTwitterImageId_fk` (`seoTwitterImageId`),
  KEY `craft_seomatic_meta_seoFacebookImageId_fk` (`seoFacebookImageId`)
) ENGINE=InnoDB DEFAULT CHARSET=utf8 COLLATE=utf8_unicode_ci;

DROP TABLE IF EXISTS `craft_seomatic_settings`;


--
-- Schema for table `craft_seomatic_settings`
--
CREATE TABLE `craft_seomatic_settings` (
  `id` int(11) NOT NULL AUTO_INCREMENT,
  `siteSeoImageId` int(11) DEFAULT NULL,
  `siteSeoTwitterImageId` int(11) DEFAULT NULL,
  `siteSeoFacebookImageId` int(11) DEFAULT NULL,
  `genericOwnerImageId` int(11) DEFAULT NULL,
  `genericCreatorImageId` int(11) DEFAULT NULL,
  `locale` varchar(255) COLLATE utf8_unicode_ci DEFAULT '',
  `siteSeoName` varchar(255) COLLATE utf8_unicode_ci DEFAULT '',
  `siteSeoTitle` varchar(255) COLLATE utf8_unicode_ci DEFAULT '',
  `siteSeoTitleSeparator` varchar(10) COLLATE utf8_unicode_ci DEFAULT '|',
  `siteSeoTitlePlacement` enum('before','after','none') COLLATE utf8_unicode_ci DEFAULT 'after',
  `siteSeoDescription` varchar(255) COLLATE utf8_unicode_ci DEFAULT '',
  `siteSeoKeywords` varchar(255) COLLATE utf8_unicode_ci DEFAULT '',
  `siteSeoImageTransform` varchar(100) COLLATE utf8_unicode_ci DEFAULT '',
  `siteSeoFacebookImageTransform` varchar(100) COLLATE utf8_unicode_ci DEFAULT '',
  `siteSeoTwitterImageTransform` varchar(100) COLLATE utf8_unicode_ci DEFAULT '',
  `siteTwitterCardType` varchar(50) COLLATE utf8_unicode_ci DEFAULT '',
  `siteOpenGraphType` varchar(50) COLLATE utf8_unicode_ci DEFAULT '',
  `siteRobots` varchar(50) COLLATE utf8_unicode_ci DEFAULT '',
  `siteRobotsTxt` text COLLATE utf8_unicode_ci,
  `siteLinksSearchTargets` text COLLATE utf8_unicode_ci,
  `siteLinksQueryInput` varchar(50) COLLATE utf8_unicode_ci DEFAULT '',
  `googleSiteVerification` varchar(100) COLLATE utf8_unicode_ci DEFAULT '',
  `bingSiteVerification` varchar(100) COLLATE utf8_unicode_ci DEFAULT '',
  `googleAnalyticsUID` varchar(50) COLLATE utf8_unicode_ci DEFAULT '',
  `googleTagManagerID` varchar(50) COLLATE utf8_unicode_ci DEFAULT '',
  `googleAnalyticsSendPageview` tinyint(1) unsigned NOT NULL DEFAULT '1',
  `googleAnalyticsAdvertising` tinyint(1) unsigned NOT NULL DEFAULT '0',
  `googleAnalyticsEcommerce` tinyint(1) unsigned NOT NULL DEFAULT '0',
  `googleAnalyticsEEcommerce` tinyint(1) unsigned NOT NULL DEFAULT '0',
  `googleAnalyticsLinkAttribution` tinyint(1) unsigned NOT NULL DEFAULT '0',
  `googleAnalyticsLinker` tinyint(1) unsigned NOT NULL DEFAULT '0',
  `googleAnalyticsAnonymizeIp` tinyint(1) unsigned NOT NULL DEFAULT '0',
  `siteOwnerType` varchar(50) COLLATE utf8_unicode_ci DEFAULT '',
  `siteOwnerSubType` varchar(50) COLLATE utf8_unicode_ci DEFAULT '',
  `siteOwnerSpecificType` varchar(50) COLLATE utf8_unicode_ci DEFAULT '',
  `genericOwnerName` varchar(255) COLLATE utf8_unicode_ci DEFAULT '',
  `genericOwnerAlternateName` varchar(255) COLLATE utf8_unicode_ci DEFAULT '',
  `genericOwnerDescription` varchar(1024) COLLATE utf8_unicode_ci DEFAULT '',
  `genericOwnerUrl` varchar(255) COLLATE utf8_unicode_ci DEFAULT '',
  `genericOwnerTelephone` varchar(255) COLLATE utf8_unicode_ci DEFAULT '',
  `genericOwnerEmail` varchar(255) COLLATE utf8_unicode_ci DEFAULT '',
  `genericOwnerStreetAddress` varchar(255) COLLATE utf8_unicode_ci DEFAULT '',
  `genericOwnerAddressLocality` varchar(255) COLLATE utf8_unicode_ci DEFAULT '',
  `genericOwnerAddressRegion` varchar(255) COLLATE utf8_unicode_ci DEFAULT '',
  `genericOwnerPostalCode` varchar(255) COLLATE utf8_unicode_ci DEFAULT '',
  `genericOwnerAddressCountry` varchar(255) COLLATE utf8_unicode_ci DEFAULT '',
  `genericOwnerGeoLatitude` varchar(255) COLLATE utf8_unicode_ci DEFAULT '',
  `genericOwnerGeoLongitude` varchar(255) COLLATE utf8_unicode_ci DEFAULT '',
  `organizationOwnerDuns` varchar(255) COLLATE utf8_unicode_ci DEFAULT '',
  `organizationOwnerFounder` varchar(255) COLLATE utf8_unicode_ci DEFAULT '',
  `organizationOwnerFoundingDate` varchar(255) COLLATE utf8_unicode_ci DEFAULT '',
  `organizationOwnerFoundingLocation` varchar(255) COLLATE utf8_unicode_ci DEFAULT '',
  `organizationOwnerContactPoints` text COLLATE utf8_unicode_ci,
  `localBusinessPriceRange` varchar(10) COLLATE utf8_unicode_ci DEFAULT '$$$',
  `localBusinessOwnerOpeningHours` text COLLATE utf8_unicode_ci,
  `corporationOwnerTickerSymbol` varchar(255) COLLATE utf8_unicode_ci DEFAULT '',
  `restaurantOwnerServesCuisine` varchar(255) COLLATE utf8_unicode_ci DEFAULT '',
  `restaurantOwnerMenuUrl` varchar(255) COLLATE utf8_unicode_ci DEFAULT '',
  `restaurantOwnerReservationsUrl` varchar(255) COLLATE utf8_unicode_ci DEFAULT '',
  `personOwnerGender` varchar(255) COLLATE utf8_unicode_ci DEFAULT '',
  `personOwnerBirthPlace` varchar(255) COLLATE utf8_unicode_ci DEFAULT '',
  `twitterHandle` varchar(50) COLLATE utf8_unicode_ci DEFAULT '',
  `facebookHandle` varchar(50) COLLATE utf8_unicode_ci DEFAULT '',
  `facebookProfileId` varchar(50) COLLATE utf8_unicode_ci DEFAULT '',
  `facebookAppId` varchar(50) COLLATE utf8_unicode_ci DEFAULT '',
  `linkedInHandle` varchar(50) COLLATE utf8_unicode_ci DEFAULT '',
  `googlePlusHandle` varchar(50) COLLATE utf8_unicode_ci DEFAULT '',
  `youtubeHandle` varchar(50) COLLATE utf8_unicode_ci DEFAULT '',
  `youtubeChannelHandle` varchar(50) COLLATE utf8_unicode_ci DEFAULT '',
  `instagramHandle` varchar(50) COLLATE utf8_unicode_ci DEFAULT '',
  `pinterestHandle` varchar(50) COLLATE utf8_unicode_ci DEFAULT '',
  `githubHandle` varchar(50) COLLATE utf8_unicode_ci DEFAULT '',
  `vimeoHandle` varchar(50) COLLATE utf8_unicode_ci DEFAULT '',
  `wikipediaUrl` varchar(100) COLLATE utf8_unicode_ci DEFAULT '',
  `siteCreatorType` varchar(255) COLLATE utf8_unicode_ci DEFAULT '',
  `siteCreatorSubType` varchar(255) COLLATE utf8_unicode_ci DEFAULT '',
  `siteCreatorSpecificType` varchar(255) COLLATE utf8_unicode_ci DEFAULT '',
  `genericCreatorName` varchar(255) COLLATE utf8_unicode_ci DEFAULT '',
  `genericCreatorAlternateName` varchar(255) COLLATE utf8_unicode_ci DEFAULT '',
  `genericCreatorDescription` varchar(1024) COLLATE utf8_unicode_ci DEFAULT '',
  `genericCreatorUrl` varchar(255) COLLATE utf8_unicode_ci DEFAULT '',
  `genericCreatorTelephone` varchar(255) COLLATE utf8_unicode_ci DEFAULT '',
  `genericCreatorEmail` varchar(255) COLLATE utf8_unicode_ci DEFAULT '',
  `genericCreatorStreetAddress` varchar(255) COLLATE utf8_unicode_ci DEFAULT '',
  `genericCreatorAddressLocality` varchar(255) COLLATE utf8_unicode_ci DEFAULT '',
  `genericCreatorAddressRegion` varchar(255) COLLATE utf8_unicode_ci DEFAULT '',
  `genericCreatorPostalCode` varchar(255) COLLATE utf8_unicode_ci DEFAULT '',
  `genericCreatorAddressCountry` varchar(255) COLLATE utf8_unicode_ci DEFAULT '',
  `genericCreatorGeoLatitude` varchar(255) COLLATE utf8_unicode_ci DEFAULT '',
  `genericCreatorGeoLongitude` varchar(255) COLLATE utf8_unicode_ci DEFAULT '',
  `organizationCreatorDuns` varchar(255) COLLATE utf8_unicode_ci DEFAULT '',
  `organizationCreatorFounder` varchar(255) COLLATE utf8_unicode_ci DEFAULT '',
  `organizationCreatorFoundingDate` varchar(255) COLLATE utf8_unicode_ci DEFAULT '',
  `organizationCreatorFoundingLocation` varchar(255) COLLATE utf8_unicode_ci DEFAULT '',
  `organizationCreatorContactPoints` text COLLATE utf8_unicode_ci,
  `localBusinessCreatorOpeningHours` text COLLATE utf8_unicode_ci,
  `corporationCreatorTickerSymbol` varchar(255) COLLATE utf8_unicode_ci DEFAULT '',
  `restaurantCreatorServesCuisine` varchar(255) COLLATE utf8_unicode_ci DEFAULT '',
  `restaurantCreatorMenuUrl` varchar(255) COLLATE utf8_unicode_ci DEFAULT '',
  `restaurantCreatorReservationsUrl` varchar(255) COLLATE utf8_unicode_ci DEFAULT '',
  `personCreatorGender` varchar(255) COLLATE utf8_unicode_ci DEFAULT '',
  `personCreatorBirthPlace` varchar(255) COLLATE utf8_unicode_ci DEFAULT '',
  `genericCreatorHumansTxt` text COLLATE utf8_unicode_ci,
  `dateCreated` datetime NOT NULL,
  `dateUpdated` datetime NOT NULL,
  `uid` char(36) COLLATE utf8_unicode_ci NOT NULL DEFAULT '0',
  PRIMARY KEY (`id`),
  KEY `craft_seomatic_settings_siteSeoImageId_fk` (`siteSeoImageId`),
  KEY `craft_seomatic_settings_siteSeoTwitterImageId_fk` (`siteSeoTwitterImageId`),
  KEY `craft_seomatic_settings_siteSeoFacebookImageId_fk` (`siteSeoFacebookImageId`),
  KEY `craft_seomatic_settings_genericOwnerImageId_fk` (`genericOwnerImageId`),
  KEY `craft_seomatic_settings_genericCreatorImageId_fk` (`genericCreatorImageId`)
) ENGINE=InnoDB AUTO_INCREMENT=2 DEFAULT CHARSET=utf8 COLLATE=utf8_unicode_ci;

--
-- Data for table `craft_seomatic_settings`
--

INSERT INTO `craft_seomatic_settings` (`id`, `siteSeoImageId`, `siteSeoTwitterImageId`, `siteSeoFacebookImageId`, `genericOwnerImageId`, `genericCreatorImageId`, `locale`, `siteSeoName`, `siteSeoTitle`, `siteSeoTitleSeparator`, `siteSeoTitlePlacement`, `siteSeoDescription`, `siteSeoKeywords`, `siteSeoImageTransform`, `siteSeoFacebookImageTransform`, `siteSeoTwitterImageTransform`, `siteTwitterCardType`, `siteOpenGraphType`, `siteRobots`, `siteRobotsTxt`, `siteLinksSearchTargets`, `siteLinksQueryInput`, `googleSiteVerification`, `bingSiteVerification`, `googleAnalyticsUID`, `googleTagManagerID`, `googleAnalyticsSendPageview`, `googleAnalyticsAdvertising`, `googleAnalyticsEcommerce`, `googleAnalyticsEEcommerce`, `googleAnalyticsLinkAttribution`, `googleAnalyticsLinker`, `googleAnalyticsAnonymizeIp`, `siteOwnerType`, `siteOwnerSubType`, `siteOwnerSpecificType`, `genericOwnerName`, `genericOwnerAlternateName`, `genericOwnerDescription`, `genericOwnerUrl`, `genericOwnerTelephone`, `genericOwnerEmail`, `genericOwnerStreetAddress`, `genericOwnerAddressLocality`, `genericOwnerAddressRegion`, `genericOwnerPostalCode`, `genericOwnerAddressCountry`, `genericOwnerGeoLatitude`, `genericOwnerGeoLongitude`, `organizationOwnerDuns`, `organizationOwnerFounder`, `organizationOwnerFoundingDate`, `organizationOwnerFoundingLocation`, `organizationOwnerContactPoints`, `localBusinessPriceRange`, `localBusinessOwnerOpeningHours`, `corporationOwnerTickerSymbol`, `restaurantOwnerServesCuisine`, `restaurantOwnerMenuUrl`, `restaurantOwnerReservationsUrl`, `personOwnerGender`, `personOwnerBirthPlace`, `twitterHandle`, `facebookHandle`, `facebookProfileId`, `facebookAppId`, `linkedInHandle`, `googlePlusHandle`, `youtubeHandle`, `youtubeChannelHandle`, `instagramHandle`, `pinterestHandle`, `githubHandle`, `vimeoHandle`, `wikipediaUrl`, `siteCreatorType`, `siteCreatorSubType`, `siteCreatorSpecificType`, `genericCreatorName`, `genericCreatorAlternateName`, `genericCreatorDescription`, `genericCreatorUrl`, `genericCreatorTelephone`, `genericCreatorEmail`, `genericCreatorStreetAddress`, `genericCreatorAddressLocality`, `genericCreatorAddressRegion`, `genericCreatorPostalCode`, `genericCreatorAddressCountry`, `genericCreatorGeoLatitude`, `genericCreatorGeoLongitude`, `organizationCreatorDuns`, `organizationCreatorFounder`, `organizationCreatorFoundingDate`, `organizationCreatorFoundingLocation`, `organizationCreatorContactPoints`, `localBusinessCreatorOpeningHours`, `corporationCreatorTickerSymbol`, `restaurantCreatorServesCuisine`, `restaurantCreatorMenuUrl`, `restaurantCreatorReservationsUrl`, `personCreatorGender`, `personCreatorBirthPlace`, `genericCreatorHumansTxt`, `dateCreated`, `dateUpdated`, `uid`) VALUES
 ('1', NULL, NULL, NULL, NULL, NULL, 'en_us', 'Treno Kent', 'This is the default global title of the site pages.', '|', 'after', 'This is the default global natural language description of the content on the site pages.', 'default,global,comma-separated,keywords', '', '', '', 'summary', 'website', '', '# robots.txt for {{ siteUrl }}\n\nSitemap: {{ siteUrl }}/sitemap.xml\n\n# Don\'t allow web crawlers to index Craft\n\nUser-agent: *\nDisallow: /craft/\n', '', '', '', '', '', '', '1', '0', '0', '0', '0', '0', '0', 'Organization', 'Corporation', '', 'Treno Kent', '', '', 'https://trenokent.com/production/', '', '', '', '', '', '', '', '', '', '', '', '', '', '', '$$$', '', '', '', '', '', '', '', '', '', '', '', '', '', '', '', '', '', '', '', '', 'Organization', 'Corporation', '', '', '', '', '', '', '', '', '', '', '', '', '', '', '', '', '', '', '', '', '', '', '', '', '', '', '/* TEAM */\n\n{% if seomaticCreator.name is defined and seomaticCreator.name %}\nCreator: {{ seomaticCreator.name }}\n{% endif %}\n{% if seomaticCreator.url is defined and seomaticCreator.url %}\nURL: {{ seomaticCreator.url }}\n{% endif %}\n{% if seomaticCreator.description is defined and seomaticCreator.description %}\nDescription: {{ seomaticCreator.description }}\n{% endif %}\n\n/* THANKS */\n\nPixel & Tonic - https://pixelandtonic.com\n\n/* SITE */\n\nStandards: HTML5, CSS3\nComponents: Craft CMS, Yii, PHP, Javascript, SEOmatic', '2017-02-21 17:07:25', '2017-02-21 17:07:25', '77970081-6c1d-4604-bb03-695b31087084');



DROP TABLE IF EXISTS `craft_sessions`;


--
-- Schema for table `craft_sessions`
--
CREATE TABLE `craft_sessions` (
  `id` int(11) NOT NULL AUTO_INCREMENT,
  `userId` int(11) NOT NULL,
  `token` char(100) COLLATE utf8_unicode_ci NOT NULL,
  `dateCreated` datetime NOT NULL,
  `dateUpdated` datetime NOT NULL,
  `uid` char(36) COLLATE utf8_unicode_ci NOT NULL DEFAULT '0',
  PRIMARY KEY (`id`),
  KEY `craft_sessions_uid_idx` (`uid`),
  KEY `craft_sessions_token_idx` (`token`),
  KEY `craft_sessions_dateUpdated_idx` (`dateUpdated`),
  KEY `craft_sessions_userId_fk` (`userId`)
) ENGINE=InnoDB AUTO_INCREMENT=56 DEFAULT CHARSET=utf8 COLLATE=utf8_unicode_ci;

DROP TABLE IF EXISTS `craft_shunnedmessages`;


--
-- Schema for table `craft_shunnedmessages`
--
CREATE TABLE `craft_shunnedmessages` (
  `id` int(11) NOT NULL AUTO_INCREMENT,
  `userId` int(11) NOT NULL,
  `message` varchar(255) COLLATE utf8_unicode_ci NOT NULL,
  `expiryDate` datetime DEFAULT NULL,
  `dateCreated` datetime NOT NULL,
  `dateUpdated` datetime NOT NULL,
  `uid` char(36) COLLATE utf8_unicode_ci NOT NULL DEFAULT '0',
  PRIMARY KEY (`id`),
  UNIQUE KEY `craft_shunnedmessages_userId_message_unq_idx` (`userId`,`message`)
) ENGINE=InnoDB DEFAULT CHARSET=utf8 COLLATE=utf8_unicode_ci;

DROP TABLE IF EXISTS `craft_structureelements`;


--
-- Schema for table `craft_structureelements`
--
CREATE TABLE `craft_structureelements` (
  `id` int(11) NOT NULL AUTO_INCREMENT,
  `structureId` int(11) NOT NULL,
  `elementId` int(11) DEFAULT NULL,
  `root` int(11) unsigned DEFAULT NULL,
  `lft` int(11) unsigned NOT NULL,
  `rgt` int(11) unsigned NOT NULL,
  `level` smallint(6) unsigned NOT NULL,
  `dateCreated` datetime NOT NULL,
  `dateUpdated` datetime NOT NULL,
  `uid` char(36) COLLATE utf8_unicode_ci NOT NULL DEFAULT '0',
  PRIMARY KEY (`id`),
  UNIQUE KEY `craft_structureelements_structureId_elementId_unq_idx` (`structureId`,`elementId`),
  KEY `craft_structureelements_root_idx` (`root`),
  KEY `craft_structureelements_lft_idx` (`lft`),
  KEY `craft_structureelements_rgt_idx` (`rgt`),
  KEY `craft_structureelements_level_idx` (`level`),
  KEY `craft_structureelements_elementId_fk` (`elementId`)
) ENGINE=InnoDB AUTO_INCREMENT=29 DEFAULT CHARSET=utf8 COLLATE=utf8_unicode_ci;

--
-- Data for table `craft_structureelements`
--

INSERT INTO `craft_structureelements` (`id`, `structureId`, `elementId`, `root`, `lft`, `rgt`, `level`, `dateCreated`, `dateUpdated`, `uid`) VALUES
 ('1', '1', NULL, '1', '1', '12', '0', '2017-01-24 15:31:16', '2017-01-24 15:31:16', 'f3e53aa2-be2d-4708-a639-df79b63516de'),
 ('2', '1', '5', '1', '2', '3', '1', '2017-01-24 15:31:16', '2017-01-24 15:31:16', '2826df35-f6f7-4137-8d4c-af2c80a4fb78'),
 ('3', '2', NULL, '3', '1', '4', '0', '2017-01-31 16:39:46', '2017-01-31 16:39:46', 'edc9fdce-47b1-4815-87a2-9f09717d7735'),
 ('6', '2', '23', '3', '2', '3', '1', '2017-01-31 17:04:30', '2017-01-31 17:04:30', 'b1255a17-6de1-4896-b660-fed4fde211f1'),
 ('7', '1', '25', '1', '4', '5', '1', '2017-01-31 17:05:44', '2017-01-31 17:05:44', 'f8fe67c8-61bf-47b3-a8df-06b06ade8547'),
 ('8', '3', NULL, '8', '1', '12', '0', '2017-02-02 17:37:04', '2017-02-02 17:37:04', 'aa3c1146-b7c0-4948-b3cb-658e0ba72abe'),
 ('9', '3', '28', '8', '4', '5', '1', '2017-02-02 17:37:04', '2017-02-02 17:37:04', '5a24d8ab-e44a-43c4-81ea-79cd99c27af6'),
 ('10', '3', '29', '8', '6', '7', '1', '2017-02-02 17:37:07', '2017-02-02 17:37:07', '92270886-696a-4392-bc94-d9d86d6648a7'),
 ('11', '4', NULL, '11', '1', '8', '0', '2017-02-02 17:37:14', '2017-02-02 17:37:14', '2f77bd2e-7d6a-4dc8-8dda-2d728433ef91'),
 ('12', '4', '30', '11', '2', '3', '1', '2017-02-02 17:37:14', '2017-02-02 17:37:14', '077e9f28-4942-42f4-b947-4ae76cbd52ce'),
 ('13', '4', '31', '11', '4', '5', '1', '2017-02-02 17:37:18', '2017-02-02 17:37:18', 'ce47ec8e-c1fc-4a56-aa6f-d77d2b5ccf7a'),
 ('14', '4', '32', '11', '6', '7', '1', '2017-02-02 17:37:20', '2017-02-02 17:37:20', '88347ce4-1aa2-4dc5-9d65-f4f739611be6'),
 ('15', '5', NULL, '15', '1', '16', '0', '2017-02-09 17:10:08', '2017-02-09 17:10:08', '48664810-6e02-4a13-9fb4-8659c501fae0'),
 ('16', '5', '40', '15', '2', '3', '1', '2017-02-09 17:10:08', '2017-02-09 17:10:08', '74ed9067-429e-4758-95e5-96824f97021e'),
 ('17', '5', '41', '15', '4', '5', '1', '2017-02-09 17:10:12', '2017-02-09 17:10:12', 'bff05d80-76c8-427d-ab2e-d9d43d954ae6'),
 ('18', '5', '42', '15', '6', '7', '1', '2017-02-09 17:10:15', '2017-02-09 17:10:15', 'e5dbda9d-01f6-4da3-a6cc-22fcb0f3cc16'),
 ('19', '5', '43', '15', '8', '9', '1', '2017-02-09 17:10:19', '2017-02-09 17:10:19', '76171de0-fa44-47a7-9541-1102512be61b'),
 ('20', '5', '44', '15', '10', '11', '1', '2017-02-09 17:10:24', '2017-02-09 17:10:24', 'a277031a-d606-4707-9909-20396edc1fd8'),
 ('21', '5', '45', '15', '12', '13', '1', '2017-02-09 17:10:29', '2017-02-09 17:10:29', '9dee2d9f-924b-47fa-9b9c-f9f6ac30039f'),
 ('22', '5', '46', '15', '14', '15', '1', '2017-02-09 17:10:34', '2017-02-09 17:10:34', 'e33d665b-9083-4d94-b044-f8b368f8a0fa'),
 ('23', '3', '63', '8', '2', '3', '1', '2017-02-24 15:52:03', '2017-02-24 15:52:03', '3af4693b-b4f3-4349-82d9-0293ed8f55e6'),
 ('24', '3', '80', '8', '10', '11', '1', '2017-04-20 13:22:43', '2017-04-20 13:22:43', 'a7f3615d-de7f-41fc-9543-fc23a4068f5f'),
 ('25', '3', '81', '8', '8', '9', '1', '2017-04-20 13:22:48', '2017-04-20 13:22:48', '99b5a4a7-8979-41a7-b55c-f75f3d7cee69'),
 ('26', '1', '84', '1', '6', '7', '1', '2017-04-20 13:23:56', '2017-04-20 13:23:56', '4366cd63-e7aa-42d6-9903-2df8df83fc22'),
 ('27', '1', '85', '1', '8', '9', '1', '2017-04-20 13:24:05', '2017-04-20 13:24:05', 'babaecf2-21ba-466b-9478-ef5a75008b28'),
 ('28', '1', '86', '1', '10', '11', '1', '2017-04-20 13:24:23', '2017-04-20 13:24:23', '03ec9fd5-b93a-45b0-ae8d-608053a5765a');



DROP TABLE IF EXISTS `craft_structures`;


--
-- Schema for table `craft_structures`
--
CREATE TABLE `craft_structures` (
  `id` int(11) NOT NULL AUTO_INCREMENT,
  `maxLevels` smallint(6) unsigned DEFAULT NULL,
  `dateCreated` datetime NOT NULL,
  `dateUpdated` datetime NOT NULL,
  `uid` char(36) COLLATE utf8_unicode_ci NOT NULL DEFAULT '0',
  PRIMARY KEY (`id`)
) ENGINE=InnoDB AUTO_INCREMENT=6 DEFAULT CHARSET=utf8 COLLATE=utf8_unicode_ci;

--
-- Data for table `craft_structures`
--

INSERT INTO `craft_structures` (`id`, `maxLevels`, `dateCreated`, `dateUpdated`, `uid`) VALUES
 ('1', NULL, '2017-01-24 15:30:57', '2017-01-31 16:08:26', 'e85942b1-dc9f-4cbd-abc7-68d0be194d92'),
 ('2', NULL, '2017-01-31 16:39:09', '2017-01-31 16:39:09', 'ba31c865-9915-4df9-809d-b1923c275e1c'),
 ('3', NULL, '2017-02-02 17:36:43', '2017-03-06 15:32:33', '00c712b9-7142-484c-b430-2ce68829756b'),
 ('4', NULL, '2017-02-02 17:36:56', '2017-02-02 17:36:56', '4c344931-ecc1-48f6-9705-7783e9c9350d'),
 ('5', NULL, '2017-02-09 17:09:58', '2017-02-09 17:10:03', '44960b45-65d2-4b02-b046-540910b8ef90');



DROP TABLE IF EXISTS `craft_systemsettings`;


--
-- Schema for table `craft_systemsettings`
--
CREATE TABLE `craft_systemsettings` (
  `id` int(11) NOT NULL AUTO_INCREMENT,
  `category` varchar(15) COLLATE utf8_unicode_ci NOT NULL,
  `settings` text COLLATE utf8_unicode_ci,
  `dateCreated` datetime NOT NULL,
  `dateUpdated` datetime NOT NULL,
  `uid` char(36) COLLATE utf8_unicode_ci NOT NULL DEFAULT '0',
  PRIMARY KEY (`id`),
  UNIQUE KEY `craft_systemsettings_category_unq_idx` (`category`)
) ENGINE=InnoDB AUTO_INCREMENT=2 DEFAULT CHARSET=utf8 COLLATE=utf8_unicode_ci;

--
-- Data for table `craft_systemsettings`
--

INSERT INTO `craft_systemsettings` (`id`, `category`, `settings`, `dateCreated`, `dateUpdated`, `uid`) VALUES
 ('1', 'email', '{\"protocol\":\"php\",\"emailAddress\":\"challahan@ideabasekent.com\",\"senderName\":\"Treno Kent\"}', '2017-01-24 03:51:11', '2017-01-24 03:51:11', '73850939-6c21-4ea5-8a8b-653dbd38a6fb');



DROP TABLE IF EXISTS `craft_taggroups`;


--
-- Schema for table `craft_taggroups`
--
CREATE TABLE `craft_taggroups` (
  `id` int(11) NOT NULL AUTO_INCREMENT,
  `name` varchar(255) COLLATE utf8_unicode_ci NOT NULL,
  `handle` varchar(255) COLLATE utf8_unicode_ci NOT NULL,
  `fieldLayoutId` int(10) DEFAULT NULL,
  `dateCreated` datetime NOT NULL,
  `dateUpdated` datetime NOT NULL,
  `uid` char(36) COLLATE utf8_unicode_ci NOT NULL DEFAULT '0',
  PRIMARY KEY (`id`),
  UNIQUE KEY `craft_taggroups_name_unq_idx` (`name`),
  UNIQUE KEY `craft_taggroups_handle_unq_idx` (`handle`),
  KEY `craft_taggroups_fieldLayoutId_fk` (`fieldLayoutId`)
) ENGINE=InnoDB AUTO_INCREMENT=2 DEFAULT CHARSET=utf8 COLLATE=utf8_unicode_ci;

--
-- Data for table `craft_taggroups`
--

INSERT INTO `craft_taggroups` (`id`, `name`, `handle`, `fieldLayoutId`, `dateCreated`, `dateUpdated`, `uid`) VALUES
 ('1', 'Default', 'default', '1', '2017-01-24 03:51:11', '2017-01-24 03:51:11', '996dc25e-c2fc-4364-b2c2-6b010ed02d64');



DROP TABLE IF EXISTS `craft_tags`;


--
-- Schema for table `craft_tags`
--
CREATE TABLE `craft_tags` (
  `id` int(11) NOT NULL,
  `groupId` int(11) NOT NULL,
  `dateCreated` datetime NOT NULL,
  `dateUpdated` datetime NOT NULL,
  `uid` char(36) COLLATE utf8_unicode_ci NOT NULL DEFAULT '0',
  PRIMARY KEY (`id`),
  KEY `craft_tags_groupId_fk` (`groupId`)
) ENGINE=InnoDB DEFAULT CHARSET=utf8 COLLATE=utf8_unicode_ci;

DROP TABLE IF EXISTS `craft_tasks`;


--
-- Schema for table `craft_tasks`
--
CREATE TABLE `craft_tasks` (
  `id` int(11) NOT NULL AUTO_INCREMENT,
  `root` int(11) unsigned DEFAULT NULL,
  `lft` int(11) unsigned NOT NULL,
  `rgt` int(11) unsigned NOT NULL,
  `level` smallint(6) unsigned NOT NULL,
  `currentStep` int(11) unsigned DEFAULT NULL,
  `totalSteps` int(11) unsigned DEFAULT NULL,
  `status` enum('pending','error','running') COLLATE utf8_unicode_ci DEFAULT NULL,
  `type` varchar(150) COLLATE utf8_unicode_ci NOT NULL,
  `description` varchar(255) COLLATE utf8_unicode_ci DEFAULT NULL,
  `settings` mediumtext COLLATE utf8_unicode_ci,
  `dateCreated` datetime NOT NULL,
  `dateUpdated` datetime NOT NULL,
  `uid` char(36) COLLATE utf8_unicode_ci NOT NULL DEFAULT '0',
  PRIMARY KEY (`id`),
  KEY `craft_tasks_root_idx` (`root`),
  KEY `craft_tasks_lft_idx` (`lft`),
  KEY `craft_tasks_rgt_idx` (`rgt`),
  KEY `craft_tasks_level_idx` (`level`)
) ENGINE=InnoDB AUTO_INCREMENT=98 DEFAULT CHARSET=utf8 COLLATE=utf8_unicode_ci;

DROP TABLE IF EXISTS `craft_templatecachecriteria`;


--
-- Schema for table `craft_templatecachecriteria`
--
CREATE TABLE `craft_templatecachecriteria` (
  `id` int(11) NOT NULL AUTO_INCREMENT,
  `cacheId` int(11) NOT NULL,
  `type` varchar(150) COLLATE utf8_unicode_ci NOT NULL,
  `criteria` text COLLATE utf8_unicode_ci NOT NULL,
  PRIMARY KEY (`id`),
  KEY `craft_templatecachecriteria_cacheId_fk` (`cacheId`),
  KEY `craft_templatecachecriteria_type_idx` (`type`)
) ENGINE=InnoDB DEFAULT CHARSET=utf8 COLLATE=utf8_unicode_ci;

DROP TABLE IF EXISTS `craft_templatecacheelements`;


--
-- Schema for table `craft_templatecacheelements`
--
CREATE TABLE `craft_templatecacheelements` (
  `cacheId` int(11) NOT NULL,
  `elementId` int(11) NOT NULL,
  KEY `craft_templatecacheelements_cacheId_fk` (`cacheId`),
  KEY `craft_templatecacheelements_elementId_fk` (`elementId`)
) ENGINE=InnoDB DEFAULT CHARSET=utf8 COLLATE=utf8_unicode_ci;

DROP TABLE IF EXISTS `craft_templatecaches`;


--
-- Schema for table `craft_templatecaches`
--
CREATE TABLE `craft_templatecaches` (
  `id` int(11) NOT NULL AUTO_INCREMENT,
  `cacheKey` varchar(255) COLLATE utf8_unicode_ci NOT NULL,
  `locale` char(12) COLLATE utf8_unicode_ci NOT NULL,
  `path` varchar(255) COLLATE utf8_unicode_ci DEFAULT NULL,
  `expiryDate` datetime NOT NULL,
  `body` mediumtext COLLATE utf8_unicode_ci NOT NULL,
  PRIMARY KEY (`id`),
  KEY `craft_templatecaches_expiryDate_cacheKey_locale_path_idx` (`expiryDate`,`cacheKey`,`locale`,`path`),
  KEY `craft_templatecaches_locale_fk` (`locale`)
) ENGINE=InnoDB DEFAULT CHARSET=utf8 COLLATE=utf8_unicode_ci;

DROP TABLE IF EXISTS `craft_tokens`;


--
-- Schema for table `craft_tokens`
--
CREATE TABLE `craft_tokens` (
  `id` int(11) NOT NULL AUTO_INCREMENT,
  `token` char(32) COLLATE utf8_unicode_ci NOT NULL,
  `route` text COLLATE utf8_unicode_ci,
  `usageLimit` tinyint(3) unsigned DEFAULT NULL,
  `usageCount` tinyint(3) unsigned DEFAULT NULL,
  `expiryDate` datetime NOT NULL,
  `dateCreated` datetime NOT NULL,
  `dateUpdated` datetime NOT NULL,
  `uid` char(36) COLLATE utf8_unicode_ci NOT NULL DEFAULT '0',
  PRIMARY KEY (`id`),
  UNIQUE KEY `craft_tokens_token_unq_idx` (`token`),
  KEY `craft_tokens_expiryDate_idx` (`expiryDate`)
) ENGINE=InnoDB DEFAULT CHARSET=utf8 COLLATE=utf8_unicode_ci;

DROP TABLE IF EXISTS `craft_usergroups`;


--
-- Schema for table `craft_usergroups`
--
CREATE TABLE `craft_usergroups` (
  `id` int(11) NOT NULL AUTO_INCREMENT,
  `name` varchar(255) COLLATE utf8_unicode_ci NOT NULL,
  `handle` varchar(255) COLLATE utf8_unicode_ci NOT NULL,
  `dateCreated` datetime NOT NULL,
  `dateUpdated` datetime NOT NULL,
  `uid` char(36) COLLATE utf8_unicode_ci NOT NULL DEFAULT '0',
  PRIMARY KEY (`id`),
  UNIQUE KEY `craft_usergroups_name_unq_idx` (`name`),
  UNIQUE KEY `craft_usergroups_handle_unq_idx` (`handle`)
) ENGINE=InnoDB DEFAULT CHARSET=utf8 COLLATE=utf8_unicode_ci;

DROP TABLE IF EXISTS `craft_usergroups_users`;


--
-- Schema for table `craft_usergroups_users`
--
CREATE TABLE `craft_usergroups_users` (
  `id` int(11) NOT NULL AUTO_INCREMENT,
  `groupId` int(11) NOT NULL,
  `userId` int(11) NOT NULL,
  `dateCreated` datetime NOT NULL,
  `dateUpdated` datetime NOT NULL,
  `uid` char(36) COLLATE utf8_unicode_ci NOT NULL DEFAULT '0',
  PRIMARY KEY (`id`),
  UNIQUE KEY `craft_usergroups_users_groupId_userId_unq_idx` (`groupId`,`userId`),
  KEY `craft_usergroups_users_userId_fk` (`userId`)
) ENGINE=InnoDB DEFAULT CHARSET=utf8 COLLATE=utf8_unicode_ci;

DROP TABLE IF EXISTS `craft_userpermissions`;


--
-- Schema for table `craft_userpermissions`
--
CREATE TABLE `craft_userpermissions` (
  `id` int(11) NOT NULL AUTO_INCREMENT,
  `name` varchar(255) COLLATE utf8_unicode_ci NOT NULL,
  `dateCreated` datetime NOT NULL,
  `dateUpdated` datetime NOT NULL,
  `uid` char(36) COLLATE utf8_unicode_ci NOT NULL DEFAULT '0',
  PRIMARY KEY (`id`),
  UNIQUE KEY `craft_userpermissions_name_unq_idx` (`name`)
) ENGINE=InnoDB DEFAULT CHARSET=utf8 COLLATE=utf8_unicode_ci;

DROP TABLE IF EXISTS `craft_userpermissions_usergroups`;


--
-- Schema for table `craft_userpermissions_usergroups`
--
CREATE TABLE `craft_userpermissions_usergroups` (
  `id` int(11) NOT NULL AUTO_INCREMENT,
  `permissionId` int(11) NOT NULL,
  `groupId` int(11) NOT NULL,
  `dateCreated` datetime NOT NULL,
  `dateUpdated` datetime NOT NULL,
  `uid` char(36) COLLATE utf8_unicode_ci NOT NULL DEFAULT '0',
  PRIMARY KEY (`id`),
  UNIQUE KEY `craft_userpermissions_usergroups_permissionId_groupId_unq_idx` (`permissionId`,`groupId`),
  KEY `craft_userpermissions_usergroups_groupId_fk` (`groupId`)
) ENGINE=InnoDB DEFAULT CHARSET=utf8 COLLATE=utf8_unicode_ci;

DROP TABLE IF EXISTS `craft_userpermissions_users`;


--
-- Schema for table `craft_userpermissions_users`
--
CREATE TABLE `craft_userpermissions_users` (
  `id` int(11) NOT NULL AUTO_INCREMENT,
  `permissionId` int(11) NOT NULL,
  `userId` int(11) NOT NULL,
  `dateCreated` datetime NOT NULL,
  `dateUpdated` datetime NOT NULL,
  `uid` char(36) COLLATE utf8_unicode_ci NOT NULL DEFAULT '0',
  PRIMARY KEY (`id`),
  UNIQUE KEY `craft_userpermissions_users_permissionId_userId_unq_idx` (`permissionId`,`userId`),
  KEY `craft_userpermissions_users_userId_fk` (`userId`)
) ENGINE=InnoDB DEFAULT CHARSET=utf8 COLLATE=utf8_unicode_ci;

DROP TABLE IF EXISTS `craft_users`;


--
-- Schema for table `craft_users`
--
CREATE TABLE `craft_users` (
  `id` int(11) NOT NULL,
  `username` varchar(100) COLLATE utf8_unicode_ci NOT NULL,
  `photo` varchar(100) COLLATE utf8_unicode_ci DEFAULT NULL,
  `firstName` varchar(100) COLLATE utf8_unicode_ci DEFAULT NULL,
  `lastName` varchar(100) COLLATE utf8_unicode_ci DEFAULT NULL,
  `email` varchar(255) COLLATE utf8_unicode_ci NOT NULL,
  `password` char(255) COLLATE utf8_unicode_ci DEFAULT NULL,
  `preferredLocale` char(12) COLLATE utf8_unicode_ci DEFAULT NULL,
  `weekStartDay` tinyint(1) unsigned NOT NULL DEFAULT '0',
  `admin` tinyint(1) unsigned NOT NULL DEFAULT '0',
  `client` tinyint(1) unsigned NOT NULL DEFAULT '0',
  `locked` tinyint(1) unsigned NOT NULL DEFAULT '0',
  `suspended` tinyint(1) unsigned NOT NULL DEFAULT '0',
  `pending` tinyint(1) unsigned NOT NULL DEFAULT '0',
  `archived` tinyint(1) unsigned NOT NULL DEFAULT '0',
  `lastLoginDate` datetime DEFAULT NULL,
  `lastLoginAttemptIPAddress` varchar(45) COLLATE utf8_unicode_ci DEFAULT NULL,
  `invalidLoginWindowStart` datetime DEFAULT NULL,
  `invalidLoginCount` tinyint(4) unsigned DEFAULT NULL,
  `lastInvalidLoginDate` datetime DEFAULT NULL,
  `lockoutDate` datetime DEFAULT NULL,
  `verificationCode` char(100) COLLATE utf8_unicode_ci DEFAULT NULL,
  `verificationCodeIssuedDate` datetime DEFAULT NULL,
  `unverifiedEmail` varchar(255) COLLATE utf8_unicode_ci DEFAULT NULL,
  `passwordResetRequired` tinyint(1) unsigned NOT NULL DEFAULT '0',
  `lastPasswordChangeDate` datetime DEFAULT NULL,
  `dateCreated` datetime NOT NULL,
  `dateUpdated` datetime NOT NULL,
  `uid` char(36) COLLATE utf8_unicode_ci NOT NULL DEFAULT '0',
  PRIMARY KEY (`id`),
  UNIQUE KEY `craft_users_username_unq_idx` (`username`),
  UNIQUE KEY `craft_users_email_unq_idx` (`email`),
  KEY `craft_users_verificationCode_idx` (`verificationCode`),
  KEY `craft_users_uid_idx` (`uid`),
  KEY `craft_users_preferredLocale_fk` (`preferredLocale`)
) ENGINE=InnoDB DEFAULT CHARSET=utf8 COLLATE=utf8_unicode_ci;

--
-- Data for table `craft_users`
--

INSERT INTO `craft_users` (`id`, `username`, `photo`, `firstName`, `lastName`, `email`, `password`, `preferredLocale`, `weekStartDay`, `admin`, `client`, `locked`, `suspended`, `pending`, `archived`, `lastLoginDate`, `lastLoginAttemptIPAddress`, `invalidLoginWindowStart`, `invalidLoginCount`, `lastInvalidLoginDate`, `lockoutDate`, `verificationCode`, `verificationCodeIssuedDate`, `unverifiedEmail`, `passwordResetRequired`, `lastPasswordChangeDate`, `dateCreated`, `dateUpdated`, `uid`) VALUES
 ('1', 'ideabase', NULL, 'IdeaBase', '', 'challahan@ideabasekent.com', '$2y$13$AJd/byln.bKkblfR6AdfFe0cDjCfOZIkz9WVV1G7wGDKK5IEAnbWK', NULL, '0', '1', '0', '0', '0', '0', '0', '2017-05-30 16:26:04', '::1', NULL, NULL, '2017-02-03 14:45:34', NULL, NULL, NULL, NULL, '0', '2017-01-24 03:51:10', '2017-01-24 03:51:10', '2017-05-30 16:26:04', '83f7a759-097e-4a11-baab-91b00c8a5817');



DROP TABLE IF EXISTS `craft_widgets`;


--
-- Schema for table `craft_widgets`
--
CREATE TABLE `craft_widgets` (
  `id` int(11) NOT NULL AUTO_INCREMENT,
  `userId` int(11) NOT NULL,
  `type` varchar(150) COLLATE utf8_unicode_ci NOT NULL,
  `sortOrder` smallint(6) unsigned DEFAULT NULL,
  `colspan` tinyint(4) unsigned DEFAULT NULL,
  `settings` text COLLATE utf8_unicode_ci,
  `enabled` tinyint(1) unsigned NOT NULL DEFAULT '1',
  `dateCreated` datetime NOT NULL,
  `dateUpdated` datetime NOT NULL,
  `uid` char(36) COLLATE utf8_unicode_ci NOT NULL DEFAULT '0',
  PRIMARY KEY (`id`),
  KEY `craft_widgets_userId_fk` (`userId`)
) ENGINE=InnoDB AUTO_INCREMENT=5 DEFAULT CHARSET=utf8 COLLATE=utf8_unicode_ci;

--
-- Data for table `craft_widgets`
--

INSERT INTO `craft_widgets` (`id`, `userId`, `type`, `sortOrder`, `colspan`, `settings`, `enabled`, `dateCreated`, `dateUpdated`, `uid`) VALUES
 ('1', '1', 'RecentEntries', '1', NULL, NULL, '1', '2017-01-24 03:51:14', '2017-01-24 03:51:14', '6ae64f49-f629-4eb5-a846-a757b3f0dde2'),
 ('2', '1', 'GetHelp', '2', NULL, NULL, '1', '2017-01-24 03:51:14', '2017-01-24 03:51:14', '0ca95c34-02af-4ab6-b3b8-03ab3daeb469'),
 ('3', '1', 'Updates', '3', NULL, NULL, '1', '2017-01-24 03:51:14', '2017-01-24 03:51:14', '8a55f3b2-5720-4a94-8123-e78163078dfa'),
 ('4', '1', 'Feed', '4', NULL, '{\"url\":\"https:\\/\\/craftcms.com\\/news.rss\",\"title\":\"Craft News\"}', '1', '2017-01-24 03:51:14', '2017-01-24 03:51:14', '94131d1c-ae04-44be-9110-ec0c667d8f64');


--
-- Constraints for tables
--


--
-- Constraints for table `craft_assetfiles`
--
ALTER TABLE `craft_assetfiles`
	ADD CONSTRAINT `craft_assetfiles_folderId_fk` FOREIGN KEY (`folderId`) REFERENCES `craft_assetfolders` (`id`) ON DELETE CASCADE,
	ADD CONSTRAINT `craft_assetfiles_id_fk` FOREIGN KEY (`id`) REFERENCES `craft_elements` (`id`) ON DELETE CASCADE,
	ADD CONSTRAINT `craft_assetfiles_sourceId_fk` FOREIGN KEY (`sourceId`) REFERENCES `craft_assetsources` (`id`) ON DELETE CASCADE;

--
-- Constraints for table `craft_assetfolders`
--
ALTER TABLE `craft_assetfolders`
	ADD CONSTRAINT `craft_assetfolders_parentId_fk` FOREIGN KEY (`parentId`) REFERENCES `craft_assetfolders` (`id`) ON DELETE CASCADE,
	ADD CONSTRAINT `craft_assetfolders_sourceId_fk` FOREIGN KEY (`sourceId`) REFERENCES `craft_assetsources` (`id`) ON DELETE CASCADE;

--
-- Constraints for table `craft_assetindexdata`
--
ALTER TABLE `craft_assetindexdata`
	ADD CONSTRAINT `craft_assetindexdata_sourceId_fk` FOREIGN KEY (`sourceId`) REFERENCES `craft_assetsources` (`id`) ON DELETE CASCADE;

--
-- Constraints for table `craft_assetsources`
--
ALTER TABLE `craft_assetsources`
	ADD CONSTRAINT `craft_assetsources_fieldLayoutId_fk` FOREIGN KEY (`fieldLayoutId`) REFERENCES `craft_fieldlayouts` (`id`) ON DELETE SET NULL;

--
-- Constraints for table `craft_categories`
--
ALTER TABLE `craft_categories`
	ADD CONSTRAINT `craft_categories_groupId_fk` FOREIGN KEY (`groupId`) REFERENCES `craft_categorygroups` (`id`) ON DELETE CASCADE,
	ADD CONSTRAINT `craft_categories_id_fk` FOREIGN KEY (`id`) REFERENCES `craft_elements` (`id`) ON DELETE CASCADE;

--
-- Constraints for table `craft_categorygroups`
--
ALTER TABLE `craft_categorygroups`
	ADD CONSTRAINT `craft_categorygroups_fieldLayoutId_fk` FOREIGN KEY (`fieldLayoutId`) REFERENCES `craft_fieldlayouts` (`id`) ON DELETE SET NULL,
	ADD CONSTRAINT `craft_categorygroups_structureId_fk` FOREIGN KEY (`structureId`) REFERENCES `craft_structures` (`id`) ON DELETE CASCADE;

--
-- Constraints for table `craft_categorygroups_i18n`
--
ALTER TABLE `craft_categorygroups_i18n`
	ADD CONSTRAINT `craft_categorygroups_i18n_groupId_fk` FOREIGN KEY (`groupId`) REFERENCES `craft_categorygroups` (`id`) ON DELETE CASCADE,
	ADD CONSTRAINT `craft_categorygroups_i18n_locale_fk` FOREIGN KEY (`locale`) REFERENCES `craft_locales` (`locale`) ON DELETE CASCADE ON UPDATE CASCADE;

--
-- Constraints for table `craft_content`
--
ALTER TABLE `craft_content`
	ADD CONSTRAINT `craft_content_elementId_fk` FOREIGN KEY (`elementId`) REFERENCES `craft_elements` (`id`) ON DELETE CASCADE,
	ADD CONSTRAINT `craft_content_locale_fk` FOREIGN KEY (`locale`) REFERENCES `craft_locales` (`locale`) ON DELETE CASCADE ON UPDATE CASCADE;

--
-- Constraints for table `craft_elements_i18n`
--
ALTER TABLE `craft_elements_i18n`
	ADD CONSTRAINT `craft_elements_i18n_elementId_fk` FOREIGN KEY (`elementId`) REFERENCES `craft_elements` (`id`) ON DELETE CASCADE,
	ADD CONSTRAINT `craft_elements_i18n_locale_fk` FOREIGN KEY (`locale`) REFERENCES `craft_locales` (`locale`) ON DELETE CASCADE ON UPDATE CASCADE;

--
-- Constraints for table `craft_emailmessages`
--
ALTER TABLE `craft_emailmessages`
	ADD CONSTRAINT `craft_emailmessages_locale_fk` FOREIGN KEY (`locale`) REFERENCES `craft_locales` (`locale`) ON DELETE CASCADE ON UPDATE CASCADE;

--
-- Constraints for table `craft_entries`
--
ALTER TABLE `craft_entries`
	ADD CONSTRAINT `craft_entries_authorId_fk` FOREIGN KEY (`authorId`) REFERENCES `craft_users` (`id`) ON DELETE CASCADE,
	ADD CONSTRAINT `craft_entries_id_fk` FOREIGN KEY (`id`) REFERENCES `craft_elements` (`id`) ON DELETE CASCADE,
	ADD CONSTRAINT `craft_entries_sectionId_fk` FOREIGN KEY (`sectionId`) REFERENCES `craft_sections` (`id`) ON DELETE CASCADE,
	ADD CONSTRAINT `craft_entries_typeId_fk` FOREIGN KEY (`typeId`) REFERENCES `craft_entrytypes` (`id`) ON DELETE CASCADE;

--
-- Constraints for table `craft_entrydrafts`
--
ALTER TABLE `craft_entrydrafts`
	ADD CONSTRAINT `craft_entrydrafts_creatorId_fk` FOREIGN KEY (`creatorId`) REFERENCES `craft_users` (`id`) ON DELETE CASCADE,
	ADD CONSTRAINT `craft_entrydrafts_entryId_fk` FOREIGN KEY (`entryId`) REFERENCES `craft_entries` (`id`) ON DELETE CASCADE,
	ADD CONSTRAINT `craft_entrydrafts_locale_fk` FOREIGN KEY (`locale`) REFERENCES `craft_locales` (`locale`) ON DELETE CASCADE ON UPDATE CASCADE,
	ADD CONSTRAINT `craft_entrydrafts_sectionId_fk` FOREIGN KEY (`sectionId`) REFERENCES `craft_sections` (`id`) ON DELETE CASCADE;

--
-- Constraints for table `craft_entrytypes`
--
ALTER TABLE `craft_entrytypes`
	ADD CONSTRAINT `craft_entrytypes_fieldLayoutId_fk` FOREIGN KEY (`fieldLayoutId`) REFERENCES `craft_fieldlayouts` (`id`) ON DELETE SET NULL,
	ADD CONSTRAINT `craft_entrytypes_sectionId_fk` FOREIGN KEY (`sectionId`) REFERENCES `craft_sections` (`id`) ON DELETE CASCADE;

--
-- Constraints for table `craft_entryversions`
--
ALTER TABLE `craft_entryversions`
	ADD CONSTRAINT `craft_entryversions_creatorId_fk` FOREIGN KEY (`creatorId`) REFERENCES `craft_users` (`id`) ON DELETE SET NULL,
	ADD CONSTRAINT `craft_entryversions_entryId_fk` FOREIGN KEY (`entryId`) REFERENCES `craft_entries` (`id`) ON DELETE CASCADE,
	ADD CONSTRAINT `craft_entryversions_locale_fk` FOREIGN KEY (`locale`) REFERENCES `craft_locales` (`locale`) ON DELETE CASCADE ON UPDATE CASCADE,
	ADD CONSTRAINT `craft_entryversions_sectionId_fk` FOREIGN KEY (`sectionId`) REFERENCES `craft_sections` (`id`) ON DELETE CASCADE;

--
-- Constraints for table `craft_fieldlayoutfields`
--
ALTER TABLE `craft_fieldlayoutfields`
	ADD CONSTRAINT `craft_fieldlayoutfields_fieldId_fk` FOREIGN KEY (`fieldId`) REFERENCES `craft_fields` (`id`) ON DELETE CASCADE,
	ADD CONSTRAINT `craft_fieldlayoutfields_layoutId_fk` FOREIGN KEY (`layoutId`) REFERENCES `craft_fieldlayouts` (`id`) ON DELETE CASCADE,
	ADD CONSTRAINT `craft_fieldlayoutfields_tabId_fk` FOREIGN KEY (`tabId`) REFERENCES `craft_fieldlayouttabs` (`id`) ON DELETE CASCADE;

--
-- Constraints for table `craft_fieldlayouttabs`
--
ALTER TABLE `craft_fieldlayouttabs`
	ADD CONSTRAINT `craft_fieldlayouttabs_layoutId_fk` FOREIGN KEY (`layoutId`) REFERENCES `craft_fieldlayouts` (`id`) ON DELETE CASCADE;

--
-- Constraints for table `craft_fields`
--
ALTER TABLE `craft_fields`
	ADD CONSTRAINT `craft_fields_groupId_fk` FOREIGN KEY (`groupId`) REFERENCES `craft_fieldgroups` (`id`) ON DELETE CASCADE;

--
-- Constraints for table `craft_globalsets`
--
ALTER TABLE `craft_globalsets`
	ADD CONSTRAINT `craft_globalsets_fieldLayoutId_fk` FOREIGN KEY (`fieldLayoutId`) REFERENCES `craft_fieldlayouts` (`id`) ON DELETE SET NULL,
	ADD CONSTRAINT `craft_globalsets_id_fk` FOREIGN KEY (`id`) REFERENCES `craft_elements` (`id`) ON DELETE CASCADE;

--
-- Constraints for table `craft_matrixblocks`
--
ALTER TABLE `craft_matrixblocks`
	ADD CONSTRAINT `craft_matrixblocks_fieldId_fk` FOREIGN KEY (`fieldId`) REFERENCES `craft_fields` (`id`) ON DELETE CASCADE,
	ADD CONSTRAINT `craft_matrixblocks_id_fk` FOREIGN KEY (`id`) REFERENCES `craft_elements` (`id`) ON DELETE CASCADE,
	ADD CONSTRAINT `craft_matrixblocks_ownerId_fk` FOREIGN KEY (`ownerId`) REFERENCES `craft_elements` (`id`) ON DELETE CASCADE,
	ADD CONSTRAINT `craft_matrixblocks_ownerLocale_fk` FOREIGN KEY (`ownerLocale`) REFERENCES `craft_locales` (`locale`) ON DELETE CASCADE ON UPDATE CASCADE,
	ADD CONSTRAINT `craft_matrixblocks_typeId_fk` FOREIGN KEY (`typeId`) REFERENCES `craft_matrixblocktypes` (`id`) ON DELETE CASCADE;

--
-- Constraints for table `craft_matrixblocktypes`
--
ALTER TABLE `craft_matrixblocktypes`
	ADD CONSTRAINT `craft_matrixblocktypes_fieldId_fk` FOREIGN KEY (`fieldId`) REFERENCES `craft_fields` (`id`) ON DELETE CASCADE,
	ADD CONSTRAINT `craft_matrixblocktypes_fieldLayoutId_fk` FOREIGN KEY (`fieldLayoutId`) REFERENCES `craft_fieldlayouts` (`id`) ON DELETE SET NULL;

--
-- Constraints for table `craft_matrixcontent_contentblocks`
--
ALTER TABLE `craft_matrixcontent_contentblocks`
	ADD CONSTRAINT `craft_matrixcontent_contentblocks_elementId_fk` FOREIGN KEY (`elementId`) REFERENCES `craft_elements` (`id`) ON DELETE CASCADE,
	ADD CONSTRAINT `craft_matrixcontent_contentblocks_locale_fk` FOREIGN KEY (`locale`) REFERENCES `craft_locales` (`locale`) ON DELETE CASCADE ON UPDATE CASCADE;

--
-- Constraints for table `craft_migrations`
--
ALTER TABLE `craft_migrations`
	ADD CONSTRAINT `craft_migrations_pluginId_fk` FOREIGN KEY (`pluginId`) REFERENCES `craft_plugins` (`id`) ON DELETE CASCADE;

--
-- Constraints for table `craft_relations`
--
ALTER TABLE `craft_relations`
	ADD CONSTRAINT `craft_relations_fieldId_fk` FOREIGN KEY (`fieldId`) REFERENCES `craft_fields` (`id`) ON DELETE CASCADE,
	ADD CONSTRAINT `craft_relations_sourceId_fk` FOREIGN KEY (`sourceId`) REFERENCES `craft_elements` (`id`) ON DELETE CASCADE,
	ADD CONSTRAINT `craft_relations_sourceLocale_fk` FOREIGN KEY (`sourceLocale`) REFERENCES `craft_locales` (`locale`) ON DELETE CASCADE ON UPDATE CASCADE,
	ADD CONSTRAINT `craft_relations_targetId_fk` FOREIGN KEY (`targetId`) REFERENCES `craft_elements` (`id`) ON DELETE CASCADE;

--
-- Constraints for table `craft_routes`
--
ALTER TABLE `craft_routes`
	ADD CONSTRAINT `craft_routes_locale_fk` FOREIGN KEY (`locale`) REFERENCES `craft_locales` (`locale`) ON DELETE CASCADE ON UPDATE CASCADE;

--
-- Constraints for table `craft_sections`
--
ALTER TABLE `craft_sections`
	ADD CONSTRAINT `craft_sections_structureId_fk` FOREIGN KEY (`structureId`) REFERENCES `craft_structures` (`id`) ON DELETE SET NULL;

--
-- Constraints for table `craft_sections_i18n`
--
ALTER TABLE `craft_sections_i18n`
	ADD CONSTRAINT `craft_sections_i18n_locale_fk` FOREIGN KEY (`locale`) REFERENCES `craft_locales` (`locale`) ON DELETE CASCADE ON UPDATE CASCADE,
	ADD CONSTRAINT `craft_sections_i18n_sectionId_fk` FOREIGN KEY (`sectionId`) REFERENCES `craft_sections` (`id`) ON DELETE CASCADE;

--
-- Constraints for table `craft_seomatic_meta`
--
ALTER TABLE `craft_seomatic_meta`
	ADD CONSTRAINT `craft_seomatic_meta_id_fk` FOREIGN KEY (`id`) REFERENCES `craft_elements` (`id`) ON DELETE CASCADE,
	ADD CONSTRAINT `craft_seomatic_meta_seoFacebookImageId_fk` FOREIGN KEY (`seoFacebookImageId`) REFERENCES `craft_assetfiles` (`id`) ON DELETE SET NULL,
	ADD CONSTRAINT `craft_seomatic_meta_seoImageId_fk` FOREIGN KEY (`seoImageId`) REFERENCES `craft_assetfiles` (`id`) ON DELETE SET NULL,
	ADD CONSTRAINT `craft_seomatic_meta_seoTwitterImageId_fk` FOREIGN KEY (`seoTwitterImageId`) REFERENCES `craft_assetfiles` (`id`) ON DELETE SET NULL;

--
-- Constraints for table `craft_seomatic_settings`
--
ALTER TABLE `craft_seomatic_settings`
	ADD CONSTRAINT `craft_seomatic_settings_genericCreatorImageId_fk` FOREIGN KEY (`genericCreatorImageId`) REFERENCES `craft_assetfiles` (`id`) ON DELETE SET NULL,
	ADD CONSTRAINT `craft_seomatic_settings_genericOwnerImageId_fk` FOREIGN KEY (`genericOwnerImageId`) REFERENCES `craft_assetfiles` (`id`) ON DELETE SET NULL,
	ADD CONSTRAINT `craft_seomatic_settings_siteSeoFacebookImageId_fk` FOREIGN KEY (`siteSeoFacebookImageId`) REFERENCES `craft_assetfiles` (`id`) ON DELETE SET NULL,
	ADD CONSTRAINT `craft_seomatic_settings_siteSeoImageId_fk` FOREIGN KEY (`siteSeoImageId`) REFERENCES `craft_assetfiles` (`id`) ON DELETE SET NULL,
	ADD CONSTRAINT `craft_seomatic_settings_siteSeoTwitterImageId_fk` FOREIGN KEY (`siteSeoTwitterImageId`) REFERENCES `craft_assetfiles` (`id`) ON DELETE SET NULL;

--
-- Constraints for table `craft_sessions`
--
ALTER TABLE `craft_sessions`
	ADD CONSTRAINT `craft_sessions_userId_fk` FOREIGN KEY (`userId`) REFERENCES `craft_users` (`id`) ON DELETE CASCADE;

--
-- Constraints for table `craft_shunnedmessages`
--
ALTER TABLE `craft_shunnedmessages`
	ADD CONSTRAINT `craft_shunnedmessages_userId_fk` FOREIGN KEY (`userId`) REFERENCES `craft_users` (`id`) ON DELETE CASCADE;

--
-- Constraints for table `craft_structureelements`
--
ALTER TABLE `craft_structureelements`
	ADD CONSTRAINT `craft_structureelements_elementId_fk` FOREIGN KEY (`elementId`) REFERENCES `craft_elements` (`id`) ON DELETE CASCADE,
	ADD CONSTRAINT `craft_structureelements_structureId_fk` FOREIGN KEY (`structureId`) REFERENCES `craft_structures` (`id`) ON DELETE CASCADE;

--
-- Constraints for table `craft_taggroups`
--
ALTER TABLE `craft_taggroups`
	ADD CONSTRAINT `craft_taggroups_fieldLayoutId_fk` FOREIGN KEY (`fieldLayoutId`) REFERENCES `craft_fieldlayouts` (`id`) ON DELETE SET NULL;

--
-- Constraints for table `craft_tags`
--
ALTER TABLE `craft_tags`
	ADD CONSTRAINT `craft_tags_groupId_fk` FOREIGN KEY (`groupId`) REFERENCES `craft_taggroups` (`id`) ON DELETE CASCADE,
	ADD CONSTRAINT `craft_tags_id_fk` FOREIGN KEY (`id`) REFERENCES `craft_elements` (`id`) ON DELETE CASCADE;

--
-- Constraints for table `craft_templatecachecriteria`
--
ALTER TABLE `craft_templatecachecriteria`
	ADD CONSTRAINT `craft_templatecachecriteria_cacheId_fk` FOREIGN KEY (`cacheId`) REFERENCES `craft_templatecaches` (`id`) ON DELETE CASCADE;

--
-- Constraints for table `craft_templatecacheelements`
--
ALTER TABLE `craft_templatecacheelements`
	ADD CONSTRAINT `craft_templatecacheelements_cacheId_fk` FOREIGN KEY (`cacheId`) REFERENCES `craft_templatecaches` (`id`) ON DELETE CASCADE,
	ADD CONSTRAINT `craft_templatecacheelements_elementId_fk` FOREIGN KEY (`elementId`) REFERENCES `craft_elements` (`id`) ON DELETE CASCADE;

--
-- Constraints for table `craft_templatecaches`
--
ALTER TABLE `craft_templatecaches`
	ADD CONSTRAINT `craft_templatecaches_locale_fk` FOREIGN KEY (`locale`) REFERENCES `craft_locales` (`locale`) ON DELETE CASCADE ON UPDATE CASCADE;

--
-- Constraints for table `craft_usergroups_users`
--
ALTER TABLE `craft_usergroups_users`
	ADD CONSTRAINT `craft_usergroups_users_groupId_fk` FOREIGN KEY (`groupId`) REFERENCES `craft_usergroups` (`id`) ON DELETE CASCADE,
	ADD CONSTRAINT `craft_usergroups_users_userId_fk` FOREIGN KEY (`userId`) REFERENCES `craft_users` (`id`) ON DELETE CASCADE;

--
-- Constraints for table `craft_userpermissions_usergroups`
--
ALTER TABLE `craft_userpermissions_usergroups`
	ADD CONSTRAINT `craft_userpermissions_usergroups_groupId_fk` FOREIGN KEY (`groupId`) REFERENCES `craft_usergroups` (`id`) ON DELETE CASCADE,
	ADD CONSTRAINT `craft_userpermissions_usergroups_permissionId_fk` FOREIGN KEY (`permissionId`) REFERENCES `craft_userpermissions` (`id`) ON DELETE CASCADE;

--
-- Constraints for table `craft_userpermissions_users`
--
ALTER TABLE `craft_userpermissions_users`
	ADD CONSTRAINT `craft_userpermissions_users_permissionId_fk` FOREIGN KEY (`permissionId`) REFERENCES `craft_userpermissions` (`id`) ON DELETE CASCADE,
	ADD CONSTRAINT `craft_userpermissions_users_userId_fk` FOREIGN KEY (`userId`) REFERENCES `craft_users` (`id`) ON DELETE CASCADE;

--
-- Constraints for table `craft_users`
--
ALTER TABLE `craft_users`
	ADD CONSTRAINT `craft_users_id_fk` FOREIGN KEY (`id`) REFERENCES `craft_elements` (`id`) ON DELETE CASCADE,
	ADD CONSTRAINT `craft_users_preferredLocale_fk` FOREIGN KEY (`preferredLocale`) REFERENCES `craft_locales` (`locale`) ON DELETE SET NULL ON UPDATE CASCADE;

--
-- Constraints for table `craft_widgets`
--
ALTER TABLE `craft_widgets`
	ADD CONSTRAINT `craft_widgets_userId_fk` FOREIGN KEY (`userId`) REFERENCES `craft_users` (`id`) ON DELETE CASCADE;

SET FOREIGN_KEY_CHECKS = 1;
